Year,Drug Name,Dosage form and strength,Unit,Ceiling Price,SO Number,SO date,WPI
2025,5-amino salicylic Acid (Mesalazine/Mesalamine),Suppository 500 mg,1 Suppository,,,,1.74028%
2025,5-amino salicylic Acid (Mesalazine/Mesalamine),Retention Enema (Foam),1 GM,,,,1.74028%
2025,5-amino salicylic Acid (Mesalazine/Mesalamine),Retention Enema (Liquid),1 ML,,,,1.74028%
2025,5-amino salicylic Acid,Tablet 400 mg,1 Tablet,8.06,1489(E),27-03-2025,1.74028%
2025,5-Fluorouracil,Injection 250 mg/5 ml,1 ML,2.08,1489(E),27-03-2025,1.74028%
2025,6-Mercaptopurine,Tablet 50 mg,1 Tablet,5.35,1489(E),27-03-2025,1.74028%
2025,Abacavir,Tablet 300 mg,1 Tablet,49.44,1489(E),27-03-2025,1.74028%
2025,Abacavir (A) + Lamivudine (B),Tablet 600 mg (A) + 300 mg (B),1 Tablet,73.58,1489(E),27-03-2025,1.74028%
2025,Acetazolamide,Tablet 250 mg,1 Tablet,4.13,1489(E),27-03-2025,1.74028%
2025,Acetazolamide,Capsule 250 mg,1 Capsule,5.14,1489(E),27-03-2025,1.74028%
2025,Acetylsalicylic acid,Enteric coated Tablet 75 mg,1 Tablet,0.36,1489(E),27-03-2025,1.74028%
2025,Acetylsalicylic acid,Conventional/Effervescent/ Dispersible/ Enteric coated Tablets 150 mg,1 Tablet,0.72,1489(E),27-03-2025,1.74028%
2025,Acetylsalicylic acid,Conventional / Effervescent / Dispersible / Enteric coated Tablets 325 mg,1 Tablet,0.68,1489(E),27-03-2025,1.74028%
2025,Actinomycin D,Powder for Injection 0.5 mg,1 Vial,336.79,1489(E),27-03-2025,1.74028%
2025,Acyclovir,Tablet 400 mg,1 Tablet,13.90,1489(E),27-03-2025,1.74028%
2025,Acyclovir,Tablet 200 mg,1 Tablet,7.74,1489(E),27-03-2025,1.74028%
2025,Acyclovir,Powder for Injection 250 mg,1 Vial,433.82,1489(E),27-03-2025,1.74028%
2025,Acyclovir,Powder for Injection 500 mg,1 Vial,537.65,1489(E),27-03-2025,1.74028%
2025,Acyclovir,Tablet 800 mg,1 Tablet,38.32,1489(E),27-03-2025,1.74028%
2025,Acyclovir,Ointment 3%,1 GM,11.87,1489(E),27-03-2025,1.74028%
2025,Acyclovir,Oral liquid 400 mg/5 mL (p),1 ML,1.38,1489(E),27-03-2025,1.74028%
2025,Adenosine,Injection 3 mg/mL,1 ML,94.48,1489(E),27-03-2025,1.74028%
2025,Adrenaline,Injection 1 mg/mL,1 ML,12.44,1489(E),27-03-2025,1.74028%
2025,Albendazole,Oral liquid 200 mg/5 mL(p),1 ML,1.82,1489(E),27-03-2025,1.74028%
2025,Albendazole,Tablet 400 mg,1 Tablet,7.16,1489(E),27-03-2025,1.74028%
2025,Albendazole,Chewable Tablet 400 mg,1 Tablet,8.27,1489(E),27-03-2025,1.74028%
2025,Allopurinol,Tablet 300 mg,1 Tablet,5.73,1489(E),27-03-2025,1.74028%
2025,Allopurinol,Tablet 100 mg,1 Tablet,1.92,1489(E),27-03-2025,1.74028%
2025,Alprostadil,Injection 0.5 mg/mL,1 ML,6213.02,1489(E),27-03-2025,1.74028%
2025,Amikacin,Injection 250 mg/mL,1 ML,55.11,1489(E),27-03-2025,1.74028%
2025,Amiodarone,Tablet 200 mg,1 Tablet,11.71,1489(E),27-03-2025,1.74028%
2025,Amiodarone,Tablet 100 mg,1 Tablet,6.25,1489(E),27-03-2025,1.74028%
2025,Amiodarone,Injection 50 mg/mL,1 ML,21.50,1489(E),27-03-2025,1.74028%
2025,Amitriptyline,Tablet 50 mg,1 Tablet,6.09,1489(E),27-03-2025,1.74028%
2025,Amitriptyline,Tablet 75 mg,1 Tablet,5.54,1489(E),27-03-2025,1.74028%
2025,Amitriptyline,Tablet 25 mg,1 Tablet,2.53,1489(E),27-03-2025,1.74028%
2025,Amitriptyline,Tablet 10 mg,1 Tablet,2.43,1489(E),27-03-2025,1.74028%
2025,Amlodipine,Tablet 2.5 mg,1 Tablet,1.82,1489(E),27-03-2025,1.74028%
2025,Amlodipine,Tablet 5 mg,1 Tablet,2.54,1489(E),27-03-2025,1.74028%
2025,Amlodipine,Tablet 10 mg,1 Tablet,5.54,1489(E),27-03-2025,1.74028%
2025,Amoxicillin,Capsule 250 mg,1 Capsule,2.48,1489(E),27-03-2025,1.74028%
2025,Amoxicillin,Capsule 500 mg,1 Capsule,7.49,1489(E),27-03-2025,1.74028%
2025,Amoxicillin,Oral liquid 250 mg/5 mL (p),1 ML,1.59,1489(E),27-03-2025,1.74028%
2025,Amoxicillin,Powder for Injection 250 mg,1 Vial,25.22,1489(E),27-03-2025,1.74028%
2025,Amoxicillin,Powder for Injection 500 mg,1 Vial,55.60,1489(E),27-03-2025,1.74028%
2025,Amoxicillin,Oral liquid 125 mg/5 mL (p),1 ML,1.04,1489(E),27-03-2025,1.74028%
2025,Amoxicillin (A) + Clavulanic acid (B),Powder for Injection 1 g (A) +200 mg (B),1 Vial,144.12,1489(E),27-03-2025,1.74028%
2025,Amoxicillin (A) + Clavulanic acid (B),Powder for Injection 500 mg (A) + 100 mg (B),1 Vial,103.11,1489(E),27-03-2025,1.74028%
2025,Amoxicillin (A) + Clavulanic acid (B),Dry Syrup 125 mg (A) + 31.25 (B) / 5 ml (p),1 ML,2.09,1489(E),27-03-2025,1.74028%
2025,Amoxicillin (A) + Clavulanic acid (B),Tablet 500 mg (A) + 125 mg (B),1 Tablet,18.62,1489(E),27-03-2025,1.74028%
2025,Amoxicillin (A) + Clavulanic acid (B),Oral liquid 200 mg (A) + 28.5 mg (B) / 5 mL (p),1 ML,2.06,1489(E),27-03-2025,1.74028%
2025,Amphotericin B,Amphotericin B(conventional) - Injection 50 mg/vial,1 Vial,231.36,1489(E),27-03-2025,1.74028%
2025,Amphotericin B Lipid,Injection 50 mg / vial,1 Vial,1920.60,1489(E),27-03-2025,1.74028%
2025,Amphotericin B Liposomal,Injection 50 mg / vial,1 Vial,6763.93,1489(E),27-03-2025,1.74028%
2025,Ampicillin,Powder for Injection 500 mg,1 Vial,14.50,1489(E),27-03-2025,1.74028%
2025,Ampicillin,Powder for Injection 1 gm,1 Vial,25.35,1489(E),27-03-2025,1.74028%
2025,Anti-rabies immunoglobulin,Injection 150 IU/ml,1 ML,3161.67,1489(E),27-03-2025,1.74028%
2025,Anti-rabies immunoglobulin,Injection 300 IU/ml,1 ML,111.47,1489(E),27-03-2025,1.74028%
2025,Anti-tetanus immunoglobulin,As licensed (250 IU),1 Vial,1266.45,1489(E),27-03-2025,1.74028%
2025,Anti-tetanus immunoglobulin,As licensed (500 IU),1 Vial,1908.39,1489(E),27-03-2025,1.74028%
2025,Anti-tetanus immunoglobulin,As licensed (1000 IU),1 Vial,2730.90,1489(E),27-03-2025,1.74028%
2025,Arsenic Trioxide,Injection 1 mg/ml,1 ML,31.07,1489(E),27-03-2025,1.74028%
2025,Artemether (A) + Lumefantrine (B),Tablet 40 mg (A) + 240 mg (B),1 Tablet,18.35,1489(E),27-03-2025,1.74028%
2025,Artemether (A) +Lumefantrine (B),Tablet 80 mg (A) + 480 mg (B),1 Tablet,25.95,1489(E),27-03-2025,1.74028%
2025,Artemether (A) + Lumefantrine (B),Tablet 20 mg (A) + 120 mg (B),1 Tablet,12.87,1489(E),27-03-2025,1.74028%
2025,Artesunate,Powder for Injection 60 mg,1 Vial,248.99,1489(E),27-03-2025,1.74028%
2025,Artesunate,Powder for Injection 120 mg,1 Vial,462.35,1489(E),27-03-2025,1.74028%
2025,Artesunate (A) + Sulphadoxine - Pyrimethamine (B),Combi pack (A+B) 1 Tablet 50 mg (A) + 1 Tablet (500 mg + 25 mg) (B),1 Combi Pack,22.94,1489(E),27-03-2025,1.74028%
2025,Ascorbic acid (Vitamin C),Tablet 100 mg,1 Tablet,0.24,1489(E),27-03-2025,1.74028%
2025,Ascorbic acid (Vitamin C),Tablet 500 mg,1 Tablet,1.57,1489(E),27-03-2025,1.74028%
2025,Atazanavir (A) + Ritonavir (B),Tablet 300 mg (A) + Tablet 100 mg (B),1 Tablet,101.57,1489(E),27-03-2025,1.74028%
2025,Atorvastatin,Tablet 40 mg,1 Tablet,19.64,1489(E),27-03-2025,1.74028%
2025,Atorvastatin,Tablet 20 mg,1 Tablet,12.78,1489(E),27-03-2025,1.74028%
2025,Atorvastatin,Tablet 10 mg,1 Tablet,5.06,1489(E),27-03-2025,1.74028%
2025,Atorvastatin,Tablet 80 mg,1 Tablet,41.29,1489(E),27-03-2025,1.74028%
2025,Atracurium,Injection 10 mg/ml,1 ML,17.28,1489(E),27-03-2025,1.74028%
2025,Atropine,Drops 1%,1 ML,4.01,1489(E),27-03-2025,1.74028%
2025,Atropine,Ointment 1%,1 GM,4.79,1489(E),27-03-2025,1.74028%
2025,Atropine,Injection 0.6 mg/mL,1 ML,6.98,1489(E),27-03-2025,1.74028%
2025,Azathioprine,Tablet 50 mg,1 Tablet,11.46,1489(E),27-03-2025,1.74028%
2025,Azathioprine,Tablet 25 mg (p),1 Tablet,7.37,1489(E),27-03-2025,1.74028%
2025,Azithromycin,Powder for Injection 500 mg,1 Vial,208.28,1489(E),27-03-2025,1.74028%
2025,Azithromycin,Tablet 250 mg,1 Tablet,11.87,1489(E),27-03-2025,1.74028%
2025,Azithromycin,Tablet 500 mg,1 Tablet,23.98,1489(E),27-03-2025,1.74028%
2025,Azithromycin,Oral liquid 200 mg/5 mL (p),1 ML,3.47,1489(E),27-03-2025,1.74028%
2025,Azithromycin,Capsule 250 mg,1 Capsule,10.80,1489(E),27-03-2025,1.74028%
2025,Azithromycin,Tablet 1000 mg,1 Tablet,58.79,1489(E),27-03-2025,1.74028%
2025,Azithromycin,Capsule 500 mg,1 Capsule,19.36,1489(E),27-03-2025,1.74028%
2025,Baclofen,Tablet 20 mg,1 Tablet,16.56,1489(E),27-03-2025,1.74028%
2025,Baclofen,Tablet 10 mg,1 Tablet,12.11,1489(E),27-03-2025,1.74028%
2025,Baclofen,Tablet 5 mg,1 Tablet,6.48,1489(E),27-03-2025,1.74028%
2025,BCG vaccine,As licensed,Each dose (0.10 ML),8.15,1489(E),27-03-2025,1.74028%
2025,Bendamustine hydrochloride,Injection 100 mg/vial,1 Vial,5032.89,1489(E),27-03-2025,1.74028%
2025,Benzathine benzylpenicillin,Powder for Injection 12 lac units,1 Vial,20.15,1489(E),27-03-2025,1.74028%
2025,Benzathine benzylpenicillin,Powder for Injection 6 lac units,1 Vial,11.89,1489(E),27-03-2025,1.74028%
2025,Benzoyl peroxide,Gel 2.5%,1 GM,3.68,1489(E),27-03-2025,1.74028%
2025,Benzoyl peroxide,Gel 5%,1 GM,8.11,1489(E),27-03-2025,1.74028%
2025,Benzoyl peroxide,Gel 3.5%,1 GM,10.29,1489(E),27-03-2025,1.74028%
2025,Betamethasone,Injection 4 mg/mL,1 ML,4.82,1489(E),27-03-2025,1.74028%
2025,Betamethasone valerate,Cream 0.05%,1 GM,0.68,1489(E),27-03-2025,1.74028%
2025,Betamethasone valerate,Lotion 0.05%,1 ML,,,,1.74028%
2025,Betamethasone valerate,Gel 0.05%,1 GM,,,,1.74028%
2025,Betamethasone valerate,Cream 0.1%,1 GM,1.06,1489(E),27-03-2025,1.74028%
2025,Bicalutamide,Tablet 50 mg,1 Tablet,44.05,1489(E),27-03-2025,1.74028%
2025,Bisacodyl,Tablet 5 mg,1 Tablet,1.19,1489(E),27-03-2025,1.74028%
2025,Bisacodyl,Suppository 5 mg,1 Suppository,10.15,1489(E),27-03-2025,1.74028%
2025,Bleomycin,Powder for Injection 15 units,1 Vial,689.20,1489(E),27-03-2025,1.74028%
2025,Bortezomib,Powder for Injection 2 mg,1 Vial,5352.05,1489(E),27-03-2025,1.74028%
2025,Budesonide,Respirator solution for use in nebulizer 0.5 mg/mL,1 ML,12.11,1489(E),27-03-2025,1.74028%
2025,Budesonide,Respirator solution for use in nebulizer 1 mg/mL,1 ML,13.37,1489(E),27-03-2025,1.74028%
2025,Budesonide,Inhalation (MDI) 100 mcg/dose,1 Metered Dose,1.43,1489(E),27-03-2025,1.74028%
2025,Budesonide,Inhalation (MDI) 200 mcg/dose,1 Metered Dose,2.07,1489(E),27-03-2025,1.74028%
2025,Budesonide,Inhalation (DPI) 200 mcg/dose,1 Dose,3.39,1489(E),27-03-2025,1.74028%
2025,Budesonide,Nasal Spray 100 mcg/dose,1 Dose,0.82,1489(E),27-03-2025,1.74028%
2025,Budesonide (A)+ Formoterol (B),Inhalation (MDI) 100 mcg (A) + 6 mcg (B),1 Metered Dose,2.16,1489(E),27-03-2025,1.74028%
2025,Budesonide (A)+ Formoterol (B),Inhalation (DPI) 100 mcg (A) + 6 mcg (B),1 Dose,4.40,1489(E),27-03-2025,1.74028%
2025,Budesonide (A)+ Formoterol (B),Inhalation (DPI) 200 mcg (A) + 6 mcg (B),1 Dose,5.82,1489(E),27-03-2025,1.74028%
2025,Budesonide (A)+ Formoterol (B),Inhalation (DPI) 400 mcg (A) + 6 mcg (B),1 Dose,7.07,1489(E),27-03-2025,1.74028%
2025,Budesonide (A)+ Formoterol (B),Inhalation (MDI) 200 mcg (A) + 6 mcg (B),1 Metered dose,3.01,1489(E),27-03-2025,1.74028%
2025,Budesonide (A)+ Formoterol (B),Inhalation (MDI) 400 mcg (A) + 6 mcg (B),1 Metered dose,3.43,1489(E),27-03-2025,1.74028%
2025,Bupivacaine,Injection 0.5 % with 7.5 % glucose,1 ML,7.52,1489(E),27-03-2025,1.74028%
2025,Bupivacaine,Injection 0.5 %,1 ML,4.50,1489(E),27-03-2025,1.74028%
2025,Bupivacaine,Injection 0.25%,1 ML,2.88,1489(E),27-03-2025,1.74028%
2025,Buprenorphine,Tablet (Sub- lingual) 0.4mg,1 Tablet,9.59,1489(E),27-03-2025,1.74028%
2025,Buprenorphine (A) + Naloxone (B),Tablet (Sub-lingual) 2 mg (A) + 0.5 mg (B),1 Tablet,37.62,1489(E),27-03-2025,1.74028%
2025,Buprenorphine (A) + Naloxone (B),Tablet (Sub-lingual) 0.4 mg (A) + 0.1 mg (B),1 Tablet,12.03,1489(E),27-03-2025,1.74028%
2025,Caffeine,Oral liquid 20 mg/mL,1 ML,249.96,1489(E),27-03-2025,1.74028%
2025,Caffeine,Injection 20 mg/mL,1 ML,254.86,1489(E),27-03-2025,1.74028%
2025,Calamine,Lotion (As per IP),1 ML,0.97,1489(E),27-03-2025,1.74028%
2025,Calcium folinate,Tablet 15 mg,1 Tablet,48.37,1489(E),27-03-2025,1.74028%
2025,Capecitabine,Tablet 500 mg,1 Tablet,114.69,1489(E),27-03-2025,1.74028%
2025,Carbamazepine,Modified Release – Tablet 200 mg,1 Tablet,2.44,1489(E),27-03-2025,1.74028%
2025,Carbamazepine,Modified Release – Tablet 400 mg,1 Tablet,4.74,1489(E),27-03-2025,1.74028%
2025,Carbamazepine,Tablet   400 mg,1 Tablet,3.61,1489(E),27-03-2025,1.74028%
2025,Carbamazepine,Tablet 200 mg,1 Tablet,1.60,1489(E),27-03-2025,1.74028%
2025,Carbamazepine,Oral liquid 100 mg/5 mL (p),1 ML,0.32,1489(E),27-03-2025,1.74028%
2025,Carbamazepine,Tablet 100 mg,1 Tablet,1.09,1489(E),27-03-2025,1.74028%
2025,Carbimazole,Tablet 10 mg,1 Tablet,4.33,1489(E),27-03-2025,1.74028%
2025,Carbimazole,Tablet 5 mg,1 Tablet,2.23,1489(E),27-03-2025,1.74028%
2025,Carbimazole,Tablet 20 mg,1 Tablet,14.11,1489(E),27-03-2025,1.74028%
2025,Carboplatin,Injection 10 mg/mL,1 ML,60.10,1489(E),27-03-2025,1.74028%
2025,Carboxymethyl cellulose,Drops 0.5%,1 ML,12.51,1489(E),27-03-2025,1.74028%
2025,Carboxymethyl cellulose,Drops 1%,1 ML,16.87,1489(E),27-03-2025,1.74028%
2025,Cefadroxil,Tablet 500 mg,1 Tablet,6.83,1489(E),27-03-2025,1.74028%
2025,Cefadroxil,Oral liquid 125 mg / 5 mL(p),1 ML,0.69,1489(E),27-03-2025,1.74028%
2025,Cefixime,Tablet 400 mg,1 Tablet,22.48,1489(E),27-03-2025,1.74028%
2025,Cefixime,Tablet 200 mg,1 Tablet,9.95,1489(E),27-03-2025,1.74028%
2025,Cefixime,Oral liquid 50 mg / 5 mL (p),1 ML,1.66,1489(E),27-03-2025,1.74028%
2025,Cefixime,Oral liquid 100 mg / 5 mL (p),1 ML,2.43,1489(E),27-03-2025,1.74028%
2025,Cefixime,Capsule 200 mg,1 Capsule,14.94,1489(E),27-03-2025,1.74028%
2025,Cefotaxime,Powder for Injection 250 mg,1 Vial,18.03,1489(E),27-03-2025,1.74028%
2025,Cefotaxime,Powder for Injection 500 mg,1 Vial,24.80,1489(E),27-03-2025,1.74028%
2025,Cefotaxime,Powder for Injection 1000 mg,1 Vial,40.66,1489(E),27-03-2025,1.74028%
2025,Ceftazidime,Powder for Injection 1000 mg,1 Vial,230.97,1489(E),27-03-2025,1.74028%
2025,Ceftazidime,Powder for Injection 250 mg,1 Vial,80.45,1489(E),27-03-2025,1.74028%
2025,Ceftriaxone,Powder for Injection 500 mg,1 Vial,51.16,1489(E),27-03-2025,1.74028%
2025,Ceftriaxone,Powder for Injection 250 mg,1 Vial,28.83,1489(E),27-03-2025,1.74028%
2025,Ceftriaxone,Powder for Injection 1000 mg,1 Vial,63.47,1489(E),27-03-2025,1.74028%
2025,Ceftriaxone,Powder for Injection 2000 mg,1 Vial,140.52,1489(E),27-03-2025,1.74028%
2025,Cefuroxime,Tablet 500 mg,1 Tablet,52.33,1489(E),27-03-2025,1.74028%
2025,Cefuroxime,Injection 1500 mg,1 Vial,344.66,1489(E),27-03-2025,1.74028%
2025,Cefuroxime,Oral liquid 125 mg / 5 mL (p),1 ML,5.40,1489(E),27-03-2025,1.74028%
2025,Cetirizine,Tablet 10 mg,1 Tablet,1.91,1489(E),27-03-2025,1.74028%
2025,Cetirizine,Oral liquid 5 mg / 5 mL (p),1 ML,0.67,1489(E),27-03-2025,1.74028%
2025,Chlorambucil,Tablet 2 mg,1 Tablet,31.70,1489(E),27-03-2025,1.74028%
2025,Chlorambucil,Tablet 5 mg,1 Tablet,78.55,1489(E),27-03-2025,1.74028%
2025,Chloroquine,Tablet 150 mg,1 Tablet,1.35,1489(E),27-03-2025,1.74028%
2025,Chloroquine,Oral liquid 50 mg / 5 mL,1 ML,0.35,1489(E),27-03-2025,1.74028%
2025,Cholecalciferol,Tablet 1000 IU,1 Tablet,4.39,1489(E),27-03-2025,1.74028%
2025,Cholecalciferol,Oral liquid 400 IU/mL,1 ML,2.66,1489(E),27-03-2025,1.74028%
2025,Cholecalciferol,Tablet 60000 IU,1 Tablet,22.89,1489(E),27-03-2025,1.74028%
2025,Cholecalciferol,Capsule 60000 IU,1 Capsule,31.32,1489(E),27-03-2025,1.74028%
2025,Cholecalciferol,Capsule 1000 IU,1 Capsule,4.98,1489(E),27-03-2025,1.74028%
2025,Cholecalciferol,"Solid oral dosage form 60000 IU
Sachet/Granuels/Powder",1 GM,34.57,1489(E),27-03-2025,1.74028%
2025,Cholecalciferol,"Solid oral dosage form 1000 IU
Sachet/Granuels/Powder",1 GM,23.54,1489(E),27-03-2025,1.74028%
2025,Ciprofloxacin,Tablet 250 mg,1 Tablet,2.24,1489(E),27-03-2025,1.74028%
2025,Ciprofloxacin,Tablet 500 mg,1 Tablet,4.32,1489(E),27-03-2025,1.74028%
2025,Ciprofloxacin,Drops 0.3 %,1 ML,1.57,1489(E),27-03-2025,1.74028%
2025,Ciprofloxacin,Injection 200 mg / 100 mL,1 ML,0.20,1489(E),27-03-2025,1.74028%
2025,Ciprofloxacin,Oral liquid 250 mg / 5 mL (p),1 ML,0.75,1489(E),27-03-2025,1.74028%
2025,Ciprofloxacin,Ointment 0.3%,1 GM,1.31,1489(E),27-03-2025,1.74028%
2025,Cisplatin,Injection 1 mg / mL,1 ML,7.21,1489(E),27-03-2025,1.74028%
2025,Clarithromycin,Tablet 250 mg,1 Tablet,24.48,1489(E),27-03-2025,1.74028%
2025,Clarithromycin,Tablet 500 mg,1 Tablet,40.53,1489(E),27-03-2025,1.74028%
2025,Clarithromycin,Oral liquid 125 mg / 5 mL (p),1 ML,4.73,1489(E),27-03-2025,1.74028%
2025,Clindamycin,Capsule 150 mg,1 Capsule,16.64,1489(E),27-03-2025,1.74028%
2025,Clindamycin,Capsule 300 mg,1 Capsule,28.86,1489(E),27-03-2025,1.74028%
2025,Clindamycin,Tablet 300 mg,1 Tablet,19.30,1489(E),27-03-2025,1.74028%
2025,Clindamycin,Injection 150 mg / mL,1 ML,61.65,1489(E),27-03-2025,1.74028%
2025,Clobazam,Tablet 5 mg,1 Tablet,5.83,1489(E),27-03-2025,1.74028%
2025,Clobazam,Tablet 10 mg,1 Tablet,10.01,1489(E),27-03-2025,1.74028%
2025,Clofazimine,Capsule 100 mg,1 Capsule,4.05,1489(E),27-03-2025,1.74028%
2025,Clofazimine,Capsule 50 mg,1 Capsule,2.15,1489(E),27-03-2025,1.74028%
2025,Clomiphene citrate,Capsule 50 mg,1 Capsule,27.85,1489(E),27-03-2025,1.74028%
2025,Clomiphene citrate,Capsule 100 mg,1 Capsule,52.03,1489(E),27-03-2025,1.74028%
2025,Clomiphenecitrate,Tablet 100 mg,1 Tablet,14.19,1489(E),27-03-2025,1.74028%
2025,Clomiphenecitrate,Tablet 50 mg,1 Tablet,8.99,1489(E),27-03-2025,1.74028%
2025,Clomipramine,Tablet 10 mg,1 Tablet,2.90,1489(E),27-03-2025,1.74028%
2025,Clomipramine,Tablet 25 mg,1 Tablet,6.33,1489(E),27-03-2025,1.74028%
2025,Clomipramine,Tablet 75 mg,1 Tablet,16.75,1489(E),27-03-2025,1.74028%
2025,Clonazepam,Tablet 0.25 mg,1 Tablet,2.06,1489(E),27-03-2025,1.74028%
2025,Clonazepam,Tablet 0.5 mg,1 Tablet,3.51,1489(E),27-03-2025,1.74028%
2025,Clonazepam,Tablet 1 mg,1 Tablet,4.85,1489(E),27-03-2025,1.74028%
2025,Clopidogrel,Tablet 75 mg,1 Tablet,6.78,1489(E),27-03-2025,1.74028%
2025,Clopidogrel,Tablet 150 mg,1 Tablet,20.84,1489(E),27-03-2025,1.74028%
2025,Clotrimazole,Lotion 1%,1 ML,3.96,1489(E),27-03-2025,1.74028%
2025,Clotrimazole,Pessary 100 mg,1 Pessary,10.18,1489(E),27-03-2025,1.74028%
2025,Clotrimazole,Drops 1%,1 ML,3.43,1489(E),27-03-2025,1.74028%
2025,Clotrimazole,Cream 1%,1 GM,3.05,1489(E),27-03-2025,1.74028%
2025,Cloxacillin,Capsule 500 mg,1 Capsule,2.42,1489(E),27-03-2025,1.74028%
2025,Cloxacillin,Capsule 250 mg,1 Capsule,1.43,1489(E),27-03-2025,1.74028%
2025,Clozapine,Tablet 25 mg,1 Tablet,2.83,1489(E),27-03-2025,1.74028%
2025,Clozapine,Tablet 50 mg,1 Tablet,5.28,1489(E),27-03-2025,1.74028%
2025,Clozapine,Tablet 100 mg,1 Tablet,8.60,1489(E),27-03-2025,1.74028%
2025,Colchicine,Tablet 0.5 mg,1 Tablet,3.32,1489(E),27-03-2025,1.74028%
2025,Co-trimoxazole [Sulphamethoxazole (A) + Trimethoprim (B)],Tablet 400 mg (A) + 80 mg (B),1 Tablet,0.92,1489(E),27-03-2025,1.74028%
2025,Co-trimoxazole [Sulphamethoxazole (A) + Trimethoprim (B)],Oral liquid 200 mg (A) + 40 mg (B) / 5 mL (p),1 ML,0.36,1489(E),27-03-2025,1.74028%
2025,Co-trimoxazole [Sulphamethoxazole (A) + Trimethoprim (B)],Tablet 800 mg (A) + 160 mg (B),1 Tablet,2.34,1489(E),27-03-2025,1.74028%
2025,Cyclophosphamide,Powder for Injection 500 mg,1 Vial,74.76,1489(E),27-03-2025,1.74028%
2025,Cyclophosphamide,Tablet 50 mg,1 Tablet,3.79,1489(E),27-03-2025,1.74028%
2025,Cycloserine,Capsule 250 mg,1 Capsule,60.22,1489(E),27-03-2025,1.74028%
2025,Cycloserine,Tablet 250 mg,1 Tablet,46.81,1489(E),27-03-2025,1.74028%
2025,Cyclosporine,Capsule 25 mg,1 Capsule,28.53,1489(E),27-03-2025,1.74028%
2025,Cyclosporine,Oral liquid 100 mg / mL (p),1 ML,81.98,1489(E),27-03-2025,1.74028%
2025,Cyclosporine,Capsule 50 mg,1 Capsule,56.07,1489(E),27-03-2025,1.74028%
2025,Cyclosporine,Capsule 100 mg,1 Capsule,104.91,1489(E),27-03-2025,1.74028%
2025,Cytosine arabinoside,Injection 1000 mg / vial,1 Vial,1150.00,1489(E),27-03-2025,1.74028%
2025,Cytosine arabinoside,Injection 100 mg / vial,1 Vial,142.02,1489(E),27-03-2025,1.74028%
2025,Cytosine arabinoside,Injection 500 mg / vial,1 Vial,545.66,1489(E),27-03-2025,1.74028%
2025,Dabigatran,Capsule 110 mg,1 Capsule,32.36,1489(E),27-03-2025,1.74028%
2025,Dabigatran,Capsule 150 mg,1 Capsule,36.21,1489(E),27-03-2025,1.74028%
2025,Dacarbazine,Powder for Injection 200 mg,1 Vial,388.39,1489(E),27-03-2025,1.74028%
2025,Dacarbazine,Powder for Injection 500 mg,1 Vial,527.86,1489(E),27-03-2025,1.74028%
2025,Daclatasvir,Tablet 60 mg,1 Tablet,203.45,1489(E),27-03-2025,1.74028%
2025,Dapsone,Tablet 100 mg,1 Tablet,0.42,1489(E),27-03-2025,1.74028%
2025,Darunavir,Tablet 600 mg,1 Tablet,157.13,1489(E),27-03-2025,1.74028%
2025,Darunavir (A) + Ritonavir (B),Tablet 600 mg (A) + 100 mg (B),1 Tablet,149.01,1489(E),27-03-2025,1.74028%
2025,Desferrioxamine,Powder for Injection 500 mg,1 Vial,287.90,1489(E),27-03-2025,1.74028%
2025,Dexamethasone,Tablet 0.5 mg,1 Tablet,0.22,1489(E),27-03-2025,1.74028%
2025,Dexamethasone,Tablet 4 mg,1 Tablet,4.70,1489(E),27-03-2025,1.74028%
2025,Dexamethasone,Injection 4 mg / mL (2 ML),1 ML,5.18,1489(E),27-03-2025,1.74028%
2025,Dexamethasone,Injection 4 mg / mL (5 ML),1 ML,2.61,1489(E),27-03-2025,1.74028%
2025,Dexamethasone,Injection 4 mg / mL (Pack of 10 ML),1 ML,1.60,1489(E),27-03-2025,1.74028%
2025,Dexamethasone,Injection 4 mg / mL (Pack of 20 ML),1 ML,1.37,1489(E),27-03-2025,1.74028%
2025,Dexamethasone,Injection 4 mg / mL (Pack of 30 ML),1 ML,0.92,1489(E),27-03-2025,1.74028%
2025,Diazepam,Tablet 5 mg,1 Tablet,1.66,1489(E),27-03-2025,1.74028%
2025,Diazepam,Injection 5 mg / mL,1 ML,5.64,1489(E),27-03-2025,1.74028%
2025,Diazepam,Tablet 2 mg,1 Tablet,1.47,1489(E),27-03-2025,1.74028%
2025,Diazepam,Suppository 5 mg,1 Suppository,6.30,1489(E),27-03-2025,1.74028%
2025,Diclofenac,Tablet 50 mg,1 Tablet,2.09,1489(E),27-03-2025,1.74028%
2025,Diclofenac,Injection 25 mg / mL,1 ML,1.72,1489(E),27-03-2025,1.74028%
2025,Dicyclomine,Injection 10 mg / mL (Less than 10 ML),1 ML,3.38,1489(E),27-03-2025,1.74028%
2025,Dicyclomine,Injection 10 mg / mL (10 ML & more pack),1 ML,2.14,1489(E),27-03-2025,1.74028%
2025,Diethylcarbamazine (DEC),Tablet 100 mg,1 Tablet,1.70,1489(E),27-03-2025,1.74028%
2025,Diethylcarbamazine (DEC),Tablet 50 mg,1 Tablet,0.57,1489(E),27-03-2025,1.74028%
2025,Diethylcarbamazine (DEC),Oral liquid 120 mg / 5 mL (p),1 ML,0.49,1489(E),27-03-2025,1.74028%
2025,Digoxin,Tablet 0.25 mg,1 Tablet,1.35,1489(E),27-03-2025,1.74028%
2025,Digoxin,Oral liquid 0.05 mg / mL,1 ML,1.50,1489(E),27-03-2025,1.74028%
2025,Digoxin,Injection 0.25 mg / mL,1 ML,3.94,1489(E),27-03-2025,1.74028%
2025,Diltiazem,Tablet 60 mg,1 Tablet,5.56,1489(E),27-03-2025,1.74028%
2025,Diltiazem,Tablet 30 mg,1 Tablet,2.73,1489(E),27-03-2025,1.74028%
2025,Diltiazem,Injection 5 mg / mL,1 ML,3.56,1489(E),27-03-2025,1.74028%
2025,Diltiazem,Modified Release Capsule 180 mg ,1 Capsule,,,,1.74028%
2025,Dinoprostone,Gel 0.5 mg,1 GM,86.19,1489(E),27-03-2025,1.74028%
2025,Disposable Pen containing Insulin Glargine,Injection 100 IU/ml,1 ML,248.39,1489(E),27-03-2025,1.74028%
2025,Dobutamine,Injection 50 mg/ml,1 ML,9.19,1489(E),27-03-2025,1.74028%
2025,Docetaxel,Powder for Injection 20 mg,1 Vial,2918.31,1489(E),27-03-2025,1.74028%
2025,Docetaxel,Powder for Injection 80 mg,1 Vial,10513.53,1489(E),27-03-2025,1.74028%
2025,Dolutegravir,Tablet 50 mg,1 Tablet,114.75,1489(E),27-03-2025,1.74028%
2025,Domperidone,Tablet 10 mg,1 Tablet,2.35,1489(E),27-03-2025,1.74028%
2025,Domperidone,Oral Liquid 1 mg / mL,1 ML,1.26,1489(E),27-03-2025,1.74028%
2025,Donepezil,Tablet 10 mg,1 Tablet,17.76,1489(E),27-03-2025,1.74028%
2025,Donepezil,Tablet 5 mg,1 Tablet,12.32,1489(E),27-03-2025,1.74028%
2025,Dopamine,Injection 40 mg / mL,1 ML,4.85,1489(E),27-03-2025,1.74028%
2025,Doxorubicin,Injection 2 mg / mL,1 ML,32.30,1489(E),27-03-2025,1.74028%
2025,Doxycycline,Capsule 100 mg,1 Capsule,3.13,1489(E),27-03-2025,1.74028%
2025,Doxycycline,Tablet 100 mg,1 Tablet,1.24,1489(E),27-03-2025,1.74028%
2025,Doxycycline,Powder for Injection 100 mg,1 Vial,511.39,1489(E),27-03-2025,1.74028%
2025,D-Penicillamine,Capsule 250 mg,1 Capsule,15.92,1489(E),27-03-2025,1.74028%
2025,DPT+ Hib+ Hep B Vaccine,As licensed,Per 0.1 ML,76.97,1489(E),27-03-2025,1.74028%
2025,Efavirenz,Tablet 600 mg,1 Tablet,71.82,1489(E),27-03-2025,1.74028%
2025,Efavirenz,Tablet 200 mg (p),1 Tablet,22.93,1489(E),27-03-2025,1.74028%
2025,Efavirenz,Capsule 200 mg,1 Capsule,22.36,1489(E),27-03-2025,1.74028%
2025,Efavirenz,Capsule 600 mg,1 Capsule,22.36,1489(E),27-03-2025,1.74028%
2025,Enalapril,Tablet 5 mg,1 Tablet,3.76,1489(E),27-03-2025,1.74028%
2025,Enalapril,Tablet 2.5 mg,1 Tablet,2.23,1489(E),27-03-2025,1.74028%
2025,Enoxaparin,"Injection 40 mg / 0.4 mL, Injection 60 mg / 0.6 ml",Per 0.10 ML,113.94,1489(E),27-03-2025,1.74028%
2025,Entecavir,Tablet 1 mg,1 Tablet,132.51,1489(E),27-03-2025,1.74028%
2025,Entecavir,Tablet 0.5 mg,1 Tablet,85.91,1489(E),27-03-2025,1.74028%
2025,Erythropoietin,Injection 2000 IU/mL,1 ML,559.14,1489(E),27-03-2025,1.74028%
2025,Erythropoietin,Injection 10000 IU/mL,1 ML,2003.38,1489(E),27-03-2025,1.74028%
2025,Escitalopram,Tablet 5 mg,1 Tablet,5.11,1489(E),27-03-2025,1.74028%
2025,Escitalopram,Tablet 10 mg,1 Tablet,9.16,1489(E),27-03-2025,1.74028%
2025,Escitalopram,Tablet 20 mg,1 Tablet,14.61,1489(E),27-03-2025,1.74028%
2025,Esmolol,Injection10 mg/mL,1 ML,26.84,1489(E),27-03-2025,1.74028%
2025,Ethambutol,Tablet 600 mg,1 Tablet,4.15,1489(E),27-03-2025,1.74028%
2025,Ethambutol,Tablet 800 mg,1 Tablet,5.05,1489(E),27-03-2025,1.74028%
2025,Ethambutol,Tablet 400 mg,1 Tablet,2.66,1489(E),27-03-2025,1.74028%
2025,Ethambutol,Tablet 200 mg,1 Tablet,1.16,1489(E),27-03-2025,1.74028%
2025,Ethinylestradiol (A) + Levonorgestrel (B),Tablet 0.03 mg (A) + Tablet 0.15 mg (B),1 Tablet,3.23,1489(E),27-03-2025,1.74028%
2025,Ethionamide,Tablet 250 mg,1 Tablet,15.07,1489(E),27-03-2025,1.74028%
2025,Ethyl alcohol (Denatured),Solution 70% ,1 ML,,,,1.74028%
2025,Etoposide,Capsule 50 mg,1 Capsule,57.62,1489(E),27-03-2025,1.74028%
2025,Etoposide,Injection 20 mg/mL,1 ML,35.11,1489(E),27-03-2025,1.74028%
2025,Fentanyl,Injection 50 mcg/ml,1 ML,21.32,1489(E),27-03-2025,1.74028%
2025,Filgrastim,Injection 300 mcg,1 Vial,1180.16,1489(E),27-03-2025,1.74028%
2025,Fluconazole,Tablet 400 mg,1 Tablet,30.27,1489(E),27-03-2025,1.74028%
2025,Fluconazole,Tablet 200 mg,1 Tablet,17.76,1489(E),27-03-2025,1.74028%
2025,Fluconazole,Tablet 100 mg,1 Tablet,7.75,1489(E),27-03-2025,1.74028%
2025,Fluconazole,Tablet 150 mg,1 Tablet,12.27,1489(E),27-03-2025,1.74028%
2025,Fluconazole,Tablet 50 mg,1 Tablet,9.85,1489(E),27-03-2025,1.74028%
2025,Fluconazole,Capsule 200 mg,1 Capsule,40.81,1489(E),27-03-2025,1.74028%
2025,Fluconazole,Capsule 150 mg,1 Capsule,19.55,1489(E),27-03-2025,1.74028%
2025,Fluconazole,Injection 200 mg / 100 mL,Per 100 ML Vial,93.94,1489(E),27-03-2025,1.74028%
2025,Fluconazole,Capsule 100 mg,1 Capsule,21.77,1489(E),27-03-2025,1.74028%
2025,Fludrocortisone,Tablet 0.1 mg,1 Tablet,13.43,1489(E),27-03-2025,1.74028%
2025,Flunarizine,Tablet 5 mg,1 Tablet,2.52,1489(E),27-03-2025,1.74028%
2025,Flunarizine,Tablet 10 mg,1 Tablet,4.90,1489(E),27-03-2025,1.74028%
2025,Fluoxetine,Capsule 20 mg,1 Capsule,4.06,1489(E),27-03-2025,1.74028%
2025,Fluoxetine,Capsule 60 mg,1 Capsule,11.29,1489(E),27-03-2025,1.74028%
2025,Fluoxetine,Capsule 40 mg,1 Capsule,6.60,1489(E),27-03-2025,1.74028%
2025,Fluoxetine,Capsule 10 mg,1 Capsule,3.38,1489(E),27-03-2025,1.74028%
2025,Fluoxetine,Tablet 10 mg,1 Tablet,2.83,1489(E),27-03-2025,1.74028%
2025,Fluoxetine,Tablet 40 mg,1 Tablet,5.66,1489(E),27-03-2025,1.74028%
2025,Fluoxetine,Tablet 60 mg,1 Tablet,8.39,1489(E),27-03-2025,1.74028%
2025,Fluoxetine,Tablet 20 mg,1 Tablet,4.22,1489(E),27-03-2025,1.74028%
2025,Fluphenazine,Injection 25 mg / mL,1 ML,56.22,1489(E),27-03-2025,1.74028%
2025,Folic Acid,Tablet 5 mg,1 Tablet,1.54,1489(E),27-03-2025,1.74028%
2025,Folic Acid,Capsule 5 mg,1 Capsule,5.13,1489(E),27-03-2025,1.74028%
2025,Framycetin,Cream 1 %,1 GM,1.69,1489(E),27-03-2025,1.74028%
2025,Furosemide,Tablet 40 mg,1 Tablet,0.93,1489(E),27-03-2025,1.74028%
2025,Furosemide,Injection 10 mg/mL,1 ML,3.04,1489(E),27-03-2025,1.74028%
2025,Furosemide,Oral liquid 10 mg/mL,1 ML,3.38,1489(E),27-03-2025,1.74028%
2025,Fusidic acid,Cream 2 %,1 GM,10.00,1489(E),27-03-2025,1.74028%
2025,Gefitinib,Tablet 250 mg,1 Tablet,241.27,1489(E),27-03-2025,1.74028%
2025,Gemcitabine,Powder for Injection 1000 mg,1 Vial,5689.88,1489(E),27-03-2025,1.74028%
2025,Gemcitabine,Powder for Injection 200 mg,1 Vial,1322.42,1489(E),27-03-2025,1.74028%
2025,Gentamicin,Injection 40 mg / mL (1.5 ml),1 ML,2.95,1489(E),27-03-2025,1.74028%
2025,Gentamicin,Injection 10 mg/mL,1 ML,2.45,1489(E),27-03-2025,1.74028%
2025,Gentamicin,Injection 40 mg/mL (Pack of 10 ml),1 ML,1.54,1489(E),27-03-2025,1.74028%
2025,Gentamicin,Injection 40 mg/mL (Pack of 20 ml),1 ML,1.58,1489(E),27-03-2025,1.74028%
2025,Gentamicin,Injection 40 mg/mL Pack of 30 ml),1 ML,1.25,1489(E),27-03-2025,1.74028%
2025,Gentamicin,Injection 40 mg/mL (2 ml),1 ML,4.93,1489(E),27-03-2025,1.74028%
2025,Glimepiride,Tablet 2 mg,1 Tablet,5.90,1489(E),27-03-2025,1.74028%
2025,Glimepiride,Tablet 1 mg,1 Tablet,3.76,1489(E),27-03-2025,1.74028%
2025,Glucose,Injection 25%,1 ML,0.20,1489(E),27-03-2025,1.74028%
2025,Glycerin/glycerol (as mentioned in IP),Topical - Lotion,1 ML,1.25,1489(E),27-03-2025,1.74028%
2025,Glycerin/glycerol (as mentioned in IP),Topical - Cream,1 GM,2.41,1489(E),27-03-2025,1.74028%
2025,Glyceryl trinitrate,Injection 5 mg/mL,1 ML,6.30,1489(E),27-03-2025,1.74028%
2025,Glyceryl trinitrate,Sublingual Tablet 0.5 mg,1 Tablet,1.29,1489(E),27-03-2025,1.74028%
2025,Glycopyrrolate,Injection 0.2 mg/mL,1 ML,14.78,1489(E),27-03-2025,1.74028%
2025,Griseofulvin,Tablet 250 mg,1 Tablet,1.80,1489(E),27-03-2025,1.74028%
2025,Haloperidol,Tablet 5 mg,1 Tablet,3.63,1489(E),27-03-2025,1.74028%
2025,Haloperidol,Tablet 10 mg,1 Tablet,4.86,1489(E),27-03-2025,1.74028%
2025,Haloperidol,Oral liquid 2 mg/ 5 mL,1 ML,2.28,1489(E),27-03-2025,1.74028%
2025,Haloperidol,Injection 5 mg/mL,1 ML,6.62,1489(E),27-03-2025,1.74028%
2025,Haloperidol,Tablet 20 mg,1 Tablet,5.45,1489(E),27-03-2025,1.74028%
2025,Haloperidol,Tablet 1.5 mg,1 Tablet,1.61,1489(E),27-03-2025,1.74028%
2025,Halothane,Liquid for inhalation,1 ML,6.21,1489(E),27-03-2025,1.74028%
2025,Heparin,Injection 1000 IU/mL,1 ML,21.58,1489(E),27-03-2025,1.74028%
2025,Heparin,Injection 5000 IU/mL,1 ML,61.00,1489(E),27-03-2025,1.74028%
2025,Hepatitis B immunoglobulin,As Licensed,1 Vial,5594.39,1489(E),27-03-2025,1.74028%
2025,Hepatitis B vaccine,As Licensed,1 ML,80.19,1489(E),27-03-2025,1.74028%
2025,Homatropine,Drops 2%,1 ML,6.51,1489(E),27-03-2025,1.74028%
2025,Hormone Releasing IUD,Contains 52 mg of Levonorgestrel,1 IUD,4174.94,1489(E),27-03-2025,1.74028%
2025,Human chorionic gonado tropin,Injection 5000 IU,1 Vial,424.74,1489(E),27-03-2025,1.74028%
2025,Human chorionic gonado tropin,Injection 10000 IU,1 Vial,944.46,1489(E),27-03-2025,1.74028%
2025,Human chorionic gonado tropin,Injection 2000 IU,1 Vial,349.64,1489(E),27-03-2025,1.74028%
2025,Human chorionic gonado tropin,Solution for infusion (16.5%) ,1 ML,,,,1.74028%
2025,Human chorionic gonado tropin,Solution for infusion (10%) ,1 ML,,,,1.74028%
2025,Human chorionic gonado tropin,Solution for infusion (5%),1 ML,,,,1.74028%
2025,Hydrochlorothiazide,Tablet 25 mg,1 Tablet,1.78,1489(E),27-03-2025,1.74028%
2025,Hydrochlorothiazide,Tablet 12.5 mg,1 Tablet,1.06,1489(E),27-03-2025,1.74028%
2025,Hydrocortisone,Powder for Injection 100 mg,1 Vial,45.57,1489(E),27-03-2025,1.74028%
2025,Hydrocortisone,Tablet 10 mg,1 Tablet,6.82,1489(E),27-03-2025,1.74028%
2025,Hydrocortisone,Powder for Injection 200 mg,1 Vial,66.74,1489(E),27-03-2025,1.74028%
2025,Hydrocortisone,Tablet 5 mg,1 Tablet,3.17,1489(E),27-03-2025,1.74028%
2025,Hydrocortisone,Tablet 20 mg,1 Tablet,15.15,1489(E),27-03-2025,1.74028%
2025,Hydroxy propylmethyl cellulose,Injection 2%,1 ML,29.72,1489(E),27-03-2025,1.74028%
2025,Hydroxychloroquine,Tablet 400 mg,1 Tablet,14.04,1489(E),27-03-2025,1.74028%
2025,Hydroxychloroquine,Tablet 200 mg,1 Tablet,6.47,1489(E),27-03-2025,1.74028%
2025,Hydroxyurea,Capsule 500 mg,1 Capsule,12.33,1489(E),27-03-2025,1.74028%
2025,Hyoscine butylbromide,Injection 20 mg/ml,1 ML,11.44,1489(E),27-03-2025,1.74028%
2025,Ibuprofen,Tablet 200 mg,1 Tablet,0.72,1489(E),27-03-2025,1.74028%
2025,Ibuprofen,Tablet 400 mg,1 Tablet,1.22,1489(E),27-03-2025,1.74028%
2025,Ibuprofen,Oral liquid 100 mg / 5 mL(p),1 ML,0.22,1489(E),27-03-2025,1.74028%
2025,Ibuprofen,Capsule 400 mg ,1 Capsule,,,,1.74028%
2025,Ifosfamide,Powder for Injection 2000 mg,1 Vial,654.35,1489(E),27-03-2025,1.74028%
2025,Ifosfamide,Powder for Injection 1000 mg,1 Vial,324.51,1489(E),27-03-2025,1.74028%
2025,Imatinib,Tablet 100 mg,1 Tablet,70.96,1489(E),27-03-2025,1.74028%
2025,Imatinib,Tablet 400 mg,1 Tablet,203.09,1489(E),27-03-2025,1.74028%
2025,Imatinib,Capsule 100 mg,1 Capsule,74.76,1489(E),27-03-2025,1.74028%
2025,Insulin (Soluble),Injection 40 IU/ml,1 ml,17.29,1489(E),27-03-2025,1.74028%
2025,Insulin Glargine,Injection 100 IU/ml,1 ML,207.00,1489(E),27-03-2025,1.74028%
2025,Insulin Intermediate Acting (NPH),Injection 40 IU/mL,1 ML,17.29,1489(E),27-03-2025,1.74028%
2025,Iohexol,Injection 300 mg iodine/mL,1 ML,17.19,1489(E),27-03-2025,1.74028%
2025,Iohexol,Injection 350 mg iodine/mL,1 ML,14.49,1489(E),27-03-2025,1.74028%
2025,Ipratropium,"Respirator solution for use in 
nebulizer 250mcg/mL ",1 ml ,,,,1.74028%
2025,Irinotecan HCl trihydrate,Solution for injection 20 mg/mL,1 ML,981.68,1489(E),27-03-2025,1.74028%
2025,Iron sucrose,Injection 20 mg/mL,1 ML,58.41,1489(E),27-03-2025,1.74028%
2025,Isoflurane,Liquid for inhalation,1 ML,9.82,1489(E),27-03-2025,1.74028%
2025,Isoniazid,Tablet 300 mg,1 Tablet,1.31,1489(E),27-03-2025,1.74028%
2025,Isoniazid,Tablet 100 mg,1 Tablet,0.74,1489(E),27-03-2025,1.74028%
2025,Isosorbide dinitrate,Tablet 5 mg,1 Tablet,0.83,1489(E),27-03-2025,1.74028%
2025,Isosorbide dinitrate,Tablet 10 mg,1 Tablet,0.82,1489(E),27-03-2025,1.74028%
2025,Ispaghula,Granules/Husk/Powder,1 GM,0.96,1489(E),27-03-2025,1.74028%
2025,Itraconazole,Oral liquid 10 mg/mL,1 ML,5.03,1489(E),27-03-2025,1.74028%
2025,Itraconazole,Capsule 100 mg,1 Capsule,16.96,1489(E),27-03-2025,1.74028%
2025,Itraconazole,Capsule 200 mg,1 Capsule,22.50,1489(E),27-03-2025,1.74028%
2025,IUD containing Copper,As licensed,1 IUD,285.91,1489(E),27-03-2025,1.74028%
2025,Ivermectin,Tablet 6 mg,1 Tablet,21.96,1489(E),27-03-2025,1.74028%
2025,Ivermectin,Tablet 12 mg,1 Tablet,38.02,1489(E),27-03-2025,1.74028%
2025,Japanese encephalitis vaccine,As licensed (4 mcg to 6 mcg),1 Vial,688.95,1489(E),27-03-2025,1.74028%
2025,Japanese encephalitis vaccine,As licensed (upto 3 mcg),1 Vial,527.69,1489(E),27-03-2025,1.74028%
2025,Ketamine,Injection 50 mg/mL,1 ML,12.33,1489(E),27-03-2025,1.74028%
2025,Labetalol,Injection 5 mg/mL,1 ML,50.85,1489(E),27-03-2025,1.74028%
2025,Labetalol,Tablet 100 mg,1 Tablet,15.42,1489(E),27-03-2025,1.74028%
2025,Lactulose,Oral liquid 10 g/15 mL,1 ML,1.25,1489(E),27-03-2025,1.74028%
2025,Lamivudine,Tablet 100 mg,1 Tablet,11.26,1489(E),27-03-2025,1.74028%
2025,Lamivudine,Tablet 150 mg,1 Tablet,11.05,1489(E),27-03-2025,1.74028%
2025,L-Asparaginase,Powder for Injection 5000 KU,1 Vial,1052.89,1489(E),27-03-2025,1.74028%
2025,L-Asparaginase,Powder for Injection 10000 KU,1 Vial,1737.46,1489(E),27-03-2025,1.74028%
2025,Latanoprost,Drops 0.005%,1 ML,236.63,1489(E),27-03-2025,1.74028%
2025,Lenalidomide,Capsule 5 mg,1 Capsule,68.42,1489(E),27-03-2025,1.74028%
2025,Lenalidomide,Capsule 25 mg,1 Capsule,297.37,1489(E),27-03-2025,1.74028%
2025,Letrozole,Tablet 2.5 mg,1 Tablet,29.83,1489(E),27-03-2025,1.74028%
2025,Leuprolide acetate,Powder for injection 22.5 mg,1 Vial,17378.77,1489(E),27-03-2025,1.74028%
2025,Leuprolide acetate,Powder for injection 11.25 mg,1 Vial,9456.23,1489(E),27-03-2025,1.74028%
2025,Leuprolide acetate,Powder for injection 3.75 mg,1 Vial,3166.84,1489(E),27-03-2025,1.74028%
2025,Levetiracetam,Tablet 250 mg,1 Tablet,6.41,1489(E),27-03-2025,1.74028%
2025,Levetiracetam,Tablet 500 mg,1 Tablet,13.21,1489(E),27-03-2025,1.74028%
2025,Levetiracetam,Modified Release Tablet 750 mg,1 Tablet,18.62,1489(E),27-03-2025,1.74028%
2025,Levetiracetam,Tablet 750 mg,1 Tablet,19.68,1489(E),27-03-2025,1.74028%
2025,Levetiracetam,Oral liquid 100 mg/mL (p),1 ML,4.04,1489(E),27-03-2025,1.74028%
2025,Levetiracetam,Injection 100 mg/mL,1 ML,23.42,1489(E),27-03-2025,1.74028%
2025,Levodopa (A) + Carbidopa (B),Modified Release– Tablet 200 mg (A) + 50 mg (B),1 Tablet,4.81,1489(E),27-03-2025,1.74028%
2025,Levodopa (A) + Carbidopa (B),Tablet 100 mg (A) + 25 mg (B),1 Tablet,2.62,1489(E),27-03-2025,1.74028%
2025,Levodopa (A) + Carbidopa (B),Tablet 100 mg (A) + 10 mg (B),1 Tablet,1.79,1489(E),27-03-2025,1.74028%
2025,Levodopa (A) + Carbidopa (B),Tablet 250 mg (A) + 25 mg (B),1 Tablet,4.50,1489(E),27-03-2025,1.74028%
2025,Levodopa (A) + Carbidopa (B),Modified Release– Tablet 100 mg (A) + 25 mg (B),1 Tablet,2.84,1489(E),27-03-2025,1.74028%
2025,Levofloxacin,Tablet 750 mg,1 Tablet,12.67,1489(E),27-03-2025,1.74028%
2025,Levofloxacin,Tablet 250 mg,1 Tablet,4.90,1489(E),27-03-2025,1.74028%
2025,Levofloxacin,Tablet 500 mg,1 Tablet,9.15,1489(E),27-03-2025,1.74028%
2025,Levonorgestrel,Tablet 1.5 mg,1 Tablet,76.66,1489(E),27-03-2025,1.74028%
2025,Levothyroxine,Tablet 50 mcg,1 Tablet,1.05,1489(E),27-03-2025,1.74028%
2025,Levothyroxine,Tablet 75 mcg,1 Tablet,1.47,1489(E),27-03-2025,1.74028%
2025,Levothyroxine,Tablet 88 mcg,1 Tablet,1.68,1489(E),27-03-2025,1.74028%
2025,Levothyroxine,Tablet 112 mcg,1 Tablet,1.69,1489(E),27-03-2025,1.74028%
2025,Levothyroxine,Tablet 25 mcg,1 Tablet,1.48,1489(E),27-03-2025,1.74028%
2025,Levothyroxine,Tablet 62.5 mcg,1 Tablet,1.64,1489(E),27-03-2025,1.74028%
2025,Levothyroxine,Tablet 12.5 mcg,1 Tablet,1.51,1489(E),27-03-2025,1.74028%
2025,Levothyroxine,Tablet 100 mcg,1 Tablet,1.34,1489(E),27-03-2025,1.74028%
2025,Levothyroxine,Tablet 125 mcg,1 Tablet,1.72,1489(E),27-03-2025,1.74028%
2025,Levothyroxine,Tablet 150 mcg,1 Tablet,1.73,1489(E),27-03-2025,1.74028%
2025,Lignocaine,Topical forms 2-5 %,1 GM or 1 ML,1.10,1489(E),27-03-2025,1.74028%
2025,Lignocaine,Injection 2%,1 ML,1.16,1489(E),27-03-2025,1.74028%
2025,Lignocaine,Injection 1%,1 ML,9.02,1489(E),27-03-2025,1.74028%
2025,Lignocaine,Injection 5% with 7.5% glucose,1 ML,3.56,1489(E),27-03-2025,1.74028%
2025,Lignocaine (A) + Adrenaline (B),Injection 2% (A) + 1:200 000 (5 mcg / mL) (B),1 ML,1.07,1489(E),27-03-2025,1.74028%
2025,Linezolid,Tablet 600 mg,1 Tablet,36.29,1489(E),27-03-2025,1.74028%
2025,Linezolid,Tablet 300 mg,1 Tablet,23.04,1489(E),27-03-2025,1.74028%
2025,Lithium,Tablet 300 mg,1 Tablet,2.49,1489(E),27-03-2025,1.74028%
2025,Loperamide,Tablet 2 mg,1 Tablet,2.32,1489(E),27-03-2025,1.74028%
2025,Loperamide,Capsule 2 mg,1 Capsule,3.86,1489(E),27-03-2025,1.74028%
2025,Lopinavir (A) + Ritonavir (B),Tablet 200 mg (A) + 50 mg (B),1 Tablet,48.80,1489(E),27-03-2025,1.74028%
2025,Lorazepam,Tablet 1 mg,1 Tablet,2.35,1489(E),27-03-2025,1.74028%
2025,Lorazepam,Tablet 2 mg,1 Tablet,2.86,1489(E),27-03-2025,1.74028%
2025,Lorazepam,Injection 2 mg/mL,1 ML,8.24,1489(E),27-03-2025,1.74028%
2025,Magnesium sulphate,Injection 500 mg/mL,1 ML,4.95,1489(E),27-03-2025,1.74028%
2025,Mannitol,Injection 20 %,1 ML,0.36,1489(E),27-03-2025,1.74028%
2025,Mannitol,Injection 10 %,1 ML,0.19,1489(E),27-03-2025,1.74028%
2025,Measles Rubella vaccine,As licensed,Each Vial of 0.5 ML,72.43,1489(E),27-03-2025,1.74028%
2025,Measles  vaccine,As licensed,Each Vial of 0.5 ML,51.07,1489(E),27-03-2025,1.74028%
2025,Mebendazole,Tablet 100 mg,1 Tablet,2.95,1489(E),27-03-2025,1.74028%
2025,Mebendazole,Oral liquid 100 mg / 5 mL (p),1 ML,0.85,1489(E),27-03-2025,1.74028%
2025,Medroxyprogesterone acetate,Tablet 10 mg,1 Tablet,6.36,1489(E),27-03-2025,1.74028%
2025,Medroxyprogesterone acetate,Injection 150 mg/mL,1 ML,294.81,1489(E),27-03-2025,1.74028%
2025,Mefenamic acid,Oral liquid 100 mg / 5 mL (p),1 ML,0.57,1489(E),27-03-2025,1.74028%
2025,Mefenamic acid,Tablet 250 mg,1 Tablet,2.15,1489(E),27-03-2025,1.74028%
2025,Mefloquine,Tablet 250 mg,1 Tablet,53.07,1489(E),27-03-2025,1.74028%
2025,Meglumine diatrizoate,Injection 60 %w/v,1 ML,9.63,1489(E),27-03-2025,1.74028%
2025,Meglumine diatrizoate,Injection 76 %w/v,1 ML,10.38,1489(E),27-03-2025,1.74028%
2025,Melphalan,Tablet 2 mg,1 Tablet,92.93,1489(E),27-03-2025,1.74028%
2025,Melphalan,Tablet 5 mg,1 Tablet,87.54,1489(E),27-03-2025,1.74028%
2025,Meropenem,Powder for Injection 500 mg (as trihydrate),1 Vial,735.60,1489(E),27-03-2025,1.74028%
2025,Meropenem,Powder for Injection1000 mg (as trihydrate),1 Vial,969.32,1489(E),27-03-2025,1.74028%
2025,Mesna,Injection 100 mg/mL,1 ML,15.78,1489(E),27-03-2025,1.74028%
2025,Metformin,Tablet 1000 mg,1 Tablet,3.55,1489(E),27-03-2025,1.74028%
2025,Metformin,Tablet 500 mg,1 Tablet,2.06,1489(E),27-03-2025,1.74028%
2025,Metformin,Modified release Tablet 1000 mg,1 Tablet,4.12,1489(E),27-03-2025,1.74028%
2025,Methotrexate,Tablet 10 mg,1 tablet,13.52,1489(E),27-03-2025,1.74028%
2025,Methotrexate,Tablet 2.5 mg,1 tablet,5.40,1489(E),27-03-2025,1.74028%
2025,Methotrexate,Tablet 5 mg,1 Tablet,9.59,1489(E),27-03-2025,1.74028%
2025,Methylergometrine,Tablet 0.125 mg,1 Tablet,9.10,1489(E),27-03-2025,1.74028%
2025,Methylergometrine,Injection 0.2 mg/mL,1 ML,15.21,1489(E),27-03-2025,1.74028%
2025,Methylprednisolone,Injection 40 mg/mL,1 ML,46.46,1489(E),27-03-2025,1.74028%
2025,Metoclopramide,Tablet 10 mg,1 Tablet,1.37,1489(E),27-03-2025,1.74028%
2025,Metoclopramide,Injection 5 mg/mL (Less than 10 ML Pack),1 ML,2.72,1489(E),27-03-2025,1.74028%
2025,Metoclopramide,Injection 5 mg/mL (10 ML & More Pack),1 ML,1.66,1489(E),27-03-2025,1.74028%
2025,Metoclopramide,Oral liquid 5 mg / 5 mL(p),1 ML,0.51,1489(E),27-03-2025,1.74028%
2025,Metoprolol,Tablet 25 mg,1 Tablet,4.32,1489(E),27-03-2025,1.74028%
2025,Metoprolol,Tablet 50 mg,1 Tablet,5.94,1489(E),27-03-2025,1.74028%
2025,Metoprolol,Modified Release Tablet 100 mg,1 Tablet,15.25,1489(E),27-03-2025,1.74028%
2025,Metoprolol,Tablet 100 mg,1 Tablet,11.32,1489(E),27-03-2025,1.74028%
2025,Metoprolol,Capsule 25 mg,1 Capsule,4.21,1489(E),27-03-2025,1.74028%
2025,Metoprolol,Capsule 50 mg,1 Capsule,5.92,1489(E),27-03-2025,1.74028%
2025,Metoprolol,Injection 1 mg/ML,1 ML,3.46,1489(E),27-03-2025,1.74028%
2025,Metronidazole,Tablet 200 mg,1 Tablet,0.83,1489(E),27-03-2025,1.74028%
2025,Metronidazole,Tablet 400 mg,1 Tablet,1.55,1489(E),27-03-2025,1.74028%
2025,Metronidazole,Injection 500 mg / 100 mL,1 ML,0.21,1489(E),27-03-2025,1.74028%
2025,Metronidazole,Oral liquid 200 mg / 5 mL(p),1 ML,0.53,1489(E),27-03-2025,1.74028%
2025,Midazolam,Nasal Spray 1.25 mg/ actuation,1 ML,220.59,1489(E),27-03-2025,1.74028%
2025,Midazolam,Nasal Spray 0.5 mg/actuation,1 ML,81.32,1489(E),27-03-2025,1.74028%
2025,Midazolam,Injection 1 mg/mL,1 ML,6.02,1489(E),27-03-2025,1.74028%
2025,Midazolam,Injection 5 mg/mL,1 ML,11.07,1489(E),27-03-2025,1.74028%
2025,Mifepristone,Tablet 200 mg,1 Tablet,357.03,1489(E),27-03-2025,1.74028%
2025,Misoprostol,Tablet 200 mcg,1 Tablet,19.30,1489(E),27-03-2025,1.74028%
2025,Misoprostol,Tablet 100 mcg,1 Tablet,10.09,1489(E),27-03-2025,1.74028%
2025,Montelukast,Tablet 4 mg,1 Tablet,10.41,1489(E),27-03-2025,1.74028%
2025,Montelukast,Tablet 10 mg,1 Tablet,16.73,1489(E),27-03-2025,1.74028%
2025,Montelukast,Tablet 5 mg (including chewable Tablets),1 Tablet,12.22,1489(E),27-03-2025,1.74028%
2025,Morphine,Injection 10 mg/mL,1 ML,19.94,1489(E),27-03-2025,1.74028%
2025,Morphine,Injection 15 mg/mL,1 ML,15.19,1489(E),27-03-2025,1.74028%
2025,Moxifloxacin,Tablet 400 mg,1 Tablet,26.27,1489(E),27-03-2025,1.74028%
2025,Mupirocin,Ointment 2%,1 GM,20.64,1489(E),27-03-2025,1.74028%
2025,Mycophenolate mofetil,Tablet 250 mg,1 Tablet,50.46,1489(E),27-03-2025,1.74028%
2025,Mycophenolate mofetil,Tablet 500 mg,1 Tablet,75.89,1489(E),27-03-2025,1.74028%
2025,N-acetylcysteine,Injection 200 mg/mL,1 ML,24.05,1489(E),27-03-2025,1.74028%
2025,Naloxone,Injection 0.4 mg/mL,1 ML,94.34,1489(E),27-03-2025,1.74028%
2025,Natamycin,Drops 5%,1 ML,23.79,1489(E),27-03-2025,1.74028%
2025,Neostigmine,Injection 0.5 mg/mL,1 ML,5.10,1489(E),27-03-2025,1.74028%
2025,Neostigmine,Tablet 15 mg,1 Tablet,4.67,1489(E),27-03-2025,1.74028%
2025,Nevirapine,Tablet 200 mg,1 Tablet,16.07,1489(E),27-03-2025,1.74028%
2025,Nicotine (for nicotine replacement therapy),Lozenge 2 mg,1 Lozenges,8.06,1489(E),27-03-2025,1.74028%
2025,Nicotine (for nicotine replacement therapy),Gum 2 mg,1 Gum,8.74,1489(E),27-03-2025,1.74028%
2025,Nicotine (for nicotine replacement therapy),Gum 4 mg,1 Gum,10.83,1489(E),27-03-2025,1.74028%
2025,Nicotine (for nicotine replacement therapy),Lozenge 4 mg,1 Lozenges,9.92,1489(E),27-03-2025,1.74028%
2025,Nicotine (for nicotine replacement therapy),Oral Dosage forms 2 mg Pastille,1 Pastille,7.24,1489(E),27-03-2025,1.74028%
2025,Nicotine (for nicotine replacement therapy),Oral Dosage forms 4 mg Pastille,1 Pastille,7.97,1489(E),27-03-2025,1.74028%
2025,Nifedipine,Tablet 10 mg,1 Tablet,1.57,1489(E),27-03-2025,1.74028%
2025,Nifedipine,Capsule10 mg,1 Capsule,0.97,1489(E),27-03-2025,1.74028%
2025,Nitrofurantoin,Tablet 100 mg,1 Tablet,8.25,1489(E),27-03-2025,1.74028%
2025,Nitrofurantoin,Capsule 100 mg,1 Capsule,8.79,1489(E),27-03-2025,1.74028%
2025,Nitrofurantoin,Oral liquid 25 mg / 5 mL (p),1 ML,0.91,1489(E),27-03-2025,1.74028%
2025,Nitrous oxide,As licensed for medical purpose,1 Cubic Meter,290.96,1489(E),27-03-2025,1.74028%
2025,Noradrenaline,Injection 2 mg / mL,1 ML,20.52,1489(E),27-03-2025,1.74028%
2025,Norethisterone,Tablet 5 mg,1 Tablet,5.48,1489(E),27-03-2025,1.74028%
2025,Omeprazole,Capsule 20 mg,1 Capsule,2.92,1489(E),27-03-2025,1.74028%
2025,Omeprazole,Tablet 20 mg,1 Tablet,4.42,1489(E),27-03-2025,1.74028%
2025,Omeprazole,Capsule 10 mg,1 Capsule,2.45,1489(E),27-03-2025,1.74028%
2025,Omeprazole,Powder for oral liquid 20 mg,1 GM,1.54,1489(E),27-03-2025,1.74028%
2025,Omeprazole,Tablet 40 mg,1 Tablet,8.60,1489(E),27-03-2025,1.74028%
2025,Omeprazole,Capsule 40 mg,1 Capsule,5.77,1489(E),27-03-2025,1.74028%
2025,Ondansetron,Tablet 4 mg,1 Tablet,5.23,1489(E),27-03-2025,1.74028%
2025,Ondansetron,Oral liquid 2 mg / 5 mL(p),1 ML,1.28,1489(E),27-03-2025,1.74028%
2025,Ondansetron,Injection 2 mg/mL,1 ML,6.06,1489(E),27-03-2025,1.74028%
2025,Ondansetron,Tablet 8 mg,1 Tablet,9.22,1489(E),27-03-2025,1.74028%
2025,Oral rehydration salts,As licensed,1 ML,0.15,1489(E),27-03-2025,1.74028%
2025,Oral Rehydration Salts,As Licensed,1 GM,1.01,1489(E),27-03-2025,1.74028%
2025,Ormeloxifene (Centchroman),Tablet 30 mg,1 Tablet,8.59,1489(E),27-03-2025,1.74028%
2025,Oxaliplatin,Injection 5 mg/mL in 10 mL vial,1 Vial,2272.83,1489(E),27-03-2025,1.74028%
2025,Oxaliplatin,Injection 100 mg (as licensed),1 Vial,5066.34,1489(E),27-03-2025,1.74028%
2025,Oxygen – Liquid Medical Oxygen,As licensed for medical purpose,1 Cubic Meter,17.32,1489(E),27-03-2025,1.74028%
2025,Oxygen (in cylinder),As licensed for medical purpose,1 Cubic Meter,29.33,1489(E),27-03-2025,1.74028%
2025,Oxytocin,Injection 5 IU/mL,1 ML,18.15,1489(E),27-03-2025,1.74028%
2025,Oxytocin,Injection 10 IU/mL,1 ML,40.56,1489(E),27-03-2025,1.74028%
2025,Paclitaxel,"Injection 30 mg/5 mL, injection 100 mg/16.7 ml",1 ML,219.19,1489(E),27-03-2025,1.74028%
2025,Pantoprazole,Injection 40 mg,1 Vial,51.33,1489(E),27-03-2025,1.74028%
2025,Paracetamol,Tablet 650 mg,1 Tablet,2.04,1489(E),27-03-2025,1.74028%
2025,Paracetamol,Oral Liquid 125 mg/5 mL (p),1 ML,0.38,1489(E),27-03-2025,1.74028%
2025,Paracetamol,Oral Liquid 250 mg/5 mL (p),1 ML,0.68,1489(E),27-03-2025,1.74028%
2025,Paracetamol,Oral liquid 120 mg/5 mL (p),1 ML,0.62,1489(E),27-03-2025,1.74028%
2025,Paracetamol,Tablet 500 mg,1 Tablet,0.92,1489(E),27-03-2025,1.74028%
2025,Paracetamol,Suppository 80 mg,1 Suppository,6.78,1489(E),27-03-2025,1.74028%
2025,Paracetamol,Suppository 170 mg,1 Suppository,8.09,1489(E),27-03-2025,1.74028%
2025,Paracetamol,Injection 150 mg/mL (2 ML),1 ML,4.04,1489(E),27-03-2025,1.74028%
2025,Paracetamol,Injection150 mg/mL (100 ML),1 ML,1.63,1489(E),27-03-2025,1.74028%
2025,Peritoneal dialysis solution,As licensed,1 ML,,,,1.74028%
2025,Permethrin,Cream 5%,1 GM,1.88,1489(E),27-03-2025,1.74028%
2025,Permethrin,Lotion 1%,1 ML,1.02,1489(E),27-03-2025,1.74028%
2025,Permethrin,Cream 1%,1 GM,1.53,1489(E),27-03-2025,1.74028%
2025,Permethrin,Lotion 5%,1 ML or 1 GM,1.02,1489(E),27-03-2025,1.74028%
2025,Permethrin,Gel 5%,1 GM,1.33,1489(E),27-03-2025,1.74028%
2025,Pheniramine,Injection 22.75 mg/mL (2 ml),1 ML,2.81,1489(E),27-03-2025,1.74028%
2025,Pheniramine,Injection 22.75 mg/mL (10 ml),1 ML,2.10,1489(E),27-03-2025,1.74028%
2025,Phenobarbitone,Tablet 30 mg,1 Tablet,1.33,1489(E),27-03-2025,1.74028%
2025,Phenobarbitone,Tablet 60 mg,1 Tablet,1.92,1489(E),27-03-2025,1.74028%
2025,Phenobarbitone,Injection 200 mg/mL,1 ML,22.53,1489(E),27-03-2025,1.74028%
2025,Phenobarbitone,Oral liquid 20 mg/5mL (p),1 ML,0.50,1489(E),27-03-2025,1.74028%
2025,Phenytoin,Tablet 300 mg,1 Tablet,5.58,1489(E),27-03-2025,1.74028%
2025,Phenytoin,Injection 50 mg/mL,1 ML,6.05,1489(E),27-03-2025,1.74028%
2025,Phenytoin,Modified Release Tablet 300 mg,1 Tablet,6.68,1489(E),27-03-2025,1.74028%
2025,Phenytoin,Tablet 100 mg,1 Tablet,1.79,1489(E),27-03-2025,1.74028%
2025,Phenytoin,Tablet 50 mg,1 Tablet,0.85,1489(E),27-03-2025,1.74028%
2025,Phenytoin,Oral liquid 30 mg/5 mL(p),1 ML,0.36,1489(E),27-03-2025,1.74028%
2025,Phenytoin,Oral liquid 125 mg/5 mL(p),1 ML,1.12,1489(E),27-03-2025,1.74028%
2025,Phenytoin,Capsule 300 mg,1 Capsule,4.73,1489(E),27-03-2025,1.74028%
2025,Phenytoin,Capsule 100 mg,1 Capsule,1.86,1489(E),27-03-2025,1.74028%
2025,Phytomenadione (Vitamin K1),Injection 10 mg/mL,1 ML,54.01,1489(E),27-03-2025,1.74028%
2025,Phytomenadione (Vitamin K1),Tablet 10 mg,1 Tablet,14.79,1489(E),27-03-2025,1.74028%
2025,Pilocarpine,Drops 2 %,1 ML,16.53,1489(E),27-03-2025,1.74028%
2025,Piperacillin (A) + Tazobactam (B),Powder for Injection 1000 mg (A) + 125 mg (B),1 Vial,101.39,1489(E),27-03-2025,1.74028%
2025,Piperacillin (A) + Tazobactam (B),Powder for Injection 2000 mg (A) + 250 mg (B),1 Vial,194.88,1489(E),27-03-2025,1.74028%
2025,Piperacillin (A) + Tazobactam (B),Powder for Injection 4000 mg (A) + 500 mg (B),1 Vial,406.36,1489(E),27-03-2025,1.74028%
2025,Potassium chloride,Oral liquid 500 mg/5 mL,1 ML,0.31,1489(E),27-03-2025,1.74028%
2025,Potassium chloride,Injection 150 mg/mL,1 ML,2.44,1489(E),27-03-2025,1.74028%
2025,Povidone iodine,Solution 5%,1 ML,0.45,1489(E),27-03-2025,1.74028%
2025,Povidone iodine,Solution 7.5%,1 ML,0.83,1489(E),27-03-2025,1.74028%
2025,Povidone iodine,Solution 10%,1 ML,0.98,1489(E),27-03-2025,1.74028%
2025,Povidone iodine,Solution 4%,1 ML,1.77,1489(E),27-03-2025,1.74028%
2025,Povidone iodine,Ointment 10%,1 gm,6.59,1487(E),27-03-2025,1.74028%
2025,Pralidoxime chloride (2-PAM),Injection 25 mg/mL,1 ML,4.64,1489(E),27-03-2025,1.74028%
2025,Prednisolone,Tablet 40 mg,1 Tablet,3.47,1489(E),27-03-2025,1.74028%
2025,Prednisolone,Oral liquid 5 mg/5 mL(p),1 ML,0.50,1489(E),27-03-2025,1.74028%
2025,Prednisolone,Oral liquid 15 mg/5 mL(p),1 ML,0.87,1489(E),27-03-2025,1.74028%
2025,Prednisolone,Tablet 10 mg,1 Tablet,1.22,1489(E),27-03-2025,1.74028%
2025,Prednisolone,Tablet 5 mg,1 Tablet,0.69,1489(E),27-03-2025,1.74028%
2025,Prednisolone,Tablet 20 mg,1 Tablet,2.44,1489(E),27-03-2025,1.74028%
2025,Prednisolone,Drops 1%,1 ML,5.86,1489(E),27-03-2025,1.74028%
2025,Premix Insulin 30:70 Injection (Regular:NPH),Injection 40 IU /ml,1 ml,17.29,1489(E),27-03-2025,1.74028%
2025,Primaquine,Tablet 7.5 mg,1 Tablet,2.42,1489(E),27-03-2025,1.74028%
2025,Primaquine,Tablet 15 mg,1 Tablet,5.23,1489(E),27-03-2025,1.74028%
2025,Primaquine,Tablet 2.5 mg,1 Tablet,1.78,1489(E),27-03-2025,1.74028%
2025,Proparacaine,Eye Drops 0.5%,1 ML,10.43,1489(E),27-03-2025,1.74028%
2025,Propofol,Injection 10 mg/mL,1 ML,6.61,1489(E),27-03-2025,1.74028%
2025,Propranolol,Tablet 40 mg,1 Tablet,3.28,1489(E),27-03-2025,1.74028%
2025,Propranolol,Tablet 10 mg,1 Tablet,1.33,1489(E),27-03-2025,1.74028%
2025,Propranolol,Tablet 20 mg,1 Tablet,3.26,1489(E),27-03-2025,1.74028%
2025,Propranolol,Capsule 40 mg,1 Capsule,4.32,1489(E),27-03-2025,1.74028%
2025,Propranolol,Capsule 20 mg,1 Capsule,2.39,1489(E),27-03-2025,1.74028%
2025,Propranolol,Capsule 10 mg,1 Capsule,2.03,1489(E),27-03-2025,1.74028%
2025,Protamine Sulphate,Injection 10 mg/mL,1 ML,9.95,1489(E),27-03-2025,1.74028%
2025,Pyrazinamide,Tablet 1000 mg,1 Tablet,10.71,1489(E),27-03-2025,1.74028%
2025,Pyrazinamide,Tablet 500 mg,1 Tablet,4.98,1489(E),27-03-2025,1.74028%
2025,Pyrazinamide,Tablet 750 mg,1 Tablet,7.34,1489(E),27-03-2025,1.74028%
2025,Pyrazinamide,Tablet 1500 mg,1 Tablet,12.02,1489(E),27-03-2025,1.74028%
2025,Pyridoxine,Tablet 100 mg,1 Tablet,6.08,1489(E),27-03-2025,1.74028%
2025,Pyridoxine,Tablet 10 mg,1 Tablet,0.11,1489(E),27-03-2025,1.74028%
2025,Quinine,Tablet 300 mg,1 Tablet,5.75,1489(E),27-03-2025,1.74028%
2025,Quinine,Injection 300 mg/mL,1 ML,9.67,1489(E),27-03-2025,1.74028%
2025,Rabies vaccine,As licensed,1 Vial,385.30,1489(E),27-03-2025,1.74028%
2025,Raltegravir,Tablet 400 mg,1 Tablet,150.37,1489(E),27-03-2025,1.74028%
2025,Ramipril,Tablet 2.5 mg,1 Tablet,5.30,1489(E),27-03-2025,1.74028%
2025,Ramipril,Tablet 5 mg,1 Tablet,8.32,1489(E),27-03-2025,1.74028%
2025,Ramipril,Capsule 2.5 mg,1 Capsule,4.74,1489(E),27-03-2025,1.74028%
2025,Ramipril,Capsule 5 mg,1 Capsule,7.32,1489(E),27-03-2025,1.74028%
2025,Ribavirin,Capsule 200 mg,1 Capsule,26.95,1489(E),27-03-2025,1.74028%
2025,Riboflavin,Tablet 10mg,1 Tablet,,,,1.74028%
2025,Rifampicin,Capsule 600 mg,1 Capsule,11.56,1489(E),27-03-2025,1.74028%
2025,Rifampicin,Capsule 450 mg,1 Capsule,5.77,1489(E),27-03-2025,1.74028%
2025,Rifampicin,Capsule 150 mg,1 Capsule,2.33,1489(E),27-03-2025,1.74028%
2025,Rifampicin,Capsule 300 mg,1 Capsule,4.69,1489(E),27-03-2025,1.74028%
2025,Rifampicin,Tablet 300 mg,1 Tablet,,,,1.74028%
2025,Rifampicin,Oral liquid 100 mg/5 mL(p),1 ML,0.48,1489(E),27-03-2025,1.74028%
2025,Risperidone,Tablet 1 mg,1 Tablet,3.08,1489(E),27-03-2025,1.74028%
2025,Risperidone,Tablet 2 mg,1 Tablet,4.56,1489(E),27-03-2025,1.74028%
2025,Risperidone,Tablet 4 mg,1 Tablet,7.49,1489(E),27-03-2025,1.74028%
2025,Risperidone,Oral liquid 1 mg/mL,1 ML,2.25,1489(E),27-03-2025,1.74028%
2025,Risperidone,Injection (Long acting) 25 mg,1 ML,1963.89,1489(E),27-03-2025,1.74028%
2025,Risperidone,Injection (Long acting) 37.5 mg,1 ML,2695.52,1489(E),27-03-2025,1.74028%
2025,Ritonavir,Tablet 100 mg,1 Tablet,29.72,1489(E),27-03-2025,1.74028%
2025,Rituximab,Injection 10 mg/mL,1 ML,775.07,1489(E),27-03-2025,1.74028%
2025,Rota virus vaccine,As licensed,1 Vial,869.45,1489(E),27-03-2025,1.74028%
2025,Salbutamol,Tablet 4 mg,1 Tablet,0.33,1489(E),27-03-2025,1.74028%
2025,Salbutamol,Tablet 2 mg,1 Tablet,0.27,1489(E),27-03-2025,1.74028%
2025,Salbutamol,Oral liquid 2 mg/5 mL,1 ML,0.18,1489(E),27-03-2025,1.74028%
2025,Salbutamol,Inhalation (MDI/DPI) 100 mcg/dose,1 Dose,0.50,1489(E),27-03-2025,1.74028%
2025,Salbutamol,Respirator Solution (Solution for Nebulizer 5 mg/mL),1 ML,1.04,1489(E),27-03-2025,1.74028%
2025,Salicylic acid,Ointment 6%,1 GM,2.06,1489(E),27-03-2025,1.74028%
2025,Salicylic acid,Ointment 3%,1 GM,2.10,1489(E),27-03-2025,1.74028%
2025,Sevoflurane,Liquid for inhalation,1 ML,31.71,1489(E),27-03-2025,1.74028%
2025,Snake venom antiserum,Lyophilized polyvalent - As Licensed,1 Vial of 10 ML,676.84,1489(E),27-03-2025,1.74028%
2025,Snake Venom Antiserum,Soluble/ Liquid Polyvalent - As Licensed,1 Vial of 10 ML,436.13,1489(E),27-03-2025,1.74028%
2025,Sodium bicarbonate,Injection (as per IP) - 8.4%,1 ML,1.37,1489(E),27-03-2025,1.74028%
2025,Sodium bicarbonate,Injection (as per IP) - 7.5%,1 ML,1.03,1489(E),27-03-2025,1.74028%
2025,Sodium nitroprusside,Injection10mg/mL,1 ML,,,,1.74028%
2025,Sodium Valproate,Tablet 300 mg,1 Tablet,4.54,1489(E),27-03-2025,1.74028%
2025,Sodium Valproate,Oral liquid 200 mg/5 mL(p),1 ML,0.66,1489(E),27-03-2025,1.74028%
2025,Sodium Valproate,Tablet 200 mg,1 Tablet,3.65,1489(E),27-03-2025,1.74028%
2025,Sodium Valproate,Modified Release – Tablet 500 mg,1 Tablet,9.44,1489(E),27-03-2025,1.74028%
2025,Sodium Valproate,Tablet 500 mg,1 Tablet,8.26,1489(E),27-03-2025,1.74028%
2025,Sodium Valproate,Modified Release – Tablet 300 mg,1 Tablet,6.21,1489(E),27-03-2025,1.74028%
2025,Sodium Valproate,Injection 100 mg/mL,1 ML,6.87,1489(E),27-03-2025,1.74028%
2025,Sofosbuvir,Tablet 400 mg,1 Tablet,534.26,1489(E),27-03-2025,1.74028%
2025,Somatostatin,Powder for Injection 3 mg,1 Vial,1382.65,1489(E),27-03-2025,1.74028%
2025,Spironolactone,Tablet 50 mg,1 Tablet,4.45,1489(E),27-03-2025,1.74028%
2025,Spironolactone,Tablet 25 mg,1 Tablet,2.23,1489(E),27-03-2025,1.74028%
2025,Streptokinase,"Injection 15,00,000 IU",1 Vial,1910.00,1489(E),27-03-2025,1.74028%
2025,Streptomycin,Powder for Injection 750 mg,1 Vial,15.41,1489(E),27-03-2025,1.74028%
2025,Streptomycin,Powder for Injection 1000 mg,1 Vial,16.57,1489(E),27-03-2025,1.74028%
2025,Succinylcholine,Injection 50 mg/mL,1 ML,5.30,1489(E),27-03-2025,1.74028%
2025,Sulfasalazine,Tablet 500 mg,1 Tablet,4.80,1489(E),27-03-2025,1.74028%
2025,Sumatriptan,Tablet 25 mg,1 Tablet,33.07,1489(E),27-03-2025,1.74028%
2025,Sumatriptan,Tablet 50 mg,1 Tablet,56.65,1489(E),27-03-2025,1.74028%
2025,Surfactant,Suspension for intratracheal instillation (As liensed),Per mg of Phospholipids in the pack,84.72,1487(E),27-03-2025,1.74028%
2025,Tacrolimus,Capsule 0.5 mg,1 Capsule,21.02,1489(E),27-03-2025,1.74028%
2025,Tacrolimus,Capsule 1 mg,1 Capsule,41.33,1489(E),27-03-2025,1.74028%
2025,Tacrolimus,Capsule 2 mg,1 Capsule,85.81,1489(E),27-03-2025,1.74028%
2025,Tacrolimus,Tablet 1 mg,1 Tablet,40.68,1489(E),27-03-2025,1.74028%
2025,Tacrolimus,Tablet 2 mg,1 Tablet,79.04,1489(E),27-03-2025,1.74028%
2025,Tacrolimus,Tablet 0.5 mg,1 Tablet,21.33,1489(E),27-03-2025,1.74028%
2025,Tamoxifen,Tablet 20 mg,1 Tablet,3.00,1489(E),27-03-2025,1.74028%
2025,Tamoxifen,Tablet 10 mg,1 Tablet,2.25,1489(E),27-03-2025,1.74028%
2025,Telmisartan,Tablet 20 mg,1 Tablet,3.95,1489(E),27-03-2025,1.74028%
2025,Telmisartan,Tablet 40 mg,1 Tablet,6.88,1489(E),27-03-2025,1.74028%
2025,Telmisartan,Tablet 80 mg,1 Tablet,10.58,1489(E),27-03-2025,1.74028%
2025,Temozolomide,Capsule 20 mg,1 Capsule,449.01,1489(E),27-03-2025,1.74028%
2025,Temozolomide,Capsule 250 mg,1 Capsule,4378.91,1489(E),27-03-2025,1.74028%
2025,Temozolomide,Capsule 100 mg,1 Capsule,1534.96,1489(E),27-03-2025,1.74028%
2025,Temozolomide,Tablet 20 mg,1 Tablet,342.51,1489(E),27-03-2025,1.74028%
2025,Temozolomide,Tablet 250 mg,1 Tablet,3823.55,1489(E),27-03-2025,1.74028%
2025,Tenecteplase,Injection 40 mg/vial,1 Vial,51266.61,1489(E),27-03-2025,1.74028%
2025,Tenecteplase,Injection 30 mg/vial,1 Vial,37552.36,1489(E),27-03-2025,1.74028%
2025,Teneligliptin,Tablet 20 mg,1 Tablet,11.28,1489(E),27-03-2025,1.74028%
2025,Tenofovir Alafenamide Fumarate (TAF),Tablet 25 mg,1 Tablet,49.72,1489(E),27-03-2025,1.74028%
2025,Tenofovir Disproxil Fumarate (A) + Lamivudine (B),Tablet 300mg (A) + 300 mg (B),1 Tablet,46.37,1489(E),27-03-2025,1.74028%
2025,"Tenofovir Disproxil Fumarate (A)
+ Lamivudine (B) + Efavirenz (C)",Tablet 300 mg (A) + 300 mg (B) + 600 mg (C),1 Tablet,104.64,1489(E),27-03-2025,1.74028%
2025,Tenofovir Disproxil Fumarate (TDF),Tablet 300 mg,1 Tablet,46.64,1489(E),27-03-2025,1.74028%
2025,Tenofovir Disproxil Fumarate + Lamivudine + Dolutegravir,Tablet 300 mg + 300mg + 50 mg,1 Tablet,116.99,1489(E),27-03-2025,1.74028%
2025,Terbinafine,Cream 1%,1 GM,5.35,1489(E),27-03-2025,1.74028%
2025,Tetanus toxoid,As licensed (5 ml),1 Vial,25.97,1489(E),27-03-2025,1.74028%
2025,Tetanus toxoid,As licensed (0.5 ml),1 Vial (0.5ML),12.69,1489(E),27-03-2025,1.74028%
2025,Thalidomide,Capsule 50 mg,1 Capsule,31.70,1489(E),27-03-2025,1.74028%
2025,Thalidomide,Capsule 100 mg,1 Capsule,63.09,1489(E),27-03-2025,1.74028%
2025,Thiamine,Tablet 100 mg,1 Tablet,4.54,1489(E),27-03-2025,1.74028%
2025,Thiamine,Injection 100 mg/mL,1 ML,27.16,1489(E),27-03-2025,1.74028%
2025,Thiopentone,Powder for injection 1 g,1 Vial,56.28,1489(E),27-03-2025,1.74028%
2025,Thiopentone,Powder for injection 0.5 g,1 Vial,46.49,1489(E),27-03-2025,1.74028%
2025,Timolol,Drops 0.5 %,1 ML,13.63,1489(E),27-03-2025,1.74028%
2025,Tiotropium,Inhalation (MDI) 9 mcg/dose,1 Metered Dose,2.83,1489(E),27-03-2025,1.74028%
2025,Tiotropium,Inhalation (DPI) 18 mcg/dose,1 Dose,10.90,1489(E),27-03-2025,1.74028%
2025,Tramadol,Injection 50 mg/mL (upto 2 ml pack),1 ML,11.99,1489(E),27-03-2025,1.74028%
2025,Tramadol,Capsule 50 mg,1 Capsule,4.90,1489(E),27-03-2025,1.74028%
2025,Tramadol,Capsule 100 mg,1 Capsule,9.20,1489(E),27-03-2025,1.74028%
2025,Tramadol,Tablet 50 mg,1 Tablet,9.87,1489(E),27-03-2025,1.74028%
2025,Tramadol,Tablet 100 mg,1 Tablet,24.91,1489(E),27-03-2025,1.74028%
2025,Tranexamic acid,Injection 100 mg/mL,1 ML,13.95,1489(E),27-03-2025,1.74028%
2025,Tranexamic acid,Tablet 500 mg,1 Tablet,18.86,1489(E),27-03-2025,1.74028%
2025,Trastuzumab,Injection 440 mg/50 mL,1 Vial,55677.58,1489(E),27-03-2025,1.74028%
2025,Trihexyphenidyl,Tablet 2 mg,1 Tablet,1.39,1489(E),27-03-2025,1.74028%
2025,Tropicamide,Eye drop 1 %,1 ML,9.59,1489(E),27-03-2025,1.74028%
2025,Valganciclovir,Tablet 450 mg,1 Tablet,415.38,1489(E),27-03-2025,1.74028%
2025,Vancomycin,Powder for Injection 500 mg,1 Vial,323.17,1489(E),27-03-2025,1.74028%
2025,Vancomycin,Powder for Injection 1000 mg,1 Vial,478.45,1489(E),27-03-2025,1.74028%
2025,Vancomycin,Powder for Injection 250 mg,1 Vial,255.62,1489(E),27-03-2025,1.74028%
2025,Vancomycin,Capsule 250 mg,1 Capsule,155.04,1489(E),27-03-2025,1.74028%
2025,Vecuronium,Powder for injection 10 mg,1 Vial,119.41,1489(E),27-03-2025,1.74028%
2025,Vecuronium,Powder for injection 4 mg,1 Vial,75.69,1489(E),27-03-2025,1.74028%
2025,Verapamil,Tablet 80 mg,1 Tablet,1.62,1489(E),27-03-2025,1.74028%
2025,Verapamil,Tablet 40 mg,1 Tablet,0.87,1489(E),27-03-2025,1.74028%
2025,Vincristine,Injection 1 mg/mL,1 ML,58.52,1489(E),27-03-2025,1.74028%
2025,Vitamin A,Tablet 50000 IU (including Chewable Tablet),1 Tablet,0.74,1489(E),27-03-2025,1.74028%
2025,Vitamin A,Injection 50000 IU/mL,1 ML,2.30,1489(E),27-03-2025,1.74028%
2025,Warfarin,Tablet 5 mg,1 Tablet,2.44,1489(E),27-03-2025,1.74028%
2025,Warfarin,Tablet 3 mg,1 Tablet,3.24,1489(E),27-03-2025,1.74028%
2025,Warfarin,Tablet 2 mg,1 Tablet,2.77,1489(E),27-03-2025,1.74028%
2025,Warfarin,Tablet 1 mg,1 Tablet,2.50,1489(E),27-03-2025,1.74028%
2025,Water for injection,Injection,Each Pack (10 ML),2.46,1489(E),27-03-2025,1.74028%
2025,Xylometazoline,Nasal drops 0.05 %,1 ML,4.26,1489(E),27-03-2025,1.74028%
2025,Xylometazoline,Nasal drops 0.1%,1 ML,5.21,1489(E),27-03-2025,1.74028%
2025,Zidovudine,Tablet 300 mg,1 Tablet,13.83,1489(E),27-03-2025,1.74028%
2025,Zidovudine (A) + Lamivudine (B) + Nevirapine (C),Tablet 300 mg (A) + 150 mg (B) + 200 mg (c),1 Tablet,21.50,1489(E),27-03-2025,1.74028%
2025,Zidovudine (A) + Lamivudine (B),Tablet 300 mg (A) + 150 mg (B),1 Tablet,21.46,1489(E),27-03-2025,1.74028%
2025,Zinc Sulphate,Dispersible Tablet 20 mg,1 Tablet,3.47,1489(E),27-03-2025,1.74028%
2025,Zoledronic acid,Powder for Injection 4 mg,1 Vial,2433.68,1489(E),27-03-2025,1.74028%
2025,Zolpidem,Tablet 5 mg,1 Tablet,6.32,1489(E),27-03-2025,1.74028%
2025,Zolpidem,Tablet 10 mg,1 Tablet,8.66,1489(E),27-03-2025,1.74028%
2025,5-amino salicylic Acid,Suppository 500 mg Retention Enema,1 Suppository,21.42,1487(E),27-03-2025,1.74028%
2025,Abacavir (A) + Lamivudine (B),Tablet 60 mg (A) + 30 mg (B),1 Tablet,25.44,1487(E),27-03-2025,1.74028%
2025,Acetylsalicylic acid,Effervescent/ Dispersible/ Enteric coated Tablet 100 mg,1 Tablet,0.22,1487(E),27-03-2025,1.74028%
2025,Acetylsalicylic acid,Tablet 100 mg,1 Tablet,0.21,1487(E),27-03-2025,1.74028%
2025,Acetylsalicylic acid,Tablet 350 mg,1 Tablet,0.39,1487(E),27-03-2025,1.74028%
2025,Acetylsalicylic acid,Tablet 75 mg,1 Tablet,0.39,1487(E),27-03-2025,1.74028%
2025,Acetylsalicylic acid,Tablet 150 mg,1 Tablet,0.51,1487(E),27-03-2025,1.74028%
2025,All-trans Retinoic Acid,Capsule 10 mg,1 Capsule,103.62,1487(E),27-03-2025,1.74028%
2025,Anti-D immunoglobulin,Injection 300 mcg,Each Pack,2703.72,1487(E),27-03-2025,1.74028%
2025,Anti-D Immunoglobulin,Injection 150 mcg,Each Vial,2107.45,1487(E),27-03-2025,1.74028%
2025,Artesunate (A) + Sulphadoxine - Pyrimethamine (B),1 Tablet 100 mg (A) + 1 Tablet (750 mg + 37.5 mg) (B),Combi pack,37.36,1487(E),27-03-2025,1.74028%
2025,Artesunate (A) + Sulphadoxine - Pyrimethamine (B),1 Tablet 150 mg (A) + 2 Tablet (500 mg + 25 mg) (B),Combi pack,50.72,1487(E),27-03-2025,1.74028%
2025,Artesunate (A) + Sulphadoxine - Pyrimethamine (B),1 Tablet 200 mg  (A) + 2 Tablet (750 mg+ 37.5 mg) (B),Combi pack,46.24,1487(E),27-03-2025,1.74028%
2025,Artesunate (A) + Sulphadoxine - Pyrimethamine (B),1 Tablet 25 mg (A) + 1 Tablet (250 mg+ 12.5 mg) (B),Combi pack,24.91,1487(E),27-03-2025,1.74028%
2025,Benzoyl Peroxide,Cream 2.5%,1 gm,2.95,1487(E),27-03-2025,1.74028%
2025,Benzyl penicillin,Powder for Injection 10 Lac Units,Each Pack,14.82,1487(E),27-03-2025,1.74028%
2025,Betamethasone,Gel 0.05%,1 gm,0.67,1487(E),27-03-2025,1.74028%
2025,Betamethasone,Lotion 0.1%,1 ml,1.04,1487(E),27-03-2025,1.74028%
2025,Betamethasone,Lotion 0.5%,1 ml,0.67,1487(E),27-03-2025,1.74028%
2025,Budesonide,Nasal Spray 50 mcg / dose,1 Dose,1.29,1487(E),27-03-2025,1.74028%
2025,Budesonide,Inhalation (DPI) 100 mcg / dose,1 Dose,2.53,1487(E),27-03-2025,1.74028%
2025,Calcium Carbonate,Tablet 500 mg,1 Tablet,2.19,1487(E),27-03-2025,1.74028%
2025,Calcium gluconate,Injection 100 mg/ml,1 ml,0.69,1487(E),27-03-2025,1.74028%
2025,Cefadroxil,Capsule 500 mg,1 Capsule,9.05,1487(E),27-03-2025,1.74028%
2025,Cefazolin,Powder for Injection 1 gm,Each Pack,31.09,1487(E),27-03-2025,1.74028%
2025,Cefazolin,Powder for Injection 500 mg,Each Pack,19.71,1487(E),27-03-2025,1.74028%
2025,Cefixime,Capsule 400 mg,1 Capsule,37.04,1487(E),27-03-2025,1.74028%
2025,Cetirizine,Capsule 10 mg,1 Capsule,3.01,1487(E),27-03-2025,1.74028%
2025,Chlorhexidine,Solution 5% (Concentrate for dilution),1 ml,0.19,1487(E),27-03-2025,1.74028%
2025,Cloxacillin,Tablet 250 mg,1 Tablet,2.19,1487(E),27-03-2025,1.74028%
2025,Cloxacillin,Powder for Injection 250 mg,Each Pack,5.63,1487(E),27-03-2025,1.74028%
2025,Coagulation factor IX,Powder for Injection 600 IU,Each Pack,15606.71,1487(E),27-03-2025,1.74028%
2025,Coagulation factor VIII,Powder for Injection 250 IU,Each pack,4731.08,1487(E),27-03-2025,1.74028%
2025,Coagulation factor VIII,Powder for Injection 500 IU,Each Pack,11609.72,1487(E),27-03-2025,1.74028%
2025,Cyclosporine,Injection 50 mg/ml,1 ml,341.64,1487(E),27-03-2025,1.74028%
2025,Daunarubicin,Powder for I.V. Injection 20 mg (5 mg/ml),Each pack,308.03,1487(E),27-03-2025,1.74028%
2025,Dextran-40,Injection 10%,1 ml,1.07,1487(E),27-03-2025,1.74028%
2025,Diazepam,Oral Liquid 2 mg/5ml,1 ml,3.46,1487(E),27-03-2025,1.74028%
2025,Diclofenac,Capsule 50 mg,1 Capsule,0.77,1487(E),27-03-2025,1.74028%
2025,Dicyclomine,Oral Solution 10 mg/5 ml,1 ml,0.20,1487(E),27-03-2025,1.74028%
2025,Dicyclomine,Tablet 10 mg,1 Tablet,0.13,1487(E),27-03-2025,1.74028%
2025,Dinoprostone,Tablet 0.5 mg,1 Tablet,63.39,1487(E),27-03-2025,1.74028%
2025,Diphtheria antitoxin,10000 IU,Each Pack,1660.10,1487(E),27-03-2025,1.74028%
2025,DPT vaccine,-,Per 0.5 ml,17.95,1487(E),27-03-2025,1.74028%
2025,Efavirenz,Capsule 600 mg,1 Capsule,79.45,1487(E),27-03-2025,1.74028%
2025,Ethyl Alcohol (Denatured),Solution 70%,1 ml,0.54,1487(E),27-03-2025,1.74028%
2025,Ferrous Salt (A) + Folic Acid (B),Tablet 100 mg elemental iron (A) + 500 mcg (B),1 Tablet,0.28,1487(E),27-03-2025,1.74028%
2025,Fluconazole,Oral Liquid 50 mg/5 ml,1 ml,3.31,1487(E),27-03-2025,1.74028%
2025,Gadobenate,Injection 529 mg/ml,1 ml,138.05,1487(E),27-03-2025,1.74028%
2025,Glucose,Injection 50%,1 ml,0.62,1487(E),27-03-2025,1.74028%
2025,Glucose,Injection 5%,1000 ml Glass,81.34,1487(E),27-03-2025,1.74028%
2025,Glucose,Injection 5%,1000 ml Non- Glass,65.67,1487(E),27-03-2025,1.74028%
2025,Glucose,Injection 5%,100ml Glass,22.84,1487(E),27-03-2025,1.74028%
2025,Glucose,Injection 5%,100 ml Non- Glass,20.67,1487(E),27-03-2025,1.74028%
2025,Glucose,Injection 5%,250 ml Glass,31.55,1487(E),27-03-2025,1.74028%
2025,Glucose,Injection 5%,250 ml Non- Glass,28.51,1487(E),27-03-2025,1.74028%
2025,Glucose,Injection 5%,500 ml Glass,44.79,1487(E),27-03-2025,1.74028%
2025,Glucose,Injection 5%,500 ml Non- Glass,38.64,1487(E),27-03-2025,1.74028%
2025,Glucose,Injection 10%,Each Pack (1000 ml),32.72,1487(E),27-03-2025,1.74028%
2025,Glucose,Injection 10%,Each Pack (500 ml),35.58,1487(E),27-03-2025,1.74028%
2025,Glucose (A) + Sodium Chloride (B),Injection 5% (A) + 0.9% (B),1000 ml Glass,81.88,1487(E),27-03-2025,1.74028%
2025,Glucose (A) + Sodium Chloride (B),Injection 5% (A) + 0.9% (B),1000 ml Non- Glass,66.16,1487(E),27-03-2025,1.74028%
2025,Glucose (A) + Sodium Chloride (B),Injection 5% (A) + 0.9% (B),100 ml Glass,22.89,1487(E),27-03-2025,1.74028%
2025,Glucose (A) + Sodium Chloride (B),Injection 5% (A) + 0.9% (B),100 ml Non- Glass,20.69,1487(E),27-03-2025,1.74028%
2025,Glucose (A) + Sodium Chloride (B),Injection 5% (A) + 0.9% (B),250 ml Glass,31.68,1487(E),27-03-2025,1.74028%
2025,Glucose (A) + Sodium Chloride (B),Injection 5% (A) + 0.9% (B),250 ml Non- Glass,28.61,1487(E),27-03-2025,1.74028%
2025,Glucose (A) + Sodium Chloride (B),Injection 5% (A) + 0.9% (B),500 ml Glass,45.00,1487(E),27-03-2025,1.74028%
2025,Glucose (A) + Sodium Chloride (B),Injection 5% (A) + 0.9% (B),500 ml Non- Glass,38.87,1487(E),27-03-2025,1.74028%
2025,Glutaraldehyde,Solution 2%,1 ml,0.08,1487(E),27-03-2025,1.74028%
2025,Griseofulvin,Tablet 125 mg,1 Tablet,1.04,1487(E),27-03-2025,1.74028%
2025,Griseofulvin,Tablet 375 mg,1 Tablet,5.44,1487(E),27-03-2025,1.74028%
2025,Haemodialysis fluid,As license,1 ml,0.04,1487(E),27-03-2025,1.74028%
2025,Human Normal Immunoglobulin,Solution for infusion 5%,1 ml,195.41,1487(E),27-03-2025,1.74028%
2025,Human Normal Immunoglobulin,Solution for infusion 10%,1 ml,264.57,1487(E),27-03-2025,1.74028%
2025,Human Normal Immunoglobulin,Solution for infusion 16.5%,1 ml,503.13,1487(E),27-03-2025,1.74028%
2025,Hydrochlorothiazide,Tablet 50 mg,1 Tablet,0.10,1487(E),27-03-2025,1.74028%
2025,Hydrogen peroxide,Solution 6%,1 ml,0.04,1487(E),27-03-2025,1.74028%
2025,Hydroxocobalamin,Injection 1 mg/ml,1 ml,12.52,1487(E),27-03-2025,1.74028%
2025,Ibuprofen,Capsule 400 mg,1 Capsule,1.33,1487(E),27-03-2025,1.74028%
2025,Ibuprofen,Capsule 200 mg,1 Soft gelatin capsule,3.39,1487(E),27-03-2025,1.74028%
2025,Imatinib,Capsule 400 mg,1 Capsule,323.54,1487(E),27-03-2025,1.74028%
2025,Ipratropium,Inhalation (MDI/DPI) 20 mcg/dose,1 Dose,0.77,1487(E),27-03-2025,1.74028%
2025,Ipratropium,Respirator solution for use in Nebulizer 250 mcg/ml,1 ml,3.20,1487(E),27-03-2025,1.74028%
2025,Ketamine,Injection 10 mg/ml,1 ml,13.42,1487(E),27-03-2025,1.74028%
2025,Levonorgestrel,Tablet 0.75 mg,1 Tablet,29.15,1487(E),27-03-2025,1.74028%
2025,Levothyroxine,Tablet 37.50 mcg,1 Tablet,1.50,1487(E),27-03-2025,1.74028%
2025,Lignocaine (A) + Adrenaline (B),Injection 1% (A) + 1:200000 (5 mcg/ml) (B),1 ml,0.57,1487(E),27-03-2025,1.74028%
2025,Lopinavir (A) + Ritonavir (B),Tablet 100 mg(A) + 25 mg (B),1 Tablet,29.79,1487(E),27-03-2025,1.74028%
2025,Methotrexate,Injection 50 mg/ml,1 ml,50.73,1487(E),27-03-2025,1.74028%
2025,Methylrosanilinium chloride (Gentian Violet),Paint 1%,1 ml,0.10,1487(E),27-03-2025,1.74028%
2025,Methylthioninium chloride (Methylene blue),Injection 10 mg/ml,1 ml,27.60,1487(E),27-03-2025,1.74028%
2025,Midazolam,Tablet 7.5 mg,1 Tablet,28.43,1487(E),27-03-2025,1.74028%
2025,Morphine,SR Tablet 30 mg,1 Tablet,6.90,1487(E),27-03-2025,1.74028%
2025,Morphine,Tablet 10 mg,1 Tablet,6.75,1487(E),27-03-2025,1.74028%
2025,N-acetylcysteine,Sachet 200 mg,1 gm,11.39,1487(E),27-03-2025,1.74028%
2025,Nevirapine,Oral Liquid 50 mg/5 ml,1 ml,1.06,1487(E),27-03-2025,1.74028%
2025,Omeprazole,Tablet 10 mg,1 Tablet,5.62,1487(E),27-03-2025,1.74028%
2025,Oral poliomyelitis vaccine,-,1 ml,129.89,1487(E),27-03-2025,1.74028%
2025,Para-aminosalicylic acid,Granules (As licensed),1 gm,3.60,1487(E),27-03-2025,1.74028%
2025,Paracetamol,Injection 150 mg/ml,Each Pack ( 0.5 ml),3.89,1487(E),27-03-2025,1.74028%
2025,Paracetamol,Injection 150 mg/ml,Each Pack (1 ml),5.31,1487(E),27-03-2025,1.74028%
2025,Paracetamol,Injection 150 mg/ml,Each Pack (3 ml),11.03,1487(E),27-03-2025,1.74028%
2025,Paracetamol,Injection 150 mg/ml,Each Pack (4 ml),13.89,1487(E),27-03-2025,1.74028%
2025,Paracetamol,Injection 150 mg/ml,Each Pack (5 ml),16.75,1487(E),27-03-2025,1.74028%
2025,Paracetamol,Injection 150 mg/ml,Each Pack (7 ml),22.45,1487(E),27-03-2025,1.74028%
2025,Penicillamine,Capsule 250 mg,1 Capsule,18.82,1487(E),27-03-2025,1.74028%
2025,Phenylephrine,Drop 10%,1 ml,10.24,1487(E),27-03-2025,1.74028%
2025,Phenylephrine,Drops 5%,1 ml,4.72,1487(E),27-03-2025,1.74028%
2025,Phenytoin,ER Capsule 300 mg,1 Capsule,4.82,1487(E),27-03-2025,1.74028%
2025,Phenytoin,Injection 25 mg/ml,1 ml,3.18,1487(E),27-03-2025,1.74028%
2025,Pilocarpine,Drops 4%,1 ml,14.79,1487(E),27-03-2025,1.74028%
2025,Potassium permanganate,Crystals for topical solution,1 gm,0.56,1487(E),27-03-2025,1.74028%
2025,Povidone iodine,Scrub 7.5%,1 ml,2.03,1487(E),27-03-2025,1.74028%
2025,Praziquantel,Tablet 600 mg,1 Tablet,44.00,1487(E),27-03-2025,1.74028%
2025,Prednisolone,Injection 20 mg/2 ml,1 ml,4.54,1487(E),27-03-2025,1.74028%
2025,Pyrazinamide,Oral Liquid 250 mg/5 ml,1 ml,0.77,1487(E),27-03-2025,1.74028%
2025,Rifampicin,Tablet 150 mg,1 Tablet,2.04,1487(E),27-03-2025,1.74028%
2025,Ringer Lactate,Injection 1000 ml,Each Pack,101.05,1487(E),27-03-2025,1.74028%
2025,Ringer Lactate,Injection 100 ml,Each Pack,26.45,1487(E),27-03-2025,1.74028%
2025,Ringer Lactate,Injection 250 ml,Each Pack,45.10,1487(E),27-03-2025,1.74028%
2025,Ringer Lactate,Injection 500 ml,Each Pack,57.48,1487(E),27-03-2025,1.74028%
2025,Ritonavir,Capsule 100 mg,1 Capsule,35.75,1487(E),27-03-2025,1.74028%
2025,Salbutamol,Capsule 4 mg,1 Capsule,0.75,1487(E),27-03-2025,1.74028%
2025,Silver Sulphadiazine,Cream 1%,1 gm,0.64,1487(E),27-03-2025,1.74028%
2025,Sodium Chloride,Injection 0.9%,1000 ml Glass,75.17,1487(E),27-03-2025,1.74028%
2025,Sodium Chloride,Injection 0.9%,1000 ml Non- Glass,59.28,1487(E),27-03-2025,1.74028%
2025,Sodium Chloride,Injection 0.9%,100 ml Glass,22.22,1487(E),27-03-2025,1.74028%
2025,Sodium Chloride,Injection 0.9%,100 ml Non- Glass,20.02,1487(E),27-03-2025,1.74028%
2025,Sodium Chloride,Injection 0.9%,250 ml Glass,29.98,1487(E),27-03-2025,1.74028%
2025,Sodium Chloride,Injection 0.9%,250 ml Non- Glass,26.91,1487(E),27-03-2025,1.74028%
2025,Sodium Chloride,Injection 0.9%,500 ml Glass,41.68,1487(E),27-03-2025,1.74028%
2025,Sodium Chloride,Injection 0.9%,500 ml Non- Glass,35.48,1487(E),27-03-2025,1.74028%
2025,Sodium nitrite,Injection 30 mg/ml,1 ml,32.91,1487(E),27-03-2025,1.74028%
2025,Sodium Nitroprusside,Injection 10 mg/ml,1 ml,32.71,1487(E),27-03-2025,1.74028%
2025,Streptokinase,"Injection 7,50,000 IU",Each Pack,1594.70,1487(E),27-03-2025,1.74028%
2025,TD Vaccine,"Each dose of 0.5 ml contains: Diphtheria Toxoid
≤5Lf (≥ 2IU) Tetanus Toxoid ≥5Lf (≥ 40IU)",Each 0.5 ml Pack,23.74,1487(E),27-03-2025,1.74028%
2025,TD Vaccine,"Each dose of 0.5 ml contains: Diphtheria Toxoid
≤5Lf (≥ 2IU) Tetanus Toxoid ≥ 5Lf (≥ 40IU)",Each 5 ml Pack,223.07,1487(E),27-03-2025,1.74028%
2025,TD Vaccine,"Each dose of 0.5 ml contains: Diphtheria Toxoid
≤25Lf (≥ 30IU) Tetanus Toxoid ≥ 5Lf (≥ 40IU)",Each 0.5 ml Pack,20.35,1487(E),27-03-2025,1.74028%
2025,Temozolomide,Tablet 100 mg,1 Tablet,1959.10,1487(E),27-03-2025,1.74028%
2025,Timolol,Drops 0.25%,1 ml,6.55,1487(E),27-03-2025,1.74028%
2025,Tramadol,Injection 50 mg/ml (20 ml Pack),1 ml,1.58,1487(E),27-03-2025,1.74028%
2025,Verapamil,Injection 2.5 mg/ml,1 ml,1.49,1487(E),27-03-2025,1.74028%
2025,Vinblastine,Injection 1 mg/ml,1 ml,25.98,1487(E),27-03-2025,1.74028%
2025,Vitamin A,Capsule 50000 IU,1 Capsule,0.69,1487(E),27-03-2025,1.74028%
2025,Water for Injection,Injection,Each Pack (5 ml),2.84,1487(E),27-03-2025,1.74028%
2025,Water for Injection,Injection,Per 500 ml Pack,58.40,1487(E),27-03-2025,1.74028%
2025,Water for Injection,Injection,Per 1000 ml Pack,102.49,1487(E),27-03-2025,1.74028%
2025,Zidovudine,Capsule 300 mg,1 Capsule,2.61,1487(E),27-03-2025,1.74028%
2025,Zolpidem,Capsule 5 mg,1 Capsule,9.31,1487(E),27-03-2025,1.74028%
2025,Acetyl Salicylic Acid,Tablet 300 mg,1 Tablet,0.28,1488(E),27-03-2025,1.74028%
2025,Calcium carbonate,Tablet 250 mg,1 Tablet,2.47,1488(E),27-03-2025,1.74028%
2025,Condoms,-,1 Condom,11.57,1488(E),27-03-2025,1.74028%
2025,Dapsone,Tablet 50 mg,1 Tablet,0.30,1488(E),27-03-2025,1.74028%
2025,Medroxy Progesterone Acetate,Tablet 5 mg,1 Tablet,3.78,1488(E),27-03-2025,1.74028%
2025,Rifampicin,Tablet 450 mg,1 Tablet,5.62,1488(E),27-03-2025,1.74028%
2026,5-amino salicylic Acid (Mesalazine/Mesalamine),Suppository 500 mg,1 Suppository,17.86,1575(E),25-03-2026,0.64956%
2026,5-amino salicylic Acid (Mesalazine/Mesalamine),Retention Enema (Foam),1 GM,17.11,1575(E),25-03-2026,0.64956%
2026,5-amino salicylic Acid (Mesalazine/Mesalamine),Retention Enema (Liquid),1 ML,2.17,1575(E),25-03-2026,0.64956%
2026,5-amino salicylic Acid,Tablet 400 mg,1 Tablet,8.11,1575(E),25-03-2026,0.64956%
2026,5-Fluorouracil,Injection 250 mg/5 ml,1 ML,2.09,1575(E),25-03-2026,0.64956%
2026,6-Mercaptopurine,Tablet 50 mg,1 Tablet,5.38,1575(E),25-03-2026,0.64956%
2026,Abacavir,Tablet 300 mg,1 Tablet,49.76,1575(E),25-03-2026,0.64956%
2026,Abacavir (A) + Lamivudine (B),Tablet 600 mg (A) + 300 mg (B),1 Tablet,74.06,1575(E),25-03-2026,0.64956%
2026,Acetazolamide,Tablet 250 mg,1 Tablet,4.16,1575(E),25-03-2026,0.64956%
2026,Acetazolamide,Capsule 250 mg,1 Capsule,5.17,1575(E),25-03-2026,0.64956%
2026,Acetylsalicylic acid,Enteric coated Tablet 75 mg,1 Tablet,0.36,1575(E),25-03-2026,0.64956%
2026,Acetylsalicylic acid,Conventional/Effervescent/ Dispersible/ Enteric coated Tablets 150 mg,1 Tablet,0.72,1575(E),25-03-2026,0.64956%
2026,Acetylsalicylic acid,Conventional / Effervescent / Dispersible / Enteric coated Tablets 325 mg,1 Tablet,0.68,1575(E),25-03-2026,0.64956%
2026,Actinomycin D,Powder for Injection 0.5 mg,1 Vial,338.98,1575(E),25-03-2026,0.64956%
2026,Acyclovir,Tablet 400 mg,1 Tablet,13.99,1575(E),25-03-2026,0.64956%
2026,Acyclovir,Tablet 200 mg,1 Tablet,7.79,1575(E),25-03-2026,0.64956%
2026,Acyclovir,Powder for Injection 250 mg,1 Vial,436.64,1575(E),25-03-2026,0.64956%
2026,Acyclovir,Powder for Injection 500 mg,1 Vial,541.14,1575(E),25-03-2026,0.64956%
2026,Acyclovir,Tablet 800 mg,1 Tablet,38.57,1575(E),25-03-2026,0.64956%
2026,Acyclovir,Ointment 3%,1 GM,11.95,1575(E),25-03-2026,0.64956%
2026,Acyclovir,Oral liquid 400 mg/5 mL (p),1 ML,1.39,1575(E),25-03-2026,0.64956%
2026,Adenosine,Injection 3 mg/mL,1 ML,95.09,1575(E),25-03-2026,0.64956%
2026,Adrenaline,Injection 1 mg/mL,1 ML,12.52,1575(E),25-03-2026,0.64956%
2026,Albendazole,Oral liquid 200 mg/5 mL(p),1 ML,1.83,1575(E),25-03-2026,0.64956%
2026,Albendazole,Tablet 400 mg,1 Tablet,7.21,1575(E),25-03-2026,0.64956%
2026,Albendazole,Chewable Tablet 400 mg,1 Tablet,8.32,1575(E),25-03-2026,0.64956%
2026,Allopurinol,Tablet 300 mg,1 Tablet,5.77,1575(E),25-03-2026,0.64956%
2026,Allopurinol,Tablet 100 mg,1 Tablet,1.93,1575(E),25-03-2026,0.64956%
2026,Alprostadil,Injection 0.5 mg/mL,1 ML,6253.38,1575(E),25-03-2026,0.64956%
2026,Amikacin,Injection 250 mg/mL,1 ML,55.47,1575(E),25-03-2026,0.64956%
2026,Amiodarone,Tablet 200 mg,1 Tablet,11.79,1575(E),25-03-2026,0.64956%
2026,Amiodarone,Tablet 100 mg,1 Tablet,6.29,1575(E),25-03-2026,0.64956%
2026,Amiodarone,Injection 50 mg/mL,1 ML,21.64,1575(E),25-03-2026,0.64956%
2026,Amitriptyline,Tablet 50 mg,1 Tablet,6.13,1575(E),25-03-2026,0.64956%
2026,Amitriptyline,Tablet 75 mg,1 Tablet,5.58,1575(E),25-03-2026,0.64956%
2026,Amitriptyline,Tablet 25 mg,1 Tablet,2.55,1575(E),25-03-2026,0.64956%
2026,Amitriptyline,Tablet 10 mg,1 Tablet,2.45,1575(E),25-03-2026,0.64956%
2026,Amlodipine,Tablet 2.5 mg,1 Tablet,1.83,1575(E),25-03-2026,0.64956%
2026,Amlodipine,Tablet 5 mg,1 Tablet,2.56,1575(E),25-03-2026,0.64956%
2026,Amlodipine,Tablet 10 mg,1 Tablet,5.58,1575(E),25-03-2026,0.64956%
2026,Amoxicillin,Capsule 250 mg,1 Capsule,2.50,1575(E),25-03-2026,0.64956%
2026,Amoxicillin,Capsule 500 mg,1 Capsule,7.54,1575(E),25-03-2026,0.64956%
2026,Amoxicillin,Oral liquid 250 mg/5 mL (p),1 ML,1.60,1575(E),25-03-2026,0.64956%
2026,Amoxicillin,Powder for Injection 250 mg,1 Vial,25.38,1575(E),25-03-2026,0.64956%
2026,Amoxicillin,Powder for Injection 500 mg,1 Vial,55.96,1575(E),25-03-2026,0.64956%
2026,Amoxicillin,Oral liquid 125 mg/5 mL (p),1 ML,1.05,1575(E),25-03-2026,0.64956%
2026,Amoxicillin (A) + Clavulanic acid (B),Powder for Injection 1 g (A) +200 mg (B),1 Vial,145.06,1575(E),25-03-2026,0.64956%
2026,Amoxicillin (A) + Clavulanic acid (B),Powder for Injection 500 mg (A) + 100 mg (B),1 Vial,103.78,1575(E),25-03-2026,0.64956%
2026,Amoxicillin (A) + Clavulanic acid (B),Dry Syrup 125 mg (A) + 31.25 (B) / 5 ml (p),1 ML,2.10,1575(E),25-03-2026,0.64956%
2026,Amoxicillin (A) + Clavulanic acid (B),Tablet 500 mg (A) + 125 mg (B),1 Tablet,18.74,1575(E),25-03-2026,0.64956%
2026,Amoxicillin (A) + Clavulanic acid (B),Oral liquid 200 mg (A) + 28.5 mg (B) / 5 mL (p),1 ML,2.07,1575(E),25-03-2026,0.64956%
2026,Amphotericin B,Amphotericin B(conventional) - Injection 50 mg/vial,1 Vial,232.86,1575(E),25-03-2026,0.64956%
2026,Amphotericin B Lipid,Injection 50 mg / vial,1 Vial,1933.08,1575(E),25-03-2026,0.64956%
2026,Amphotericin B Liposomal,Injection 50 mg / vial,1 Vial,6807.87,1575(E),25-03-2026,0.64956%
2026,Ampicillin,Powder for Injection 500 mg,1 Vial,14.59,1575(E),25-03-2026,0.64956%
2026,Ampicillin,Powder for Injection 1 gm,1 Vial,25.51,1575(E),25-03-2026,0.64956%
2026,Anti-rabies immunoglobulin,Injection 150 IU/ml,1 ML,3182.21,1575(E),25-03-2026,0.64956%
2026,Anti-rabies immunoglobulin,Injection 300 IU/ml,1 ML,112.19,1575(E),25-03-2026,0.64956%
2026,Anti-tetanus immunoglobulin,As licensed (250 IU),1 Vial,1274.68,1575(E),25-03-2026,0.64956%
2026,Anti-tetanus immunoglobulin,As licensed (500 IU),1 Vial,1920.79,1575(E),25-03-2026,0.64956%
2026,Anti-tetanus immunoglobulin,As licensed (1000 IU),1 Vial,2748.64,1575(E),25-03-2026,0.64956%
2026,Arsenic Trioxide,Injection 1 mg/ml,1 ML,31.27,1575(E),25-03-2026,0.64956%
2026,Artemether (A) + Lumefantrine (B),Tablet 40 mg (A) + 240 mg (B),1 Tablet,18.47,1575(E),25-03-2026,0.64956%
2026,Artemether (A) +Lumefantrine (B),Tablet 80 mg (A) + 480 mg (B),1 Tablet,26.12,1575(E),25-03-2026,0.64956%
2026,Artemether (A) + Lumefantrine (B),Tablet 20 mg (A) + 120 mg (B),1 Tablet,12.95,1575(E),25-03-2026,0.64956%
2026,Artesunate,Powder for Injection 60 mg,1 Vial,250.61,1575(E),25-03-2026,0.64956%
2026,Artesunate,Powder for Injection 120 mg,1 Vial,465.35,1575(E),25-03-2026,0.64956%
2026,Artesunate (A) + Sulphadoxine - Pyrimethamine (B),Combi pack (A+B) 1 Tablet 50 mg (A) + 1 Tablet (500 mg + 25 mg) (B),1 Combi Pack,23.09,1575(E),25-03-2026,0.64956%
2026,Ascorbic acid (Vitamin C),Tablet 100 mg,1 Tablet,0.24,1575(E),25-03-2026,0.64956%
2026,Ascorbic acid (Vitamin C),Tablet 500 mg,1 Tablet,1.58,1575(E),25-03-2026,0.64956%
2026,Atazanavir (A) + Ritonavir (B),Tablet 300 mg (A) + Tablet 100 mg (B),1 Tablet,102.23,1575(E),25-03-2026,0.64956%
2026,Atorvastatin,Tablet 40 mg,1 Tablet,19.77,1575(E),25-03-2026,0.64956%
2026,Atorvastatin,Tablet 20 mg,1 Tablet,12.86,1575(E),25-03-2026,0.64956%
2026,Atorvastatin,Tablet 10 mg,1 Tablet,5.09,1575(E),25-03-2026,0.64956%
2026,Atorvastatin,Tablet 80 mg,1 Tablet,41.56,1575(E),25-03-2026,0.64956%
2026,Atracurium,Injection 10 mg/ml,1 ML,17.39,1575(E),25-03-2026,0.64956%
2026,Atropine,Drops 1%,1 ML,4.04,1575(E),25-03-2026,0.64956%
2026,Atropine,Ointment 1%,1 GM,4.82,1575(E),25-03-2026,0.64956%
2026,Atropine,Injection 0.6 mg/mL,1 ML,7.03,1575(E),25-03-2026,0.64956%
2026,Azathioprine,Tablet 50 mg,1 Tablet,11.53,1575(E),25-03-2026,0.64956%
2026,Azathioprine,Tablet 25 mg (p),1 Tablet,7.42,1575(E),25-03-2026,0.64956%
2026,Azithromycin,Powder for Injection 500 mg,1 Vial,209.63,1575(E),25-03-2026,0.64956%
2026,Azithromycin,Tablet 250 mg,1 Tablet,11.95,1575(E),25-03-2026,0.64956%
2026,Azithromycin,Tablet 500 mg,1 Tablet,24.14,1575(E),25-03-2026,0.64956%
2026,Azithromycin,Oral liquid 200 mg/5 mL (p),1 ML,3.49,1575(E),25-03-2026,0.64956%
2026,Azithromycin,Capsule 250 mg,1 Capsule,10.87,1575(E),25-03-2026,0.64956%
2026,Azithromycin,Tablet 1000 mg,1 Tablet,59.17,1575(E),25-03-2026,0.64956%
2026,Azithromycin,Capsule 500 mg,1 Capsule,19.49,1575(E),25-03-2026,0.64956%
2026,Baclofen,Tablet 20 mg,1 Tablet,16.67,1575(E),25-03-2026,0.64956%
2026,Baclofen,Tablet 10 mg,1 Tablet,12.19,1575(E),25-03-2026,0.64956%
2026,Baclofen,Tablet 5 mg,1 Tablet,6.52,1575(E),25-03-2026,0.64956%
2026,BCG vaccine,As licensed,Each dose (0.10 ML),8.20,1575(E),25-03-2026,0.64956%
2026,Bendamustine hydrochloride,Injection 100 mg/vial,1 Vial,5065.58,1575(E),25-03-2026,0.64956%
2026,Benzathine benzylpenicillin,Powder for Injection 12 lac units,1 Vial,20.28,1575(E),25-03-2026,0.64956%
2026,Benzathine benzylpenicillin,Powder for Injection 6 lac units,1 Vial,11.97,1575(E),25-03-2026,0.64956%
2026,Benzoyl peroxide,Gel 2.5%,1 GM,3.70,1575(E),25-03-2026,0.64956%
2026,Benzoyl peroxide,Gel 5%,1 GM,8.16,1575(E),25-03-2026,0.64956%
2026,Benzoyl peroxide,Gel 3.5%,1 GM,10.36,1575(E),25-03-2026,0.64956%
2026,Betamethasone,Injection 4 mg/mL,1 ML,4.85,1575(E),25-03-2026,0.64956%
2026,Betamethasone valerate,Cream 0.05%,1 GM,0.68,1575(E),25-03-2026,0.64956%
2026,Betamethasone valerate,Lotion 0.05%,1 ML,0.67,1575(E),25-03-2026,0.64956%
2026,Betamethasone valerate,Gel 0.05%,1 GM,0.48,1575(E),25-03-2026,0.64956%
2026,Betamethasone valerate,Cream 0.1%,1 GM,1.07,1575(E),25-03-2026,0.64956%
2026,Bicalutamide,Tablet 50 mg,1 Tablet,44.34,1575(E),25-03-2026,0.64956%
2026,Bisacodyl,Tablet 5 mg,1 Tablet,1.20,1575(E),25-03-2026,0.64956%
2026,Bisacodyl,Suppository 5 mg,1 Suppository,10.22,1575(E),25-03-2026,0.64956%
2026,Bleomycin,Powder for Injection 15 units,1 Vial,693.68,1575(E),25-03-2026,0.64956%
2026,Bortezomib,Powder for Injection 2 mg,1 Vial,5386.81,1575(E),25-03-2026,0.64956%
2026,Budesonide,Respirator solution for use in nebulizer 0.5 mg/mL,1 ML,12.19,1575(E),25-03-2026,0.64956%
2026,Budesonide,Respirator solution for use in nebulizer 1 mg/mL,1 ML,13.46,1575(E),25-03-2026,0.64956%
2026,Budesonide,Inhalation (MDI) 100 mcg/dose,1 Metered Dose,1.44,1575(E),25-03-2026,0.64956%
2026,Budesonide,Inhalation (MDI) 200 mcg/dose,1 Metered Dose,2.08,1575(E),25-03-2026,0.64956%
2026,Budesonide,Inhalation (DPI) 200 mcg/dose,1 Dose,3.41,1575(E),25-03-2026,0.64956%
2026,Budesonide,Nasal Spray 100 mcg/dose,1 Dose,0.83,1575(E),25-03-2026,0.64956%
2026,Budesonide (A)+ Formoterol (B),Inhalation (MDI) 100 mcg (A) + 6 mcg (B),1 Metered Dose,2.17,1575(E),25-03-2026,0.64956%
2026,Budesonide (A)+ Formoterol (B),Inhalation (DPI) 100 mcg (A) + 6 mcg (B),1 Dose,4.43,1575(E),25-03-2026,0.64956%
2026,Budesonide (A)+ Formoterol (B),Inhalation (DPI) 200 mcg (A) + 6 mcg (B),1 Dose,5.86,1575(E),25-03-2026,0.64956%
2026,Budesonide (A)+ Formoterol (B),Inhalation (DPI) 400 mcg (A) + 6 mcg (B),1 Dose,7.12,1575(E),25-03-2026,0.64956%
2026,Budesonide (A)+ Formoterol (B),Inhalation (MDI) 200 mcg (A) + 6 mcg (B),1 Metered dose,3.03,1575(E),25-03-2026,0.64956%
2026,Budesonide (A)+ Formoterol (B),Inhalation (MDI) 400 mcg (A) + 6 mcg (B),1 Metered dose,3.45,1575(E),25-03-2026,0.64956%
2026,Bupivacaine,Injection 0.5 % with 7.5 % glucose,1 ML,7.57,1575(E),25-03-2026,0.64956%
2026,Bupivacaine,Injection 0.5 %,1 ML,4.53,1575(E),25-03-2026,0.64956%
2026,Bupivacaine,Injection 0.25%,1 ML,2.90,1575(E),25-03-2026,0.64956%
2026,Buprenorphine,Tablet (Sub- lingual) 0.4mg,1 Tablet,9.65,1575(E),25-03-2026,0.64956%
2026,Buprenorphine (A) + Naloxone (B),Tablet (Sub-lingual) 2 mg (A) + 0.5 mg (B),1 Tablet,37.86,1575(E),25-03-2026,0.64956%
2026,Buprenorphine (A) + Naloxone (B),Tablet (Sub-lingual) 0.4 mg (A) + 0.1 mg (B),1 Tablet,12.11,1575(E),25-03-2026,0.64956%
2026,Caffeine,Oral liquid 20 mg/mL,1 ML,251.58,1575(E),25-03-2026,0.64956%
2026,Caffeine,Injection 20 mg/mL,1 ML,256.52,1575(E),25-03-2026,0.64956%
2026,Calamine,Lotion (As per IP),1 ML,0.98,1575(E),25-03-2026,0.64956%
2026,Calcium folinate,Tablet 15 mg,1 Tablet,48.68,1575(E),25-03-2026,0.64956%
2026,Capecitabine,Tablet 500 mg,1 Tablet,115.43,1575(E),25-03-2026,0.64956%
2026,Carbamazepine,Modified Release – Tablet 200 mg,1 Tablet,2.46,1575(E),25-03-2026,0.64956%
2026,Carbamazepine,Modified Release – Tablet 400 mg,1 Tablet,4.77,1575(E),25-03-2026,0.64956%
2026,Carbamazepine,Tablet   400 mg,1 Tablet,3.63,1575(E),25-03-2026,0.64956%
2026,Carbamazepine,Tablet 200 mg,1 Tablet,1.61,1575(E),25-03-2026,0.64956%
2026,Carbamazepine,Oral liquid 100 mg/5 mL (p),1 ML,0.32,1575(E),25-03-2026,0.64956%
2026,Carbamazepine,Tablet 100 mg,1 Tablet,1.10,1575(E),25-03-2026,0.64956%
2026,Carbimazole,Tablet 10 mg,1 Tablet,4.36,1575(E),25-03-2026,0.64956%
2026,Carbimazole,Tablet 5 mg,1 Tablet,2.24,1575(E),25-03-2026,0.64956%
2026,Carbimazole,Tablet 20 mg,1 Tablet,14.20,1575(E),25-03-2026,0.64956%
2026,Carboplatin,Injection 10 mg/mL,1 ML,60.49,1575(E),25-03-2026,0.64956%
2026,Carboxymethyl cellulose,Drops 0.5%,1 ML,12.59,1575(E),25-03-2026,0.64956%
2026,Carboxymethyl cellulose,Drops 1%,1 ML,16.98,1575(E),25-03-2026,0.64956%
2026,Cefadroxil,Tablet 500 mg,1 Tablet,6.87,1575(E),25-03-2026,0.64956%
2026,Cefadroxil,Oral liquid 125 mg / 5 mL(p),1 ML,0.69,1575(E),25-03-2026,0.64956%
2026,Cefixime,Tablet 400 mg,1 Tablet,22.63,1575(E),25-03-2026,0.64956%
2026,Cefixime,Tablet 200 mg,1 Tablet,10.01,1575(E),25-03-2026,0.64956%
2026,Cefixime,Oral liquid 50 mg / 5 mL (p),1 ML,1.67,1575(E),25-03-2026,0.64956%
2026,Cefixime,Oral liquid 100 mg / 5 mL (p),1 ML,2.45,1575(E),25-03-2026,0.64956%
2026,Cefixime,Capsule 200 mg,1 Capsule,15.04,1575(E),25-03-2026,0.64956%
2026,Cefotaxime,Powder for Injection 250 mg,1 Vial,18.15,1575(E),25-03-2026,0.64956%
2026,Cefotaxime,Powder for Injection 500 mg,1 Vial,24.96,1575(E),25-03-2026,0.64956%
2026,Cefotaxime,Powder for Injection 1000 mg,1 Vial,40.92,1575(E),25-03-2026,0.64956%
2026,Ceftazidime,Powder for Injection 1000 mg,1 Vial,232.47,1575(E),25-03-2026,0.64956%
2026,Ceftazidime,Powder for Injection 250 mg,1 Vial,80.97,1575(E),25-03-2026,0.64956%
2026,Ceftriaxone,Powder for Injection 500 mg,1 Vial,51.49,1575(E),25-03-2026,0.64956%
2026,Ceftriaxone,Powder for Injection 250 mg,1 Vial,29.02,1575(E),25-03-2026,0.64956%
2026,Ceftriaxone,Powder for Injection 1000 mg,1 Vial,63.88,1575(E),25-03-2026,0.64956%
2026,Ceftriaxone,Powder for Injection 2000 mg,1 Vial,141.43,1575(E),25-03-2026,0.64956%
2026,Cefuroxime,Tablet 500 mg,1 Tablet,52.67,1575(E),25-03-2026,0.64956%
2026,Cefuroxime,Injection 1500 mg,1 Vial,346.90,1575(E),25-03-2026,0.64956%
2026,Cefuroxime,Oral liquid 125 mg / 5 mL (p),1 ML,5.44,1575(E),25-03-2026,0.64956%
2026,Cetirizine,Tablet 10 mg,1 Tablet,1.92,1575(E),25-03-2026,0.64956%
2026,Cetirizine,Oral liquid 5 mg / 5 mL (p),1 ML,0.67,1575(E),25-03-2026,0.64956%
2026,Chlorambucil,Tablet 2 mg,1 Tablet,31.91,1575(E),25-03-2026,0.64956%
2026,Chlorambucil,Tablet 5 mg,1 Tablet,79.06,1575(E),25-03-2026,0.64956%
2026,Chloroquine,Tablet 150 mg,1 Tablet,1.36,1575(E),25-03-2026,0.64956%
2026,Chloroquine,Oral liquid 50 mg / 5 mL,1 ML,0.35,1575(E),25-03-2026,0.64956%
2026,Cholecalciferol,Tablet 1000 IU,1 Tablet,4.42,1575(E),25-03-2026,0.64956%
2026,Cholecalciferol,Oral liquid 400 IU/mL,1 ML,2.68,1575(E),25-03-2026,0.64956%
2026,Cholecalciferol,Tablet 60000 IU,1 Tablet,23.04,1575(E),25-03-2026,0.64956%
2026,Cholecalciferol,Capsule 60000 IU,1 Capsule,31.52,1575(E),25-03-2026,0.64956%
2026,Cholecalciferol,Capsule 1000 IU,1 Capsule,5.01,1575(E),25-03-2026,0.64956%
2026,Cholecalciferol,"Solid oral dosage form 60000 IU
Sachet/Granuels/Powder",1 GM,34.79,1575(E),25-03-2026,0.64956%
2026,Cholecalciferol,"Solid oral dosage form 1000 IU
Sachet/Granuels/Powder",1 GM,23.69,1575(E),25-03-2026,0.64956%
2026,Ciprofloxacin,Tablet 250 mg,1 Tablet,2.25,1575(E),25-03-2026,0.64956%
2026,Ciprofloxacin,Tablet 500 mg,1 Tablet,4.35,1575(E),25-03-2026,0.64956%
2026,Ciprofloxacin,Drops 0.3 %,1 ML,1.58,1575(E),25-03-2026,0.64956%
2026,Ciprofloxacin,Injection 200 mg / 100 mL,1 ML,0.20,1575(E),25-03-2026,0.64956%
2026,Ciprofloxacin,Oral liquid 250 mg / 5 mL (p),1 ML,0.75,1575(E),25-03-2026,0.64956%
2026,Ciprofloxacin,Ointment 0.3%,1 GM,1.32,1575(E),25-03-2026,0.64956%
2026,Cisplatin,Injection 1 mg / mL,1 ML,7.26,1575(E),25-03-2026,0.64956%
2026,Clarithromycin,Tablet 250 mg,1 Tablet,24.64,1575(E),25-03-2026,0.64956%
2026,Clarithromycin,Tablet 500 mg,1 Tablet,40.79,1575(E),25-03-2026,0.64956%
2026,Clarithromycin,Oral liquid 125 mg / 5 mL (p),1 ML,4.76,1575(E),25-03-2026,0.64956%
2026,Clindamycin,Capsule 150 mg,1 Capsule,16.75,1575(E),25-03-2026,0.64956%
2026,Clindamycin,Capsule 300 mg,1 Capsule,29.05,1575(E),25-03-2026,0.64956%
2026,Clindamycin,Tablet 300 mg,1 Tablet,19.43,1575(E),25-03-2026,0.64956%
2026,Clindamycin,Injection 150 mg / mL,1 ML,62.05,1575(E),25-03-2026,0.64956%
2026,Clobazam,Tablet 5 mg,1 Tablet,5.87,1575(E),25-03-2026,0.64956%
2026,Clobazam,Tablet 10 mg,1 Tablet,10.08,1575(E),25-03-2026,0.64956%
2026,Clofazimine,Capsule 100 mg,1 Capsule,4.08,1575(E),25-03-2026,0.64956%
2026,Clofazimine,Capsule 50 mg,1 Capsule,2.16,1575(E),25-03-2026,0.64956%
2026,Clomiphene citrate,Capsule 50 mg,1 Capsule,28.03,1575(E),25-03-2026,0.64956%
2026,Clomiphene citrate,Capsule 100 mg,1 Capsule,52.37,1575(E),25-03-2026,0.64956%
2026,Clomiphenecitrate,Tablet 100 mg,1 Tablet,14.28,1575(E),25-03-2026,0.64956%
2026,Clomiphenecitrate,Tablet 50 mg,1 Tablet,9.05,1575(E),25-03-2026,0.64956%
2026,Clomipramine,Tablet 10 mg,1 Tablet,2.92,1575(E),25-03-2026,0.64956%
2026,Clomipramine,Tablet 25 mg,1 Tablet,6.37,1575(E),25-03-2026,0.64956%
2026,Clomipramine,Tablet 75 mg,1 Tablet,16.86,1575(E),25-03-2026,0.64956%
2026,Clonazepam,Tablet 0.25 mg,1 Tablet,2.07,1575(E),25-03-2026,0.64956%
2026,Clonazepam,Tablet 0.5 mg,1 Tablet,3.53,1575(E),25-03-2026,0.64956%
2026,Clonazepam,Tablet 1 mg,1 Tablet,4.88,1575(E),25-03-2026,0.64956%
2026,Clopidogrel,Tablet 75 mg,1 Tablet,6.82,1575(E),25-03-2026,0.64956%
2026,Clopidogrel,Tablet 150 mg,1 Tablet,20.98,1575(E),25-03-2026,0.64956%
2026,Clotrimazole,Lotion 1%,1 ML,3.99,1575(E),25-03-2026,0.64956%
2026,Clotrimazole,Pessary 100 mg,1 Pessary,10.25,1575(E),25-03-2026,0.64956%
2026,Clotrimazole,Drops 1%,1 ML,3.45,1575(E),25-03-2026,0.64956%
2026,Clotrimazole,Cream 1%,1 GM,3.07,1575(E),25-03-2026,0.64956%
2026,Cloxacillin,Capsule 500 mg,1 Capsule,2.44,1575(E),25-03-2026,0.64956%
2026,Cloxacillin,Capsule 250 mg,1 Capsule,1.44,1575(E),25-03-2026,0.64956%
2026,Clozapine,Tablet 25 mg,1 Tablet,2.85,1575(E),25-03-2026,0.64956%
2026,Clozapine,Tablet 50 mg,1 Tablet,5.31,1575(E),25-03-2026,0.64956%
2026,Clozapine,Tablet 100 mg,1 Tablet,8.66,1575(E),25-03-2026,0.64956%
2026,Colchicine,Tablet 0.5 mg,1 Tablet,3.34,1575(E),25-03-2026,0.64956%
2026,Co-trimoxazole [Sulphamethoxazole (A) + Trimethoprim (B)],Tablet 400 mg (A) + 80 mg (B),1 Tablet,0.93,1575(E),25-03-2026,0.64956%
2026,Co-trimoxazole [Sulphamethoxazole (A) + Trimethoprim (B)],Oral liquid 200 mg (A) + 40 mg (B) / 5 mL (p),1 ML,0.36,1575(E),25-03-2026,0.64956%
2026,Co-trimoxazole [Sulphamethoxazole (A) + Trimethoprim (B)],Tablet 800 mg (A) + 160 mg (B),1 Tablet,2.36,1575(E),25-03-2026,0.64956%
2026,Cyclophosphamide,Powder for Injection 500 mg,1 Vial,75.25,1575(E),25-03-2026,0.64956%
2026,Cyclophosphamide,Tablet 50 mg,1 Tablet,3.81,1575(E),25-03-2026,0.64956%
2026,Cycloserine,Capsule 250 mg,1 Capsule,60.61,1575(E),25-03-2026,0.64956%
2026,Cycloserine,Tablet 250 mg,1 Tablet,47.11,1575(E),25-03-2026,0.64956%
2026,Cyclosporine,Capsule 25 mg,1 Capsule,28.72,1575(E),25-03-2026,0.64956%
2026,Cyclosporine,Oral liquid 100 mg / mL (p),1 ML,82.51,1575(E),25-03-2026,0.64956%
2026,Cyclosporine,Capsule 50 mg,1 Capsule,56.43,1575(E),25-03-2026,0.64956%
2026,Cyclosporine,Capsule 100 mg,1 Capsule,105.59,1575(E),25-03-2026,0.64956%
2026,Cytosine arabinoside,Injection 1000 mg / vial,1 Vial,1157.47,1575(E),25-03-2026,0.64956%
2026,Cytosine arabinoside,Injection 100 mg / vial,1 Vial,142.94,1575(E),25-03-2026,0.64956%
2026,Cytosine arabinoside,Injection 500 mg / vial,1 Vial,549.20,1575(E),25-03-2026,0.64956%
2026,Dabigatran,Capsule 110 mg,1 Capsule,32.57,1575(E),25-03-2026,0.64956%
2026,Dabigatran,Capsule 150 mg,1 Capsule,36.45,1575(E),25-03-2026,0.64956%
2026,Dacarbazine,Powder for Injection 200 mg,1 Vial,390.91,1575(E),25-03-2026,0.64956%
2026,Dacarbazine,Powder for Injection 500 mg,1 Vial,531.29,1575(E),25-03-2026,0.64956%
2026,Daclatasvir,Tablet 60 mg,1 Tablet,204.77,1575(E),25-03-2026,0.64956%
2026,Dapsone,Tablet 100 mg,1 Tablet,0.42,1575(E),25-03-2026,0.64956%
2026,Darunavir,Tablet 600 mg,1 Tablet,158.15,1575(E),25-03-2026,0.64956%
2026,Darunavir (A) + Ritonavir (B),Tablet 600 mg (A) + 100 mg (B),1 Tablet,149.98,1575(E),25-03-2026,0.64956%
2026,Desferrioxamine,Powder for Injection 500 mg,1 Vial,289.77,1575(E),25-03-2026,0.64956%
2026,Dexamethasone,Tablet 0.5 mg,1 Tablet,0.22,1575(E),25-03-2026,0.64956%
2026,Dexamethasone,Tablet 4 mg,1 Tablet,4.73,1575(E),25-03-2026,0.64956%
2026,Dexamethasone,Injection 4 mg / mL (2 ML),1 ML,5.21,1575(E),25-03-2026,0.64956%
2026,Dexamethasone,Injection 4 mg / mL (5 ML),1 ML,2.63,1575(E),25-03-2026,0.64956%
2026,Dexamethasone,Injection 4 mg / mL (Pack of 10 ML),1 ML,1.61,1575(E),25-03-2026,0.64956%
2026,Dexamethasone,Injection 4 mg / mL (Pack of 20 ML),1 ML,1.38,1575(E),25-03-2026,0.64956%
2026,Dexamethasone,Injection 4 mg / mL (Pack of 30 ML),1 ML,0.93,1575(E),25-03-2026,0.64956%
2026,Diazepam,Tablet 5 mg,1 Tablet,1.67,1575(E),25-03-2026,0.64956%
2026,Diazepam,Injection 5 mg / mL,1 ML,5.68,1575(E),25-03-2026,0.64956%
2026,Diazepam,Tablet 2 mg,1 Tablet,1.48,1575(E),25-03-2026,0.64956%
2026,Diazepam,Suppository 5 mg,1 Suppository,6.34,1575(E),25-03-2026,0.64956%
2026,Diclofenac,Tablet 50 mg,1 Tablet,2.10,1575(E),25-03-2026,0.64956%
2026,Diclofenac,Injection 25 mg / mL,1 ML,1.73,1575(E),25-03-2026,0.64956%
2026,Dicyclomine,Injection 10 mg / mL (Less than 10 ML),1 ML,3.40,1575(E),25-03-2026,0.64956%
2026,Dicyclomine,Injection 10 mg / mL (10 ML & more pack),1 ML,2.15,1575(E),25-03-2026,0.64956%
2026,Diethylcarbamazine (DEC),Tablet 100 mg,1 Tablet,1.71,1575(E),25-03-2026,0.64956%
2026,Diethylcarbamazine (DEC),Tablet 50 mg,1 Tablet,0.57,1575(E),25-03-2026,0.64956%
2026,Diethylcarbamazine (DEC),Oral liquid 120 mg / 5 mL (p),1 ML,0.49,1575(E),25-03-2026,0.64956%
2026,Digoxin,Tablet 0.25 mg,1 Tablet,1.36,1575(E),25-03-2026,0.64956%
2026,Digoxin,Oral liquid 0.05 mg / mL,1 ML,1.51,1575(E),25-03-2026,0.64956%
2026,Digoxin,Injection 0.25 mg / mL,1 ML,3.97,1575(E),25-03-2026,0.64956%
2026,Diltiazem,Tablet 60 mg,1 Tablet,5.60,1575(E),25-03-2026,0.64956%
2026,Diltiazem,Tablet 30 mg,1 Tablet,2.75,1575(E),25-03-2026,0.64956%
2026,Diltiazem,Injection 5 mg / mL,1 ML,3.58,1575(E),25-03-2026,0.64956%
2026,Diltiazem,Modified Release Capsule 180 mg ,1 Capsule,26.89,1575(E),25-03-2026,0.64956%
2026,Dinoprostone,Gel 0.5 mg,1 GM,86.75,1575(E),25-03-2026,0.64956%
2026,Disposable Pen containing Insulin Glargine,Injection 100 IU/ml,1 ML,250.00,1575(E),25-03-2026,0.64956%
2026,Dobutamine,Injection 50 mg/ml,1 ML,9.25,1575(E),25-03-2026,0.64956%
2026,Docetaxel,Powder for Injection 20 mg,1 Vial,2937.27,1575(E),25-03-2026,0.64956%
2026,Docetaxel,Powder for Injection 80 mg,1 Vial,10581.82,1575(E),25-03-2026,0.64956%
2026,Dolutegravir,Tablet 50 mg,1 Tablet,115.50,1575(E),25-03-2026,0.64956%
2026,Domperidone,Tablet 10 mg,1 Tablet,2.37,1575(E),25-03-2026,0.64956%
2026,Domperidone,Oral Liquid 1 mg / mL,1 ML,1.27,1575(E),25-03-2026,0.64956%
2026,Donepezil,Tablet 10 mg,1 Tablet,17.88,1575(E),25-03-2026,0.64956%
2026,Donepezil,Tablet 5 mg,1 Tablet,12.40,1575(E),25-03-2026,0.64956%
2026,Dopamine,Injection 40 mg / mL,1 ML,4.88,1575(E),25-03-2026,0.64956%
2026,Doxorubicin,Injection 2 mg / mL,1 ML,32.51,1575(E),25-03-2026,0.64956%
2026,Doxycycline,Capsule 100 mg,1 Capsule,3.15,1575(E),25-03-2026,0.64956%
2026,Doxycycline,Tablet 100 mg,1 Tablet,1.25,1575(E),25-03-2026,0.64956%
2026,Doxycycline,Powder for Injection 100 mg,1 Vial,514.71,1575(E),25-03-2026,0.64956%
2026,D-Penicillamine,Capsule 250 mg,1 Capsule,16.02,1575(E),25-03-2026,0.64956%
2026,DPT+ Hib+ Hep B Vaccine,As licensed,Per 0.1 ML,77.47,1575(E),25-03-2026,0.64956%
2026,Efavirenz,Tablet 600 mg,1 Tablet,72.29,1575(E),25-03-2026,0.64956%
2026,Efavirenz,Tablet 200 mg (p),1 Tablet,23.08,1575(E),25-03-2026,0.64956%
2026,Efavirenz,Capsule 200 mg,1 Capsule,22.51,1575(E),25-03-2026,0.64956%
2026,Efavirenz,Capsule 600 mg,1 Capsule,57.03,1575(E),25-03-2026,0.64956%
2026,Enalapril,Tablet 5 mg,1 Tablet,3.78,1575(E),25-03-2026,0.64956%
2026,Enalapril,Tablet 2.5 mg,1 Tablet,2.24,1575(E),25-03-2026,0.64956%
2026,Enoxaparin,"Injection 40 mg / 0.4 mL, Injection 60 mg / 0.6 ml",Per 0.10 ML,114.68,1575(E),25-03-2026,0.64956%
2026,Entecavir,Tablet 1 mg,1 Tablet,133.37,1575(E),25-03-2026,0.64956%
2026,Entecavir,Tablet 0.5 mg,1 Tablet,86.47,1575(E),25-03-2026,0.64956%
2026,Erythropoietin,Injection 2000 IU/mL,1 ML,562.77,1575(E),25-03-2026,0.64956%
2026,Erythropoietin,Injection 10000 IU/mL,1 ML,2016.39,1575(E),25-03-2026,0.64956%
2026,Escitalopram,Tablet 5 mg,1 Tablet,5.14,1575(E),25-03-2026,0.64956%
2026,Escitalopram,Tablet 10 mg,1 Tablet,9.22,1575(E),25-03-2026,0.64956%
2026,Escitalopram,Tablet 20 mg,1 Tablet,14.70,1575(E),25-03-2026,0.64956%
2026,Esmolol,Injection10 mg/mL,1 ML,27.01,1575(E),25-03-2026,0.64956%
2026,Ethambutol,Tablet 600 mg,1 Tablet,4.18,1575(E),25-03-2026,0.64956%
2026,Ethambutol,Tablet 800 mg,1 Tablet,5.08,1575(E),25-03-2026,0.64956%
2026,Ethambutol,Tablet 400 mg,1 Tablet,2.68,1575(E),25-03-2026,0.64956%
2026,Ethambutol,Tablet 200 mg,1 Tablet,1.17,1575(E),25-03-2026,0.64956%
2026,Ethinylestradiol (A) + Levonorgestrel (B),Tablet 0.03 mg (A) + Tablet 0.15 mg (B),1 Tablet,3.25,1575(E),25-03-2026,0.64956%
2026,Ethionamide,Tablet 250 mg,1 Tablet,15.17,1575(E),25-03-2026,0.64956%
2026,Ethyl alcohol (Denatured),Solution 70% ,1 ML,0.40,1575(E),25-03-2026,0.64956%
2026,Etoposide,Capsule 50 mg,1 Capsule,57.99,1575(E),25-03-2026,0.64956%
2026,Etoposide,Injection 20 mg/mL,1 ML,35.34,1575(E),25-03-2026,0.64956%
2026,Fentanyl,Injection 50 mcg/ml,1 ML,21.46,1575(E),25-03-2026,0.64956%
2026,Filgrastim,Injection 300 mcg,1 Vial,1187.83,1575(E),25-03-2026,0.64956%
2026,Fluconazole,Tablet 400 mg,1 Tablet,30.47,1575(E),25-03-2026,0.64956%
2026,Fluconazole,Tablet 200 mg,1 Tablet,17.88,1575(E),25-03-2026,0.64956%
2026,Fluconazole,Tablet 100 mg,1 Tablet,7.80,1575(E),25-03-2026,0.64956%
2026,Fluconazole,Tablet 150 mg,1 Tablet,12.35,1575(E),25-03-2026,0.64956%
2026,Fluconazole,Tablet 50 mg,1 Tablet,9.91,1575(E),25-03-2026,0.64956%
2026,Fluconazole,Capsule 200 mg,1 Capsule,41.08,1575(E),25-03-2026,0.64956%
2026,Fluconazole,Capsule 150 mg,1 Capsule,19.68,1575(E),25-03-2026,0.64956%
2026,Fluconazole,Injection 200 mg / 100 mL,Per 100 ML Vial,94.55,1575(E),25-03-2026,0.64956%
2026,Fluconazole,Capsule 100 mg,1 Capsule,21.91,1575(E),25-03-2026,0.64956%
2026,Fludrocortisone,Tablet 0.1 mg,1 Tablet,13.52,1575(E),25-03-2026,0.64956%
2026,Flunarizine,Tablet 5 mg,1 Tablet,2.54,1575(E),25-03-2026,0.64956%
2026,Flunarizine,Tablet 10 mg,1 Tablet,4.93,1575(E),25-03-2026,0.64956%
2026,Fluoxetine,Capsule 20 mg,1 Capsule,4.09,1575(E),25-03-2026,0.64956%
2026,Fluoxetine,Capsule 60 mg,1 Capsule,11.36,1575(E),25-03-2026,0.64956%
2026,Fluoxetine,Capsule 40 mg,1 Capsule,6.64,1575(E),25-03-2026,0.64956%
2026,Fluoxetine,Capsule 10 mg,1 Capsule,3.40,1575(E),25-03-2026,0.64956%
2026,Fluoxetine,Tablet 10 mg,1 Tablet,2.85,1575(E),25-03-2026,0.64956%
2026,Fluoxetine,Tablet 40 mg,1 Tablet,5.70,1575(E),25-03-2026,0.64956%
2026,Fluoxetine,Tablet 60 mg,1 Tablet,8.44,1575(E),25-03-2026,0.64956%
2026,Fluoxetine,Tablet 20 mg,1 Tablet,4.25,1575(E),25-03-2026,0.64956%
2026,Fluphenazine,Injection 25 mg / mL,1 ML,56.59,1575(E),25-03-2026,0.64956%
2026,Folic Acid,Tablet 5 mg,1 Tablet,1.55,1575(E),25-03-2026,0.64956%
2026,Folic Acid,Capsule 5 mg,1 Capsule,5.16,1575(E),25-03-2026,0.64956%
2026,Framycetin,Cream 1 %,1 GM,1.70,1575(E),25-03-2026,0.64956%
2026,Furosemide,Tablet 40 mg,1 Tablet,0.94,1575(E),25-03-2026,0.64956%
2026,Furosemide,Injection 10 mg/mL,1 ML,3.06,1575(E),25-03-2026,0.64956%
2026,Furosemide,Oral liquid 10 mg/mL,1 ML,3.40,1575(E),25-03-2026,0.64956%
2026,Fusidic acid,Cream 2 %,1 GM,10.06,1575(E),25-03-2026,0.64956%
2026,Gefitinib,Tablet 250 mg,1 Tablet,242.84,1575(E),25-03-2026,0.64956%
2026,Gemcitabine,Powder for Injection 1000 mg,1 Vial,5726.84,1575(E),25-03-2026,0.64956%
2026,Gemcitabine,Powder for Injection 200 mg,1 Vial,1331.01,1575(E),25-03-2026,0.64956%
2026,Gentamicin,Injection 40 mg / mL (1.5 ml),1 ML,2.97,1575(E),25-03-2026,0.64956%
2026,Gentamicin,Injection 10 mg/mL,1 ML,2.47,1575(E),25-03-2026,0.64956%
2026,Gentamicin,Injection 40 mg/mL (Pack of 10 ml),1 ML,1.55,1575(E),25-03-2026,0.64956%
2026,Gentamicin,Injection 40 mg/mL (Pack of 20 ml),1 ML,1.59,1575(E),25-03-2026,0.64956%
2026,Gentamicin,Injection 40 mg/mL Pack of 30 ml),1 ML,1.26,1575(E),25-03-2026,0.64956%
2026,Gentamicin,Injection 40 mg/mL (2 ml),1 ML,4.96,1575(E),25-03-2026,0.64956%
2026,Glimepiride,Tablet 2 mg,1 Tablet,5.94,1575(E),25-03-2026,0.64956%
2026,Glimepiride,Tablet 1 mg,1 Tablet,3.78,1575(E),25-03-2026,0.64956%
2026,Glucose,Injection 25%,1 ML,0.20,1575(E),25-03-2026,0.64956%
2026,Glycerin/glycerol (as mentioned in IP),Topical - Lotion,1 ML,1.26,1575(E),25-03-2026,0.64956%
2026,Glycerin/glycerol (as mentioned in IP),Topical - Cream,1 GM,2.43,1575(E),25-03-2026,0.64956%
2026,Glyceryl trinitrate,Injection 5 mg/mL,1 ML,6.34,1575(E),25-03-2026,0.64956%
2026,Glyceryl trinitrate,Sublingual Tablet 0.5 mg,1 Tablet,1.30,1575(E),25-03-2026,0.64956%
2026,Glycopyrrolate,Injection 0.2 mg/mL,1 ML,14.88,1575(E),25-03-2026,0.64956%
2026,Griseofulvin,Tablet 250 mg,1 Tablet,1.81,1575(E),25-03-2026,0.64956%
2026,Haloperidol,Tablet 5 mg,1 Tablet,3.65,1575(E),25-03-2026,0.64956%
2026,Haloperidol,Tablet 10 mg,1 Tablet,4.89,1575(E),25-03-2026,0.64956%
2026,Haloperidol,Oral liquid 2 mg/ 5 mL,1 ML,2.29,1575(E),25-03-2026,0.64956%
2026,Haloperidol,Injection 5 mg/mL,1 ML,6.66,1575(E),25-03-2026,0.64956%
2026,Haloperidol,Tablet 20 mg,1 Tablet,5.49,1575(E),25-03-2026,0.64956%
2026,Haloperidol,Tablet 1.5 mg,1 Tablet,1.62,1575(E),25-03-2026,0.64956%
2026,Halothane,Liquid for inhalation,1 ML,6.25,1575(E),25-03-2026,0.64956%
2026,Heparin,Injection 1000 IU/mL,1 ML,21.72,1575(E),25-03-2026,0.64956%
2026,Heparin,Injection 5000 IU/mL,1 ML,61.40,1575(E),25-03-2026,0.64956%
2026,Hepatitis B immunoglobulin,As Licensed,1 Vial,5630.73,1575(E),25-03-2026,0.64956%
2026,Hepatitis B vaccine,As Licensed,1 ML,80.71,1575(E),25-03-2026,0.64956%
2026,Homatropine,Drops 2%,1 ML,6.55,1575(E),25-03-2026,0.64956%
2026,Hormone Releasing IUD,Contains 52 mg of Levonorgestrel,1 IUD,4202.06,1575(E),25-03-2026,0.64956%
2026,Human chorionic gonado tropin,Injection 5000 IU,1 Vial,427.50,1575(E),25-03-2026,0.64956%
2026,Human chorionic gonado tropin,Injection 10000 IU,1 Vial,950.59,1575(E),25-03-2026,0.64956%
2026,Human chorionic gonado tropin,Injection 2000 IU,1 Vial,351.91,1575(E),25-03-2026,0.64956%
2026,Human chorionic gonado tropin,Solution for infusion (16.5%) ,1 ML,481.68,1575(E),25-03-2026,0.64956%
2026,Human chorionic gonado tropin,Solution for infusion (10%) ,1 ML,207.87,1575(E),25-03-2026,0.64956%
2026,Human chorionic gonado tropin,Solution for infusion (5%),1 ML,149.57,1575(E),25-03-2026,0.64956%
2026,Hydrochlorothiazide,Tablet 25 mg,1 Tablet,1.79,1575(E),25-03-2026,0.64956%
2026,Hydrochlorothiazide,Tablet 12.5 mg,1 Tablet,1.07,1575(E),25-03-2026,0.64956%
2026,Hydrocortisone,Powder for Injection 100 mg,1 Vial,45.87,1575(E),25-03-2026,0.64956%
2026,Hydrocortisone,Tablet 10 mg,1 Tablet,6.86,1575(E),25-03-2026,0.64956%
2026,Hydrocortisone,Powder for Injection 200 mg,1 Vial,67.17,1575(E),25-03-2026,0.64956%
2026,Hydrocortisone,Tablet 5 mg,1 Tablet,3.19,1575(E),25-03-2026,0.64956%
2026,Hydrocortisone,Tablet 20 mg,1 Tablet,15.25,1575(E),25-03-2026,0.64956%
2026,Hydroxy propylmethyl cellulose,Injection 2%,1 ML,29.91,1575(E),25-03-2026,0.64956%
2026,Hydroxychloroquine,Tablet 400 mg,1 Tablet,14.13,1575(E),25-03-2026,0.64956%
2026,Hydroxychloroquine,Tablet 200 mg,1 Tablet,6.51,1575(E),25-03-2026,0.64956%
2026,Hydroxyurea,Capsule 500 mg,1 Capsule,12.41,1575(E),25-03-2026,0.64956%
2026,Hyoscine butylbromide,Injection 20 mg/ml,1 ML,11.51,1575(E),25-03-2026,0.64956%
2026,Ibuprofen,Tablet 200 mg,1 Tablet,0.72,1575(E),25-03-2026,0.64956%
2026,Ibuprofen,Tablet 400 mg,1 Tablet,1.23,1575(E),25-03-2026,0.64956%
2026,Ibuprofen,Oral liquid 100 mg / 5 mL(p),1 ML,0.22,1575(E),25-03-2026,0.64956%
2026,Ibuprofen,Capsule 400 mg ,1 Capsule,1.34,1575(E),25-03-2026,0.64956%
2026,Ifosfamide,Powder for Injection 2000 mg,1 Vial,658.60,1575(E),25-03-2026,0.64956%
2026,Ifosfamide,Powder for Injection 1000 mg,1 Vial,326.62,1575(E),25-03-2026,0.64956%
2026,Imatinib,Tablet 100 mg,1 Tablet,71.42,1575(E),25-03-2026,0.64956%
2026,Imatinib,Tablet 400 mg,1 Tablet,204.41,1575(E),25-03-2026,0.64956%
2026,Imatinib,Capsule 100 mg,1 Capsule,75.25,1575(E),25-03-2026,0.64956%
2026,Insulin (Soluble),Injection 40 IU/ml,1 ml,17.40,1575(E),25-03-2026,0.64956%
2026,Insulin Glargine,Injection 100 IU/ml,1 ML,208.34,1575(E),25-03-2026,0.64956%
2026,Insulin Intermediate Acting (NPH),Injection 40 IU/mL,1 ML,17.40,1575(E),25-03-2026,0.64956%
2026,Iohexol,Injection 300 mg iodine/mL,1 ML,19.87,1575(E),25-03-2026,0.64956%
2026,Iohexol,Injection 350 mg iodine/mL,1 ML,14.58,1575(E),25-03-2026,0.64956%
2026,Ipratropium,"Respirator solution for use in 
nebulizer 250mcg/mL ",1 ml ,2.98,1575(E),25-03-2026,0.64956%
2026,Irinotecan HCl trihydrate,Solution for injection 20 mg/mL,1 ML,988.06,1575(E),25-03-2026,0.64956%
2026,Iron sucrose,Injection 20 mg/mL,1 ML,58.79,1575(E),25-03-2026,0.64956%
2026,Isoflurane,Liquid for inhalation,1 ML,9.88,1575(E),25-03-2026,0.64956%
2026,Isoniazid,Tablet 300 mg,1 Tablet,1.32,1575(E),25-03-2026,0.64956%
2026,Isoniazid,Tablet 100 mg,1 Tablet,0.74,1575(E),25-03-2026,0.64956%
2026,Isosorbide dinitrate,Tablet 5 mg,1 Tablet,0.84,1575(E),25-03-2026,0.64956%
2026,Isosorbide dinitrate,Tablet 10 mg,1 Tablet,0.83,1575(E),25-03-2026,0.64956%
2026,Ispaghula,Granules/Husk/Powder,1 GM,0.97,1575(E),25-03-2026,0.64956%
2026,Itraconazole,Oral liquid 10 mg/mL,1 ML,5.06,1575(E),25-03-2026,0.64956%
2026,Itraconazole,Capsule 100 mg,1 Capsule,17.07,1575(E),25-03-2026,0.64956%
2026,Itraconazole,Capsule 200 mg,1 Capsule,22.65,1575(E),25-03-2026,0.64956%
2026,IUD containing Copper,As licensed,1 IUD,287.77,1575(E),25-03-2026,0.64956%
2026,Ivermectin,Tablet 6 mg,1 Tablet,22.10,1575(E),25-03-2026,0.64956%
2026,Ivermectin,Tablet 12 mg,1 Tablet,38.27,1575(E),25-03-2026,0.64956%
2026,Japanese encephalitis vaccine,As licensed (4 mcg to 6 mcg),1 Vial,693.43,1575(E),25-03-2026,0.64956%
2026,Japanese encephalitis vaccine,As licensed (upto 3 mcg),1 Vial,531.12,1575(E),25-03-2026,0.64956%
2026,Ketamine,Injection 50 mg/mL,1 ML,12.41,1575(E),25-03-2026,0.64956%
2026,Labetalol,Injection 5 mg/mL,1 ML,51.18,1575(E),25-03-2026,0.64956%
2026,Labetalol,Tablet 100 mg,1 Tablet,15.52,1575(E),25-03-2026,0.64956%
2026,Lactulose,Oral liquid 10 g/15 mL,1 ML,1.26,1575(E),25-03-2026,0.64956%
2026,Lamivudine,Tablet 100 mg,1 Tablet,11.33,1575(E),25-03-2026,0.64956%
2026,Lamivudine,Tablet 150 mg,1 Tablet,11.12,1575(E),25-03-2026,0.64956%
2026,L-Asparaginase,Powder for Injection 5000 KU,1 Vial,1059.73,1575(E),25-03-2026,0.64956%
2026,L-Asparaginase,Powder for Injection 10000 KU,1 Vial,1748.75,1575(E),25-03-2026,0.64956%
2026,Latanoprost,Drops 0.005%,1 ML,238.17,1575(E),25-03-2026,0.64956%
2026,Lenalidomide,Capsule 5 mg,1 Capsule,68.86,1575(E),25-03-2026,0.64956%
2026,Lenalidomide,Capsule 25 mg,1 Capsule,299.30,1575(E),25-03-2026,0.64956%
2026,Letrozole,Tablet 2.5 mg,1 Tablet,30.02,1575(E),25-03-2026,0.64956%
2026,Leuprolide acetate,Powder for injection 22.5 mg,1 Vial,17491.66,1575(E),25-03-2026,0.64956%
2026,Leuprolide acetate,Powder for injection 11.25 mg,1 Vial,9517.65,1575(E),25-03-2026,0.64956%
2026,Leuprolide acetate,Powder for injection 3.75 mg,1 Vial,3187.41,1575(E),25-03-2026,0.64956%
2026,Levetiracetam,Tablet 250 mg,1 Tablet,6.45,1575(E),25-03-2026,0.64956%
2026,Levetiracetam,Tablet 500 mg,1 Tablet,13.30,1575(E),25-03-2026,0.64956%
2026,Levetiracetam,Modified Release Tablet 750 mg,1 Tablet,18.74,1575(E),25-03-2026,0.64956%
2026,Levetiracetam,Tablet 750 mg,1 Tablet,19.81,1575(E),25-03-2026,0.64956%
2026,Levetiracetam,Oral liquid 100 mg/mL (p),1 ML,4.07,1575(E),25-03-2026,0.64956%
2026,Levetiracetam,Injection 100 mg/mL,1 ML,23.57,1575(E),25-03-2026,0.64956%
2026,Levodopa (A) + Carbidopa (B),Modified Release– Tablet 200 mg (A) + 50 mg (B),1 Tablet,4.84,1575(E),25-03-2026,0.64956%
2026,Levodopa (A) + Carbidopa (B),Tablet 100 mg (A) + 25 mg (B),1 Tablet,2.64,1575(E),25-03-2026,0.64956%
2026,Levodopa (A) + Carbidopa (B),Tablet 100 mg (A) + 10 mg (B),1 Tablet,1.80,1575(E),25-03-2026,0.64956%
2026,Levodopa (A) + Carbidopa (B),Tablet 250 mg (A) + 25 mg (B),1 Tablet,4.53,1575(E),25-03-2026,0.64956%
2026,Levodopa (A) + Carbidopa (B),Modified Release– Tablet 100 mg (A) + 25 mg (B),1 Tablet,2.86,1575(E),25-03-2026,0.64956%
2026,Levofloxacin,Tablet 750 mg,1 Tablet,12.75,1575(E),25-03-2026,0.64956%
2026,Levofloxacin,Tablet 250 mg,1 Tablet,4.93,1575(E),25-03-2026,0.64956%
2026,Levofloxacin,Tablet 500 mg,1 Tablet,9.21,1575(E),25-03-2026,0.64956%
2026,Levonorgestrel,Tablet 1.5 mg,1 Tablet,77.16,1575(E),25-03-2026,0.64956%
2026,Levothyroxine,Tablet 50 mcg,1 Tablet,1.06,1575(E),25-03-2026,0.64956%
2026,Levothyroxine,Tablet 75 mcg,1 Tablet,1.48,1575(E),25-03-2026,0.64956%
2026,Levothyroxine,Tablet 88 mcg,1 Tablet,1.69,1575(E),25-03-2026,0.64956%
2026,Levothyroxine,Tablet 112 mcg,1 Tablet,1.70,1575(E),25-03-2026,0.64956%
2026,Levothyroxine,Tablet 25 mcg,1 Tablet,1.49,1575(E),25-03-2026,0.64956%
2026,Levothyroxine,Tablet 62.5 mcg,1 Tablet,1.65,1575(E),25-03-2026,0.64956%
2026,Levothyroxine,Tablet 12.5 mcg,1 Tablet,1.52,1575(E),25-03-2026,0.64956%
2026,Levothyroxine,Tablet 100 mcg,1 Tablet,1.35,1575(E),25-03-2026,0.64956%
2026,Levothyroxine,Tablet 125 mcg,1 Tablet,1.73,1575(E),25-03-2026,0.64956%
2026,Levothyroxine,Tablet 150 mcg,1 Tablet,1.74,1575(E),25-03-2026,0.64956%
2026,Lignocaine,Topical forms 2-5 %,1 GM or 1 ML,1.11,1575(E),25-03-2026,0.64956%
2026,Lignocaine,Injection 2%,1 ML,1.17,1575(E),25-03-2026,0.64956%
2026,Lignocaine,Injection 1%,1 ML,9.08,1575(E),25-03-2026,0.64956%
2026,Lignocaine,Injection 5% with 7.5% glucose,1 ML,3.58,1575(E),25-03-2026,0.64956%
2026,Lignocaine (A) + Adrenaline (B),Injection 2% (A) + 1:200 000 (5 mcg / mL) (B),1 ML,1.08,1575(E),25-03-2026,0.64956%
2026,Linezolid,Tablet 600 mg,1 Tablet,36.53,1575(E),25-03-2026,0.64956%
2026,Linezolid,Tablet 300 mg,1 Tablet,23.19,1575(E),25-03-2026,0.64956%
2026,Lithium,Tablet 300 mg,1 Tablet,2.51,1575(E),25-03-2026,0.64956%
2026,Loperamide,Tablet 2 mg,1 Tablet,2.34,1575(E),25-03-2026,0.64956%
2026,Loperamide,Capsule 2 mg,1 Capsule,3.89,1575(E),25-03-2026,0.64956%
2026,Lopinavir (A) + Ritonavir (B),Tablet 200 mg (A) + 50 mg (B),1 Tablet,49.12,1575(E),25-03-2026,0.64956%
2026,Lorazepam,Tablet 1 mg,1 Tablet,2.37,1575(E),25-03-2026,0.64956%
2026,Lorazepam,Tablet 2 mg,1 Tablet,2.88,1575(E),25-03-2026,0.64956%
2026,Lorazepam,Injection 2 mg/mL,1 ML,8.29,1575(E),25-03-2026,0.64956%
2026,Magnesium sulphate,Injection 500 mg/mL,1 ML,4.98,1575(E),25-03-2026,0.64956%
2026,Mannitol,Injection 20 %,1 ML,0.36,1575(E),25-03-2026,0.64956%
2026,Mannitol,Injection 10 %,1 ML,0.19,1575(E),25-03-2026,0.64956%
2026,Measles Rubella vaccine,As licensed,Each Vial of 0.5 ML,72.90,1575(E),25-03-2026,0.64956%
2026,Measles  vaccine,As licensed,Each Vial of 0.5 ML,51.40,1575(E),25-03-2026,0.64956%
2026,Mebendazole,Tablet 100 mg,1 Tablet,2.97,1575(E),25-03-2026,0.64956%
2026,Mebendazole,Oral liquid 100 mg / 5 mL (p),1 ML,0.86,1575(E),25-03-2026,0.64956%
2026,Medroxyprogesterone acetate,Tablet 10 mg,1 Tablet,6.40,1575(E),25-03-2026,0.64956%
2026,Medroxyprogesterone acetate,Injection 150 mg/mL,1 ML,296.72,1575(E),25-03-2026,0.64956%
2026,Mefenamic acid,Oral liquid 100 mg / 5 mL (p),1 ML,0.57,1575(E),25-03-2026,0.64956%
2026,Mefenamic acid,Tablet 250 mg,1 Tablet,2.16,1575(E),25-03-2026,0.64956%
2026,Mefloquine,Tablet 250 mg,1 Tablet,53.41,1575(E),25-03-2026,0.64956%
2026,Meglumine diatrizoate,Injection 60 %w/v,1 ML,9.69,1575(E),25-03-2026,0.64956%
2026,Meglumine diatrizoate,Injection 76 %w/v,1 ML,10.45,1575(E),25-03-2026,0.64956%
2026,Melphalan,Tablet 2 mg,1 Tablet,93.53,1575(E),25-03-2026,0.64956%
2026,Melphalan,Tablet 5 mg,1 Tablet,88.11,1575(E),25-03-2026,0.64956%
2026,Meropenem,Powder for Injection 500 mg (as trihydrate),1 Vial,740.38,1575(E),25-03-2026,0.64956%
2026,Meropenem,Powder for Injection1000 mg (as trihydrate),1 Vial,975.62,1575(E),25-03-2026,0.64956%
2026,Mesna,Injection 100 mg/mL,1 ML,15.88,1575(E),25-03-2026,0.64956%
2026,Metformin,Tablet 1000 mg,1 Tablet,3.57,1575(E),25-03-2026,0.64956%
2026,Metformin,Tablet 500 mg,1 Tablet,2.07,1575(E),25-03-2026,0.64956%
2026,Metformin,Modified release Tablet 1000 mg,1 Tablet,4.15,1575(E),25-03-2026,0.64956%
2026,Methotrexate,Tablet 10 mg,1 tablet,13.61,1575(E),25-03-2026,0.64956%
2026,Methotrexate,Tablet 2.5 mg,1 tablet,5.44,1575(E),25-03-2026,0.64956%
2026,Methotrexate,Tablet 5 mg,1 Tablet,9.65,1575(E),25-03-2026,0.64956%
2026,Methylergometrine,Tablet 0.125 mg,1 Tablet,9.16,1575(E),25-03-2026,0.64956%
2026,Methylergometrine,Injection 0.2 mg/mL,1 ML,15.31,1575(E),25-03-2026,0.64956%
2026,Methylprednisolone,Injection 40 mg/mL,1 ML,46.76,1575(E),25-03-2026,0.64956%
2026,Metoclopramide,Tablet 10 mg,1 Tablet,1.38,1575(E),25-03-2026,0.64956%
2026,Metoclopramide,Injection 5 mg/mL (Less than 10 ML Pack),1 ML,2.74,1575(E),25-03-2026,0.64956%
2026,Metoclopramide,Injection 5 mg/mL (10 ML & More Pack),1 ML,1.67,1575(E),25-03-2026,0.64956%
2026,Metoclopramide,Oral liquid 5 mg / 5 mL(p),1 ML,0.51,1575(E),25-03-2026,0.64956%
2026,Metoprolol,Tablet 25 mg,1 Tablet,4.35,1575(E),25-03-2026,0.64956%
2026,Metoprolol,Tablet 50 mg,1 Tablet,5.98,1575(E),25-03-2026,0.64956%
2026,Metoprolol,Modified Release Tablet 100 mg,1 Tablet,15.35,1575(E),25-03-2026,0.64956%
2026,Metoprolol,Tablet 100 mg,1 Tablet,11.39,1575(E),25-03-2026,0.64956%
2026,Metoprolol,Capsule 25 mg,1 Capsule,4.24,1575(E),25-03-2026,0.64956%
2026,Metoprolol,Capsule 50 mg,1 Capsule,5.96,1575(E),25-03-2026,0.64956%
2026,Metoprolol,Injection 1 mg/ML,1 ML,3.48,1575(E),25-03-2026,0.64956%
2026,Metronidazole,Tablet 200 mg,1 Tablet,0.84,1575(E),25-03-2026,0.64956%
2026,Metronidazole,Tablet 400 mg,1 Tablet,1.56,1575(E),25-03-2026,0.64956%
2026,Metronidazole,Injection 500 mg / 100 mL,1 ML,0.21,1575(E),25-03-2026,0.64956%
2026,Metronidazole,Oral liquid 200 mg / 5 mL(p),1 ML,0.53,1575(E),25-03-2026,0.64956%
2026,Midazolam,Nasal Spray 1.25 mg/ actuation,1 ML,222.02,1575(E),25-03-2026,0.64956%
2026,Midazolam,Nasal Spray 0.5 mg/actuation,1 ML,81.85,1575(E),25-03-2026,0.64956%
2026,Midazolam,Injection 1 mg/mL,1 ML,6.06,1575(E),25-03-2026,0.64956%
2026,Midazolam,Injection 5 mg/mL,1 ML,11.14,1575(E),25-03-2026,0.64956%
2026,Mifepristone,Tablet 200 mg,1 Tablet,359.35,1575(E),25-03-2026,0.64956%
2026,Misoprostol,Tablet 200 mcg,1 Tablet,19.43,1575(E),25-03-2026,0.64956%
2026,Misoprostol,Tablet 100 mcg,1 Tablet,10.16,1575(E),25-03-2026,0.64956%
2026,Montelukast,Tablet 4 mg,1 Tablet,10.48,1575(E),25-03-2026,0.64956%
2026,Montelukast,Tablet 10 mg,1 Tablet,16.84,1575(E),25-03-2026,0.64956%
2026,Montelukast,Tablet 5 mg (including chewable Tablets),1 Tablet,12.30,1575(E),25-03-2026,0.64956%
2026,Morphine,Injection 10 mg/mL,1 ML,20.07,1575(E),25-03-2026,0.64956%
2026,Morphine,Injection 15 mg/mL,1 ML,15.29,1575(E),25-03-2026,0.64956%
2026,Moxifloxacin,Tablet 400 mg,1 Tablet,26.44,1575(E),25-03-2026,0.64956%
2026,Mupirocin,Ointment 2%,1 GM,20.77,1575(E),25-03-2026,0.64956%
2026,Mycophenolate mofetil,Tablet 250 mg,1 Tablet,50.79,1575(E),25-03-2026,0.64956%
2026,Mycophenolate mofetil,Tablet 500 mg,1 Tablet,76.38,1575(E),25-03-2026,0.64956%
2026,N-acetylcysteine,Injection 200 mg/mL,1 ML,24.21,1575(E),25-03-2026,0.64956%
2026,Naloxone,Injection 0.4 mg/mL,1 ML,94.95,1575(E),25-03-2026,0.64956%
2026,Natamycin,Drops 5%,1 ML,23.94,1575(E),25-03-2026,0.64956%
2026,Neostigmine,Injection 0.5 mg/mL,1 ML,5.13,1575(E),25-03-2026,0.64956%
2026,Neostigmine,Tablet 15 mg,1 Tablet,4.70,1575(E),25-03-2026,0.64956%
2026,Nevirapine,Tablet 200 mg,1 Tablet,16.17,1575(E),25-03-2026,0.64956%
2026,Nicotine (for nicotine replacement therapy),Lozenge 2 mg,1 Lozenges,8.11,1575(E),25-03-2026,0.64956%
2026,Nicotine (for nicotine replacement therapy),Gum 2 mg,1 Gum,8.80,1575(E),25-03-2026,0.64956%
2026,Nicotine (for nicotine replacement therapy),Gum 4 mg,1 Gum,10.90,1575(E),25-03-2026,0.64956%
2026,Nicotine (for nicotine replacement therapy),Lozenge 4 mg,1 Lozenges,9.98,1575(E),25-03-2026,0.64956%
2026,Nicotine (for nicotine replacement therapy),Oral Dosage forms 2 mg Pastille,1 Pastille,7.29,1575(E),25-03-2026,0.64956%
2026,Nicotine (for nicotine replacement therapy),Oral Dosage forms 4 mg Pastille,1 Pastille,8.02,1575(E),25-03-2026,0.64956%
2026,Nifedipine,Tablet 10 mg,1 Tablet,1.58,1575(E),25-03-2026,0.64956%
2026,Nifedipine,Capsule10 mg,1 Capsule,0.98,1575(E),25-03-2026,0.64956%
2026,Nitrofurantoin,Tablet 100 mg,1 Tablet,8.30,1575(E),25-03-2026,0.64956%
2026,Nitrofurantoin,Capsule 100 mg,1 Capsule,8.85,1575(E),25-03-2026,0.64956%
2026,Nitrofurantoin,Oral liquid 25 mg / 5 mL (p),1 ML,0.92,1575(E),25-03-2026,0.64956%
2026,Nitrous oxide,As licensed for medical purpose,1 Cubic Meter,292.85,1575(E),25-03-2026,0.64956%
2026,Noradrenaline,Injection 2 mg / mL,1 ML,20.65,1575(E),25-03-2026,0.64956%
2026,Norethisterone,Tablet 5 mg,1 Tablet,5.52,1575(E),25-03-2026,0.64956%
2026,Omeprazole,Capsule 20 mg,1 Capsule,2.94,1575(E),25-03-2026,0.64956%
2026,Omeprazole,Tablet 20 mg,1 Tablet,4.45,1575(E),25-03-2026,0.64956%
2026,Omeprazole,Capsule 10 mg,1 Capsule,2.47,1575(E),25-03-2026,0.64956%
2026,Omeprazole,Powder for oral liquid 20 mg,1 GM,1.55,1575(E),25-03-2026,0.64956%
2026,Omeprazole,Tablet 40 mg,1 Tablet,8.66,1575(E),25-03-2026,0.64956%
2026,Omeprazole,Capsule 40 mg,1 Capsule,5.81,1575(E),25-03-2026,0.64956%
2026,Ondansetron,Tablet 4 mg,1 Tablet,5.26,1575(E),25-03-2026,0.64956%
2026,Ondansetron,Oral liquid 2 mg / 5 mL(p),1 ML,1.29,1575(E),25-03-2026,0.64956%
2026,Ondansetron,Injection 2 mg/mL,1 ML,6.10,1575(E),25-03-2026,0.64956%
2026,Ondansetron,Tablet 8 mg,1 Tablet,9.28,1575(E),25-03-2026,0.64956%
2026,Oral rehydration salts,As licensed,1 ML,0.15,1575(E),25-03-2026,0.64956%
2026,Oral Rehydration Salts,As Licensed,1 GM,1.02,1575(E),25-03-2026,0.64956%
2026,Ormeloxifene (Centchroman),Tablet 30 mg,1 Tablet,8.65,1575(E),25-03-2026,0.64956%
2026,Oxaliplatin,Injection 5 mg/mL in 10 mL vial,1 Vial,2287.59,1575(E),25-03-2026,0.64956%
2026,Oxaliplatin,Injection 100 mg (as licensed),1 Vial,5099.25,1575(E),25-03-2026,0.64956%
2026,Oxygen – Liquid Medical Oxygen,As licensed for medical purpose,1 Cubic Meter,17.43,1575(E),25-03-2026,0.64956%
2026,Oxygen (in cylinder),As licensed for medical purpose,1 Cubic Meter,29.52,1575(E),25-03-2026,0.64956%
2026,Oxytocin,Injection 5 IU/mL,1 ML,18.27,1575(E),25-03-2026,0.64956%
2026,Oxytocin,Injection 10 IU/mL,1 ML,40.82,1575(E),25-03-2026,0.64956%
2026,Paclitaxel,"Injection 30 mg/5 mL, injection 100 mg/16.7 ml",1 ML,220.61,1575(E),25-03-2026,0.64956%
2026,Pantoprazole,Injection 40 mg,1 Vial,51.66,1575(E),25-03-2026,0.64956%
2026,Paracetamol,Tablet 650 mg,1 Tablet,2.05,1575(E),25-03-2026,0.64956%
2026,Paracetamol,Oral Liquid 125 mg/5 mL (p),1 ML,0.38,1575(E),25-03-2026,0.64956%
2026,Paracetamol,Oral Liquid 250 mg/5 mL (p),1 ML,0.68,1575(E),25-03-2026,0.64956%
2026,Paracetamol,Oral liquid 120 mg/5 mL (p),1 ML,0.62,1575(E),25-03-2026,0.64956%
2026,Paracetamol,Tablet 500 mg,1 Tablet,0.93,1575(E),25-03-2026,0.64956%
2026,Paracetamol,Suppository 80 mg,1 Suppository,6.82,1575(E),25-03-2026,0.64956%
2026,Paracetamol,Suppository 170 mg,1 Suppository,8.14,1575(E),25-03-2026,0.64956%
2026,Paracetamol,Injection 150 mg/mL (2 ML),1 ML,4.07,1575(E),25-03-2026,0.64956%
2026,Paracetamol,Injection150 mg/mL (100 ML),1 ML,1.64,1575(E),25-03-2026,0.64956%
2026,Peritoneal dialysis solution,As licensed,1 ML,0.22,1575(E),25-03-2026,0.64956%
2026,Permethrin,Cream 5%,1 GM,1.89,1575(E),25-03-2026,0.64956%
2026,Permethrin,Lotion 1%,1 ML,1.03,1575(E),25-03-2026,0.64956%
2026,Permethrin,Cream 1%,1 GM,1.54,1575(E),25-03-2026,0.64956%
2026,Permethrin,Lotion 5%,1 ML or 1 GM,1.03,1575(E),25-03-2026,0.64956%
2026,Permethrin,Gel 5%,1 GM,1.34,1575(E),25-03-2026,0.64956%
2026,Pheniramine,Injection 22.75 mg/mL (2 ml),1 ML,2.83,1575(E),25-03-2026,0.64956%
2026,Pheniramine,Injection 22.75 mg/mL (10 ml),1 ML,2.11,1575(E),25-03-2026,0.64956%
2026,Phenobarbitone,Tablet 30 mg,1 Tablet,1.34,1575(E),25-03-2026,0.64956%
2026,Phenobarbitone,Tablet 60 mg,1 Tablet,1.93,1575(E),25-03-2026,0.64956%
2026,Phenobarbitone,Injection 200 mg/mL,1 ML,22.68,1575(E),25-03-2026,0.64956%
2026,Phenobarbitone,Oral liquid 20 mg/5mL (p),1 ML,0.50,1575(E),25-03-2026,0.64956%
2026,Phenytoin,Tablet 300 mg,1 Tablet,5.62,1575(E),25-03-2026,0.64956%
2026,Phenytoin,Injection 50 mg/mL,1 ML,6.09,1575(E),25-03-2026,0.64956%
2026,Phenytoin,Modified Release Tablet 300 mg,1 Tablet,6.72,1575(E),25-03-2026,0.64956%
2026,Phenytoin,Tablet 100 mg,1 Tablet,1.80,1575(E),25-03-2026,0.64956%
2026,Phenytoin,Tablet 50 mg,1 Tablet,0.86,1575(E),25-03-2026,0.64956%
2026,Phenytoin,Oral liquid 30 mg/5 mL(p),1 ML,0.36,1575(E),25-03-2026,0.64956%
2026,Phenytoin,Oral liquid 125 mg/5 mL(p),1 ML,1.13,1575(E),25-03-2026,0.64956%
2026,Phenytoin,Capsule 300 mg,1 Capsule,4.76,1575(E),25-03-2026,0.64956%
2026,Phenytoin,Capsule 100 mg,1 Capsule,1.87,1575(E),25-03-2026,0.64956%
2026,Phytomenadione (Vitamin K1),Injection 10 mg/mL,1 ML,54.36,1575(E),25-03-2026,0.64956%
2026,Phytomenadione (Vitamin K1),Tablet 10 mg,1 Tablet,14.89,1575(E),25-03-2026,0.64956%
2026,Pilocarpine,Drops 2 %,1 ML,16.64,1575(E),25-03-2026,0.64956%
2026,Piperacillin (A) + Tazobactam (B),Powder for Injection 1000 mg (A) + 125 mg (B),1 Vial,102.05,1575(E),25-03-2026,0.64956%
2026,Piperacillin (A) + Tazobactam (B),Powder for Injection 2000 mg (A) + 250 mg (B),1 Vial,196.15,1575(E),25-03-2026,0.64956%
2026,Piperacillin (A) + Tazobactam (B),Powder for Injection 4000 mg (A) + 500 mg (B),1 Vial,409.00,1575(E),25-03-2026,0.64956%
2026,Potassium chloride,Oral liquid 500 mg/5 mL,1 ML,0.31,1575(E),25-03-2026,0.64956%
2026,Potassium chloride,Injection 150 mg/mL,1 ML,2.46,1575(E),25-03-2026,0.64956%
2026,Povidone iodine,Solution 5%,1 ML,0.45,1575(E),25-03-2026,0.64956%
2026,Povidone iodine,Solution 7.5%,1 ML,0.84,1575(E),25-03-2026,0.64956%
2026,Povidone iodine,Solution 10%,1 ML,0.99,1575(E),25-03-2026,0.64956%
2026,Povidone iodine,Solution 4%,1 ML,1.78,1575(E),25-03-2026,0.64956%
2026,Povidone iodine,Ointment 10%,1 gm,6.30,1575(E),25-03-2026,0.64956%
2026,Pralidoxime chloride (2-PAM),Injection 25 mg/mL,1 ML,4.67,1575(E),25-03-2026,0.64956%
2026,Prednisolone,Tablet 40 mg,1 Tablet,3.49,1575(E),25-03-2026,0.64956%
2026,Prednisolone,Oral liquid 5 mg/5 mL(p),1 ML,0.50,1575(E),25-03-2026,0.64956%
2026,Prednisolone,Oral liquid 15 mg/5 mL(p),1 ML,0.88,1575(E),25-03-2026,0.64956%
2026,Prednisolone,Tablet 10 mg,1 Tablet,1.23,1575(E),25-03-2026,0.64956%
2026,Prednisolone,Tablet 5 mg,1 Tablet,0.69,1575(E),25-03-2026,0.64956%
2026,Prednisolone,Tablet 20 mg,1 Tablet,2.46,1575(E),25-03-2026,0.64956%
2026,Prednisolone,Drops 1%,1 ML,5.90,1575(E),25-03-2026,0.64956%
2026,Premix Insulin 30:70 Injection (Regular:NPH),Injection 40 IU /ml,1 ml,17.40,1575(E),25-03-2026,0.64956%
2026,Primaquine,Tablet 7.5 mg,1 Tablet,2.44,1575(E),25-03-2026,0.64956%
2026,Primaquine,Tablet 15 mg,1 Tablet,5.26,1575(E),25-03-2026,0.64956%
2026,Primaquine,Tablet 2.5 mg,1 Tablet,1.79,1575(E),25-03-2026,0.64956%
2026,Proparacaine,Eye Drops 0.5%,1 ML,10.50,1575(E),25-03-2026,0.64956%
2026,Propofol,Injection 10 mg/mL,1 ML,6.65,1575(E),25-03-2026,0.64956%
2026,Propranolol,Tablet 40 mg,1 Tablet,3.30,1575(E),25-03-2026,0.64956%
2026,Propranolol,Tablet 10 mg,1 Tablet,1.34,1575(E),25-03-2026,0.64956%
2026,Propranolol,Tablet 20 mg,1 Tablet,3.28,1575(E),25-03-2026,0.64956%
2026,Propranolol,Capsule 40 mg,1 Capsule,4.35,1575(E),25-03-2026,0.64956%
2026,Propranolol,Capsule 20 mg,1 Capsule,2.41,1575(E),25-03-2026,0.64956%
2026,Propranolol,Capsule 10 mg,1 Capsule,2.04,1575(E),25-03-2026,0.64956%
2026,Protamine Sulphate,Injection 10 mg/mL,1 ML,10.01,1575(E),25-03-2026,0.64956%
2026,Pyrazinamide,Tablet 1000 mg,1 Tablet,10.78,1575(E),25-03-2026,0.64956%
2026,Pyrazinamide,Tablet 500 mg,1 Tablet,5.01,1575(E),25-03-2026,0.64956%
2026,Pyrazinamide,Tablet 750 mg,1 Tablet,7.39,1575(E),25-03-2026,0.64956%
2026,Pyrazinamide,Tablet 1500 mg,1 Tablet,12.10,1575(E),25-03-2026,0.64956%
2026,Pyridoxine,Tablet 100 mg,1 Tablet,6.12,1575(E),25-03-2026,0.64956%
2026,Pyridoxine,Tablet 10 mg,1 Tablet,0.11,1575(E),25-03-2026,0.64956%
2026,Quinine,Tablet 300 mg,1 Tablet,5.79,1575(E),25-03-2026,0.64956%
2026,Quinine,Injection 300 mg/mL,1 ML,9.73,1575(E),25-03-2026,0.64956%
2026,Rabies vaccine,As licensed,1 Vial,387.80,1575(E),25-03-2026,0.64956%
2026,Raltegravir,Tablet 400 mg,1 Tablet,151.35,1575(E),25-03-2026,0.64956%
2026,Ramipril,Tablet 2.5 mg,1 Tablet,5.33,1575(E),25-03-2026,0.64956%
2026,Ramipril,Tablet 5 mg,1 Tablet,8.37,1575(E),25-03-2026,0.64956%
2026,Ramipril,Capsule 2.5 mg,1 Capsule,4.77,1575(E),25-03-2026,0.64956%
2026,Ramipril,Capsule 5 mg,1 Capsule,7.37,1575(E),25-03-2026,0.64956%
2026,Ribavirin,Capsule 200 mg,1 Capsule,27.13,1575(E),25-03-2026,0.64956%
2026,Riboflavin,Tablet 10mg,1 Tablet,1.12,1575(E),25-03-2026,0.64956%
2026,Rifampicin,Capsule 600 mg,1 Capsule,11.64,1575(E),25-03-2026,0.64956%
2026,Rifampicin,Capsule 450 mg,1 Capsule,5.81,1575(E),25-03-2026,0.64956%
2026,Rifampicin,Capsule 150 mg,1 Capsule,2.35,1575(E),25-03-2026,0.64956%
2026,Rifampicin,Capsule 300 mg,1 Capsule,4.72,1575(E),25-03-2026,0.64956%
2026,Rifampicin,Tablet 300 mg,1 Tablet,3.72,1575(E),25-03-2026,0.64956%
2026,Rifampicin,Oral liquid 100 mg/5 mL(p),1 ML,0.48,1575(E),25-03-2026,0.64956%
2026,Risperidone,Tablet 1 mg,1 Tablet,3.10,1575(E),25-03-2026,0.64956%
2026,Risperidone,Tablet 2 mg,1 Tablet,4.59,1575(E),25-03-2026,0.64956%
2026,Risperidone,Tablet 4 mg,1 Tablet,7.54,1575(E),25-03-2026,0.64956%
2026,Risperidone,Oral liquid 1 mg/mL,1 ML,2.26,1575(E),25-03-2026,0.64956%
2026,Risperidone,Injection (Long acting) 25 mg,1 ML,1976.65,1575(E),25-03-2026,0.64956%
2026,Risperidone,Injection (Long acting) 37.5 mg,1 ML,2713.03,1575(E),25-03-2026,0.64956%
2026,Ritonavir,Tablet 100 mg,1 Tablet,29.91,1575(E),25-03-2026,0.64956%
2026,Rituximab,Injection 10 mg/mL,1 ML,780.10,1575(E),25-03-2026,0.64956%
2026,Rota virus vaccine,As licensed,1 Vial,875.10,1575(E),25-03-2026,0.64956%
2026,Salbutamol,Tablet 4 mg,1 Tablet,0.33,1575(E),25-03-2026,0.64956%
2026,Salbutamol,Tablet 2 mg,1 Tablet,0.27,1575(E),25-03-2026,0.64956%
2026,Salbutamol,Oral liquid 2 mg/5 mL,1 ML,0.18,1575(E),25-03-2026,0.64956%
2026,Salbutamol,Inhalation (MDI/DPI) 100 mcg/dose,1 Dose,0.50,1575(E),25-03-2026,0.64956%
2026,Salbutamol,Respirator Solution (Solution for Nebulizer 5 mg/mL),1 ML,1.05,1575(E),25-03-2026,0.64956%
2026,Salicylic acid,Ointment 6%,1 GM,2.07,1575(E),25-03-2026,0.64956%
2026,Salicylic acid,Ointment 3%,1 GM,2.11,1575(E),25-03-2026,0.64956%
2026,Sevoflurane,Liquid for inhalation,1 ML,31.92,1575(E),25-03-2026,0.64956%
2026,Snake venom antiserum,Lyophilized polyvalent - As Licensed,1 Vial of 10 ML,681.24,1575(E),25-03-2026,0.64956%
2026,Snake Venom Antiserum,Soluble/ Liquid Polyvalent - As Licensed,1 Vial of 10 ML,438.96,1575(E),25-03-2026,0.64956%
2026,Sodium bicarbonate,Injection (as per IP) - 8.4%,1 ML,1.38,1575(E),25-03-2026,0.64956%
2026,Sodium bicarbonate,Injection (as per IP) - 7.5%,1 ML,1.04,1575(E),25-03-2026,0.64956%
2026,Sodium nitroprusside,Injection10mg/mL,1 ML,29.18,1575(E),25-03-2026,0.64956%
2026,Sodium Valproate,Tablet 300 mg,1 Tablet,4.57,1575(E),25-03-2026,0.64956%
2026,Sodium Valproate,Oral liquid 200 mg/5 mL(p),1 ML,0.66,1575(E),25-03-2026,0.64956%
2026,Sodium Valproate,Tablet 200 mg,1 Tablet,3.67,1575(E),25-03-2026,0.64956%
2026,Sodium Valproate,Modified Release – Tablet 500 mg,1 Tablet,9.50,1575(E),25-03-2026,0.64956%
2026,Sodium Valproate,Tablet 500 mg,1 Tablet,8.31,1575(E),25-03-2026,0.64956%
2026,Sodium Valproate,Modified Release – Tablet 300 mg,1 Tablet,6.25,1575(E),25-03-2026,0.64956%
2026,Sodium Valproate,Injection 100 mg/mL,1 ML,6.91,1575(E),25-03-2026,0.64956%
2026,Sofosbuvir,Tablet 400 mg,1 Tablet,537.73,1575(E),25-03-2026,0.64956%
2026,Somatostatin,Powder for Injection 3 mg,1 Vial,1391.63,1575(E),25-03-2026,0.64956%
2026,Spironolactone,Tablet 50 mg,1 Tablet,4.48,1575(E),25-03-2026,0.64956%
2026,Spironolactone,Tablet 25 mg,1 Tablet,2.24,1575(E),25-03-2026,0.64956%
2026,Streptokinase,"Injection 15,00,000 IU",1 Vial,1922.41,1575(E),25-03-2026,0.64956%
2026,Streptomycin,Powder for Injection 750 mg,1 Vial,15.51,1575(E),25-03-2026,0.64956%
2026,Streptomycin,Powder for Injection 1000 mg,1 Vial,16.68,1575(E),25-03-2026,0.64956%
2026,Succinylcholine,Injection 50 mg/mL,1 ML,5.33,1575(E),25-03-2026,0.64956%
2026,Sulfasalazine,Tablet 500 mg,1 Tablet,4.83,1575(E),25-03-2026,0.64956%
2026,Sumatriptan,Tablet 25 mg,1 Tablet,33.28,1575(E),25-03-2026,0.64956%
2026,Sumatriptan,Tablet 50 mg,1 Tablet,57.02,1575(E),25-03-2026,0.64956%
2026,Surfactant,Suspension for intratracheal instillation (As liensed),Per mg of Phospholipids in the pack,80.89,1575(E),25-03-2026,0.64956%
2026,Tacrolimus,Capsule 0.5 mg,1 Capsule,21.16,1575(E),25-03-2026,0.64956%
2026,Tacrolimus,Capsule 1 mg,1 Capsule,41.60,1575(E),25-03-2026,0.64956%
2026,Tacrolimus,Capsule 2 mg,1 Capsule,86.37,1575(E),25-03-2026,0.64956%
2026,Tacrolimus,Tablet 1 mg,1 Tablet,40.94,1575(E),25-03-2026,0.64956%
2026,Tacrolimus,Tablet 2 mg,1 Tablet,79.55,1575(E),25-03-2026,0.64956%
2026,Tacrolimus,Tablet 0.5 mg,1 Tablet,21.47,1575(E),25-03-2026,0.64956%
2026,Tamoxifen,Tablet 20 mg,1 Tablet,3.02,1575(E),25-03-2026,0.64956%
2026,Tamoxifen,Tablet 10 mg,1 Tablet,2.26,1575(E),25-03-2026,0.64956%
2026,Telmisartan,Tablet 20 mg,1 Tablet,3.98,1575(E),25-03-2026,0.64956%
2026,Telmisartan,Tablet 40 mg,1 Tablet,6.92,1575(E),25-03-2026,0.64956%
2026,Telmisartan,Tablet 80 mg,1 Tablet,10.65,1575(E),25-03-2026,0.64956%
2026,Temozolomide,Capsule 20 mg,1 Capsule,451.93,1575(E),25-03-2026,0.64956%
2026,Temozolomide,Capsule 250 mg,1 Capsule,4407.35,1575(E),25-03-2026,0.64956%
2026,Temozolomide,Capsule 100 mg,1 Capsule,1544.93,1575(E),25-03-2026,0.64956%
2026,Temozolomide,Tablet 20 mg,1 Tablet,344.73,1575(E),25-03-2026,0.64956%
2026,Temozolomide,Tablet 250 mg,1 Tablet,3848.39,1575(E),25-03-2026,0.64956%
2026,Tenecteplase,Injection 40 mg/vial,1 Vial,51599.62,1575(E),25-03-2026,0.64956%
2026,Tenecteplase,Injection 30 mg/vial,1 Vial,37796.29,1575(E),25-03-2026,0.64956%
2026,Teneligliptin,Tablet 20 mg,1 Tablet,11.35,1575(E),25-03-2026,0.64956%
2026,Tenofovir Alafenamide Fumarate (TAF),Tablet 25 mg,1 Tablet,50.04,1575(E),25-03-2026,0.64956%
2026,Tenofovir Disproxil Fumarate (A) + Lamivudine (B),Tablet 300mg (A) + 300 mg (B),1 Tablet,46.67,1575(E),25-03-2026,0.64956%
2026,"Tenofovir Disproxil Fumarate (A)
+ Lamivudine (B) + Efavirenz (C)",Tablet 300 mg (A) + 300 mg (B) + 600 mg (C),1 Tablet,105.32,1575(E),25-03-2026,0.64956%
2026,Tenofovir Disproxil Fumarate (TDF),Tablet 300 mg,1 Tablet,46.94,1575(E),25-03-2026,0.64956%
2026,Tenofovir Disproxil Fumarate + Lamivudine + Dolutegravir,Tablet 300 mg + 300mg + 50 mg,1 Tablet,117.75,1575(E),25-03-2026,0.64956%
2026,Terbinafine,Cream 1%,1 GM,5.38,1575(E),25-03-2026,0.64956%
2026,Tetanus toxoid,As licensed (5 ml),1 Vial,26.14,1575(E),25-03-2026,0.64956%
2026,Tetanus toxoid,As licensed (0.5 ml),1 Vial (0.5ML),12.77,1575(E),25-03-2026,0.64956%
2026,Thalidomide,Capsule 50 mg,1 Capsule,31.91,1575(E),25-03-2026,0.64956%
2026,Thalidomide,Capsule 100 mg,1 Capsule,63.50,1575(E),25-03-2026,0.64956%
2026,Thiamine,Tablet 100 mg,1 Tablet,4.57,1575(E),25-03-2026,0.64956%
2026,Thiamine,Injection 100 mg/mL,1 ML,27.34,1575(E),25-03-2026,0.64956%
2026,Thiopentone,Powder for injection 1 g,1 Vial,56.65,1575(E),25-03-2026,0.64956%
2026,Thiopentone,Powder for injection 0.5 g,1 Vial,46.79,1575(E),25-03-2026,0.64956%
2026,Timolol,Drops 0.5 %,1 ML,13.72,1575(E),25-03-2026,0.64956%
2026,Tiotropium,Inhalation (MDI) 9 mcg/dose,1 Metered Dose,2.85,1575(E),25-03-2026,0.64956%
2026,Tiotropium,Inhalation (DPI) 18 mcg/dose,1 Dose,10.97,1575(E),25-03-2026,0.64956%
2026,Tramadol,Injection 50 mg/mL (upto 2 ml pack),1 ML,12.07,1575(E),25-03-2026,0.64956%
2026,Tramadol,Capsule 50 mg,1 Capsule,4.93,1575(E),25-03-2026,0.64956%
2026,Tramadol,Capsule 100 mg,1 Capsule,9.26,1575(E),25-03-2026,0.64956%
2026,Tramadol,Tablet 50 mg,1 Tablet,9.93,1575(E),25-03-2026,0.64956%
2026,Tramadol,Tablet 100 mg,1 Tablet,25.07,1575(E),25-03-2026,0.64956%
2026,Tranexamic acid,Injection 100 mg/mL,1 ML,14.04,1575(E),25-03-2026,0.64956%
2026,Tranexamic acid,Tablet 500 mg,1 Tablet,18.98,1575(E),25-03-2026,0.64956%
2026,Trastuzumab,Injection 440 mg/50 mL,1 Vial,56039.24,1575(E),25-03-2026,0.64956%
2026,Trihexyphenidyl,Tablet 2 mg,1 Tablet,1.40,1575(E),25-03-2026,0.64956%
2026,Tropicamide,Eye drop 1 %,1 ML,9.65,1575(E),25-03-2026,0.64956%
2026,Valganciclovir,Tablet 450 mg,1 Tablet,418.08,1575(E),25-03-2026,0.64956%
2026,Vancomycin,Powder for Injection 500 mg,1 Vial,325.27,1575(E),25-03-2026,0.64956%
2026,Vancomycin,Powder for Injection 1000 mg,1 Vial,481.56,1575(E),25-03-2026,0.64956%
2026,Vancomycin,Powder for Injection 250 mg,1 Vial,257.28,1575(E),25-03-2026,0.64956%
2026,Vancomycin,Capsule 250 mg,1 Capsule,156.05,1575(E),25-03-2026,0.64956%
2026,Vecuronium,Powder for injection 10 mg,1 Vial,120.19,1575(E),25-03-2026,0.64956%
2026,Vecuronium,Powder for injection 4 mg,1 Vial,76.18,1575(E),25-03-2026,0.64956%
2026,Verapamil,Tablet 80 mg,1 Tablet,1.63,1575(E),25-03-2026,0.64956%
2026,Verapamil,Tablet 40 mg,1 Tablet,0.88,1575(E),25-03-2026,0.64956%
2026,Vincristine,Injection 1 mg/mL,1 ML,58.90,1575(E),25-03-2026,0.64956%
2026,Vitamin A,Tablet 50000 IU (including Chewable Tablet),1 Tablet,0.74,1575(E),25-03-2026,0.64956%
2026,Vitamin A,Injection 50000 IU/mL,1 ML,2.31,1575(E),25-03-2026,0.64956%
2026,Warfarin,Tablet 5 mg,1 Tablet,2.46,1575(E),25-03-2026,0.64956%
2026,Warfarin,Tablet 3 mg,1 Tablet,3.26,1575(E),25-03-2026,0.64956%
2026,Warfarin,Tablet 2 mg,1 Tablet,2.79,1575(E),25-03-2026,0.64956%
2026,Warfarin,Tablet 1 mg,1 Tablet,2.52,1575(E),25-03-2026,0.64956%
2026,Water for injection,Injection,Each Pack (10 ML),2.48,1575(E),25-03-2026,0.64956%
2026,Xylometazoline,Nasal drops 0.05 %,1 ML,4.29,1575(E),25-03-2026,0.64956%
2026,Xylometazoline,Nasal drops 0.1%,1 ML,5.24,1575(E),25-03-2026,0.64956%
2026,Zidovudine,Tablet 300 mg,1 Tablet,13.92,1575(E),25-03-2026,0.64956%
2026,Zidovudine (A) + Lamivudine (B) + Nevirapine (C),Tablet 300 mg (A) + 150 mg (B) + 200 mg (c),1 Tablet,21.64,1575(E),25-03-2026,0.64956%
2026,Zidovudine (A) + Lamivudine (B),Tablet 300 mg (A) + 150 mg (B),1 Tablet,21.60,1575(E),25-03-2026,0.64956%
2026,Zinc Sulphate,Dispersible Tablet 20 mg,1 Tablet,3.49,1575(E),25-03-2026,0.64956%
2026,Zoledronic acid,Powder for Injection 4 mg,1 Vial,2449.49,1575(E),25-03-2026,0.64956%
2026,Zolpidem,Tablet 5 mg,1 Tablet,6.36,1575(E),25-03-2026,0.64956%
2026,Zolpidem,Tablet 10 mg,1 Tablet,8.72,1575(E),25-03-2026,0.64956%
2026,5-amino salicylic Acid,Suppository 500 mg Retention Enema,1 Suppository,CP Not issued ,,,0.64956%
2026,Abacavir (A) + Lamivudine (B),Tablet 60 mg (A) + 30 mg (B),1 Tablet,25.61,1581(E),25-03-2026,0.64956%
2026,Acetylsalicylic acid,Effervescent/ Dispersible/ Enteric coated Tablet 100 mg,1 Tablet,0.22,1581(E),25-03-2026,0.64956%
2026,Acetylsalicylic acid,Tablet 100 mg,1 Tablet,0.21,1581(E),25-03-2026,0.64956%
2026,Acetylsalicylic acid,Tablet 350 mg,1 Tablet,0.39,1581(E),25-03-2026,0.64956%
2026,Acetylsalicylic acid,Tablet 75 mg,1 Tablet,0.39,1581(E),25-03-2026,0.64956%
2026,Acetylsalicylic acid,Tablet 150 mg,1 Tablet,0.51,1581(E),25-03-2026,0.64956%
2026,All-trans Retinoic Acid,Capsule 10 mg,1 Capsule,104.29,1581(E),25-03-2026,0.64956%
2026,Anti-D immunoglobulin,Injection 300 mcg,Each Pack,2721.28,1581(E),25-03-2026,0.64956%
2026,Anti-D Immunoglobulin,Injection 150 mcg,Each Vial,2121.14,1581(E),25-03-2026,0.64956%
2026,Artesunate (A) + Sulphadoxine - Pyrimethamine (B),1 Tablet 100 mg (A) + 1 Tablet (750 mg + 37.5 mg) (B),Combi pack,37.60,1581(E),25-03-2026,0.64956%
2026,Artesunate (A) + Sulphadoxine - Pyrimethamine (B),1 Tablet 150 mg (A) + 2 Tablet (500 mg + 25 mg) (B),Combi pack,51.05,1581(E),25-03-2026,0.64956%
2026,Artesunate (A) + Sulphadoxine - Pyrimethamine (B),1 Tablet 200 mg  (A) + 2 Tablet (750 mg+ 37.5 mg) (B),Combi pack,46.54,1581(E),25-03-2026,0.64956%
2026,Artesunate (A) + Sulphadoxine - Pyrimethamine (B),1 Tablet 25 mg (A) + 1 Tablet (250 mg+ 12.5 mg) (B),Combi pack,25.07,1581(E),25-03-2026,0.64956%
2026,Benzoyl Peroxide,Cream 2.5%,1 gm,2.97,1581(E),25-03-2026,0.64956%
2026,Benzyl penicillin,Powder for Injection 10 Lac Units,Each Pack,14.92,1581(E),25-03-2026,0.64956%
2026,Betamethasone,Gel 0.05%,1 gm,CP Not issued ,,,0.64956%
2026,Betamethasone,Lotion 0.1%,1 ml,1.05,1581(E),25-03-2026,0.64956%
2026,Betamethasone,Lotion 0.5%,1 ml,CP Not issued ,,,0.64956%
2026,Budesonide,Nasal Spray 50 mcg / dose,1 Dose,1.30,1581(E),25-03-2026,0.64956%
2026,Budesonide,Inhalation (DPI) 100 mcg / dose,1 Dose,2.55,1581(E),25-03-2026,0.64956%
2026,Calcium Carbonate,Tablet 500 mg,1 Tablet,2.20,1581(E),25-03-2026,0.64956%
2026,Calcium gluconate,Injection 100 mg/ml,1 ml,0.69,1581(E),25-03-2026,0.64956%
2026,Cefadroxil,Capsule 500 mg,1 Capsule,9.11,1581(E),25-03-2026,0.64956%
2026,Cefazolin,Powder for Injection 1 gm,Each Pack,31.29,1581(E),25-03-2026,0.64956%
2026,Cefazolin,Powder for Injection 500 mg,Each Pack,19.84,1581(E),25-03-2026,0.64956%
2026,Cefixime,Capsule 400 mg,1 Capsule,37.28,1581(E),25-03-2026,0.64956%
2026,Cetirizine,Capsule 10 mg,1 Capsule,3.03,1581(E),25-03-2026,0.64956%
2026,Chlorhexidine,Solution 5% (Concentrate for dilution),1 ml,0.19,1581(E),25-03-2026,0.64956%
2026,Cloxacillin,Tablet 250 mg,1 Tablet,2.20,1581(E),25-03-2026,0.64956%
2026,Cloxacillin,Powder for Injection 250 mg,Each Pack,5.67,1581(E),25-03-2026,0.64956%
2026,Coagulation factor IX,Powder for Injection 600 IU,Each Pack,15708.08,1581(E),25-03-2026,0.64956%
2026,Coagulation factor VIII,Powder for Injection 250 IU,Each pack,4761.81,1581(E),25-03-2026,0.64956%
2026,Coagulation factor VIII,Powder for Injection 500 IU,Each Pack,11685.13,1581(E),25-03-2026,0.64956%
2026,Cyclosporine,Injection 50 mg/ml,1 ml,343.86,1581(E),25-03-2026,0.64956%
2026,Daunarubicin,Powder for I.V. Injection 20 mg (5 mg/ml),Each pack,310.03,1581(E),25-03-2026,0.64956%
2026,Dextran-40,Injection 10%,1 ml,1.08,1581(E),25-03-2026,0.64956%
2026,Diazepam,Oral Liquid 2 mg/5ml,1 ml,3.48,1581(E),25-03-2026,0.64956%
2026,Diclofenac,Capsule 50 mg,1 Capsule,0.78,1581(E),25-03-2026,0.64956%
2026,Dicyclomine,Oral Solution 10 mg/5 ml,1 ml,0.20,1581(E),25-03-2026,0.64956%
2026,Dicyclomine,Tablet 10 mg,1 Tablet,0.13,1581(E),25-03-2026,0.64956%
2026,Dinoprostone,Tablet 0.5 mg,1 Tablet,63.80,1581(E),25-03-2026,0.64956%
2026,Diphtheria antitoxin,10000 IU,Each Pack,1670.88,1581(E),25-03-2026,0.64956%
2026,DPT vaccine,-,Per 0.5 ml,18.07,1581(E),25-03-2026,0.64956%
2026,Efavirenz,Capsule 600 mg,1 Capsule,CP Not issued ,,,0.64956%
2026,Ethyl Alcohol (Denatured),Solution 70%,1 ml,CP Not issued ,,,0.64956%
2026,Ferrous Salt (A) + Folic Acid (B),Tablet 100 mg elemental iron (A) + 500 mcg (B),1 Tablet,0.28,1581(E),25-03-2026,0.64956%
2026,Fluconazole,Oral Liquid 50 mg/5 ml,1 ml,3.33,1581(E),25-03-2026,0.64956%
2026,Gadobenate,Injection 529 mg/ml,1 ml,138.95,1581(E),25-03-2026,0.64956%
2026,Glucose,Injection 50%,1 ml,0.62,1581(E),25-03-2026,0.64956%
2026,Glucose,Injection 5%,1000 ml Glass,81.87,1581(E),25-03-2026,0.64956%
2026,Glucose,Injection 5%,1000 ml Non- Glass,66.10,1581(E),25-03-2026,0.64956%
2026,Glucose,Injection 5%,100ml Glass,22.99,1581(E),25-03-2026,0.64956%
2026,Glucose,Injection 5%,100 ml Non- Glass,20.80,1581(E),25-03-2026,0.64956%
2026,Glucose,Injection 5%,250 ml Glass,31.75,1581(E),25-03-2026,0.64956%
2026,Glucose,Injection 5%,250 ml Non- Glass,28.70,1581(E),25-03-2026,0.64956%
2026,Glucose,Injection 5%,500 ml Glass,45.08,1581(E),25-03-2026,0.64956%
2026,Glucose,Injection 5%,500 ml Non- Glass,38.89,1581(E),25-03-2026,0.64956%
2026,Glucose,Injection 10%,Each Pack (1000 ml),32.93,1581(E),25-03-2026,0.64956%
2026,Glucose,Injection 10%,Each Pack (500 ml),35.81,1581(E),25-03-2026,0.64956%
2026,Glucose (A) + Sodium Chloride (B),Injection 5% (A) + 0.9% (B),1000 ml Glass,82.41,1581(E),25-03-2026,0.64956%
2026,Glucose (A) + Sodium Chloride (B),Injection 5% (A) + 0.9% (B),1000 ml Non- Glass,66.59,1581(E),25-03-2026,0.64956%
2026,Glucose (A) + Sodium Chloride (B),Injection 5% (A) + 0.9% (B),100 ml Glass,23.04,1581(E),25-03-2026,0.64956%
2026,Glucose (A) + Sodium Chloride (B),Injection 5% (A) + 0.9% (B),100 ml Non- Glass,20.82,1581(E),25-03-2026,0.64956%
2026,Glucose (A) + Sodium Chloride (B),Injection 5% (A) + 0.9% (B),250 ml Glass,31.89,1581(E),25-03-2026,0.64956%
2026,Glucose (A) + Sodium Chloride (B),Injection 5% (A) + 0.9% (B),250 ml Non- Glass,28.80,1581(E),25-03-2026,0.64956%
2026,Glucose (A) + Sodium Chloride (B),Injection 5% (A) + 0.9% (B),500 ml Glass,45.29,1581(E),25-03-2026,0.64956%
2026,Glucose (A) + Sodium Chloride (B),Injection 5% (A) + 0.9% (B),500 ml Non- Glass,39.12,1581(E),25-03-2026,0.64956%
2026,Glutaraldehyde,Solution 2%,1 ml,0.08,1581(E),25-03-2026,0.64956%
2026,Griseofulvin,Tablet 125 mg,1 Tablet,1.05,1581(E),25-03-2026,0.64956%
2026,Griseofulvin,Tablet 375 mg,1 Tablet,5.48,1581(E),25-03-2026,0.64956%
2026,Haemodialysis fluid,As license,1 ml,0.04,1581(E),25-03-2026,0.64956%
2026,Human Normal Immunoglobulin,Solution for infusion 5%,1 ml,CP Not issued ,,,0.64956%
2026,Human Normal Immunoglobulin,Solution for infusion 10%,1 ml,CP Not issued ,,,0.64956%
2026,Human Normal Immunoglobulin,Solution for infusion 16.5%,1 ml,CP Not issued ,,,0.64956%
2026,Hydrochlorothiazide,Tablet 50 mg,1 Tablet,0.10,1581(E),25-03-2026,0.64956%
2026,Hydrogen peroxide,Solution 6%,1 ml,0.04,1581(E),25-03-2026,0.64956%
2026,Hydroxocobalamin,Injection 1 mg/ml,1 ml,12.60,1581(E),25-03-2026,0.64956%
2026,Ibuprofen,Capsule 400 mg,1 Capsule,CP Not issued ,,,0.64956%
2026,Ibuprofen,Capsule 200 mg,1 Soft gelatin capsule,3.41,1581(E),25-03-2026,0.64956%
2026,Imatinib,Capsule 400 mg,1 Capsule,325.64,1581(E),25-03-2026,0.64956%
2026,Ipratropium,Inhalation (MDI/DPI) 20 mcg/dose,1 Dose,0.78,1581(E),25-03-2026,0.64956%
2026,Ipratropium,Respirator solution for use in Nebulizer 250 mcg/ml,1 ml,CP Not issued ,,,0.64956%
2026,Ketamine,Injection 10 mg/ml,1 ml,13.51,1581(E),25-03-2026,0.64956%
2026,Levonorgestrel,Tablet 0.75 mg,1 Tablet,29.34,1581(E),25-03-2026,0.64956%
2026,Levothyroxine,Tablet 37.50 mcg,1 Tablet,1.51,1581(E),25-03-2026,0.64956%
2026,Lignocaine (A) + Adrenaline (B),Injection 1% (A) + 1:200000 (5 mcg/ml) (B),1 ml,0.57,1581(E),25-03-2026,0.64956%
2026,Lopinavir (A) + Ritonavir (B),Tablet 100 mg(A) + 25 mg (B),1 Tablet,29.98,1581(E),25-03-2026,0.64956%
2026,Methotrexate,Injection 50 mg/ml,1 ml,51.06,1581(E),25-03-2026,0.64956%
2026,Methylrosanilinium chloride (Gentian Violet),Paint 1%,1 ml,0.10,1581(E),25-03-2026,0.64956%
2026,Methylthioninium chloride (Methylene blue),Injection 10 mg/ml,1 ml,27.78,1581(E),25-03-2026,0.64956%
2026,Midazolam,Tablet 7.5 mg,1 Tablet,28.61,1581(E),25-03-2026,0.64956%
2026,Morphine,SR Tablet 30 mg,1 Tablet,6.94,1581(E),25-03-2026,0.64956%
2026,Morphine,Tablet 10 mg,1 Tablet,6.79,1581(E),25-03-2026,0.64956%
2026,N-acetylcysteine,Sachet 200 mg,1 gm,11.46,1581(E),25-03-2026,0.64956%
2026,Nevirapine,Oral Liquid 50 mg/5 ml,1 ml,1.07,1581(E),25-03-2026,0.64956%
2026,Omeprazole,Tablet 10 mg,1 Tablet,5.66,1581(E),25-03-2026,0.64956%
2026,Oral poliomyelitis vaccine,-,1 ml,130.73,1581(E),25-03-2026,0.64956%
2026,Para-aminosalicylic acid,Granules (As licensed),1 gm,3.62,1581(E),25-03-2026,0.64956%
2026,Paracetamol,Injection 150 mg/ml,Each Pack ( 0.5 ml),3.92,1581(E),25-03-2026,0.64956%
2026,Paracetamol,Injection 150 mg/ml,Each Pack (1 ml),5.34,1581(E),25-03-2026,0.64956%
2026,Paracetamol,Injection 150 mg/ml,Each Pack (3 ml),11.10,1581(E),25-03-2026,0.64956%
2026,Paracetamol,Injection 150 mg/ml,Each Pack (4 ml),13.98,1581(E),25-03-2026,0.64956%
2026,Paracetamol,Injection 150 mg/ml,Each Pack (5 ml),16.86,1581(E),25-03-2026,0.64956%
2026,Paracetamol,Injection 150 mg/ml,Each Pack (7 ml),22.60,1581(E),25-03-2026,0.64956%
2026,Penicillamine,Capsule 250 mg,1 Capsule,18.94,1581(E),25-03-2026,0.64956%
2026,Phenylephrine,Drop 10%,1 ml,10.31,1581(E),25-03-2026,0.64956%
2026,Phenylephrine,Drops 5%,1 ml,4.75,1581(E),25-03-2026,0.64956%
2026,Phenytoin,ER Capsule 300 mg,1 Capsule,4.85,1581(E),25-03-2026,0.64956%
2026,Phenytoin,Injection 25 mg/ml,1 ml,3.20,1581(E),25-03-2026,0.64956%
2026,Pilocarpine,Drops 4%,1 ml,14.89,1581(E),25-03-2026,0.64956%
2026,Potassium permanganate,Crystals for topical solution,1 gm,0.56,1581(E),25-03-2026,0.64956%
2026,Povidone iodine,Scrub 7.5%,1 ml,2.04,1581(E),25-03-2026,0.64956%
2026,Praziquantel,Tablet 600 mg,1 Tablet,44.29,1581(E),25-03-2026,0.64956%
2026,Prednisolone,Injection 20 mg/2 ml,1 ml,4.57,1581(E),25-03-2026,0.64956%
2026,Pyrazinamide,Oral Liquid 250 mg/5 ml,1 ml,0.78,1581(E),25-03-2026,0.64956%
2026,Rifampicin,Tablet 150 mg,1 Tablet,2.05,1581(E),25-03-2026,0.64956%
2026,Ringer Lactate,Injection 1000 ml,Each Pack,101.71,1581(E),25-03-2026,0.64956%
2026,Ringer Lactate,Injection 100 ml,Each Pack,26.62,1581(E),25-03-2026,0.64956%
2026,Ringer Lactate,Injection 250 ml,Each Pack,45.39,1581(E),25-03-2026,0.64956%
2026,Ringer Lactate,Injection 500 ml,Each Pack,57.85,1581(E),25-03-2026,0.64956%
2026,Ritonavir,Capsule 100 mg,1 Capsule,35.98,1581(E),25-03-2026,0.64956%
2026,Salbutamol,Capsule 4 mg,1 Capsule,0.75,1581(E),25-03-2026,0.64956%
2026,Silver Sulphadiazine,Cream 1%,1 gm,0.64,1581(E),25-03-2026,0.64956%
2026,Sodium Chloride,Injection 0.9%,1000 ml Glass,75.66,1581(E),25-03-2026,0.64956%
2026,Sodium Chloride,Injection 0.9%,1000 ml Non- Glass,59.67,1581(E),25-03-2026,0.64956%
2026,Sodium Chloride,Injection 0.9%,100 ml Glass,22.36,1581(E),25-03-2026,0.64956%
2026,Sodium Chloride,Injection 0.9%,100 ml Non- Glass,20.15,1581(E),25-03-2026,0.64956%
2026,Sodium Chloride,Injection 0.9%,250 ml Glass,30.17,1581(E),25-03-2026,0.64956%
2026,Sodium Chloride,Injection 0.9%,250 ml Non- Glass,27.08,1581(E),25-03-2026,0.64956%
2026,Sodium Chloride,Injection 0.9%,500 ml Glass,41.95,1581(E),25-03-2026,0.64956%
2026,Sodium Chloride,Injection 0.9%,500 ml Non- Glass,35.71,1581(E),25-03-2026,0.64956%
2026,Sodium nitrite,Injection 30 mg/ml,1 ml,33.12,1581(E),25-03-2026,0.64956%
2026,Sodium Nitroprusside,Injection 10 mg/ml,1 ml,CP Not issued ,,,0.64956%
2026,Streptokinase,"Injection 7,50,000 IU",Each Pack,1605.06,1581(E),25-03-2026,0.64956%
2026,TD Vaccine,"Each dose of 0.5 ml contains: Diphtheria Toxoid
≤5Lf (≥ 2IU) Tetanus Toxoid ≥5Lf (≥ 40IU)",Each 0.5 ml Pack,23.89,1581(E),25-03-2026,0.64956%
2026,TD Vaccine,"Each dose of 0.5 ml contains: Diphtheria Toxoid
≤5Lf (≥ 2IU) Tetanus Toxoid ≥ 5Lf (≥ 40IU)",Each 5 ml Pack,224.52,1581(E),25-03-2026,0.64956%
2026,TD Vaccine,"Each dose of 0.5 ml contains: Diphtheria Toxoid
≤25Lf (≥ 30IU) Tetanus Toxoid ≥ 5Lf (≥ 40IU)",Each 0.5 ml Pack,20.48,1581(E),25-03-2026,0.64956%
2026,Temozolomide,Tablet 100 mg,1 Tablet,1971.83,1581(E),25-03-2026,0.64956%
2026,Timolol,Drops 0.25%,1 ml,6.59,1581(E),25-03-2026,0.64956%
2026,Tramadol,Injection 50 mg/ml (20 ml Pack),1 ml,1.59,1581(E),25-03-2026,0.64956%
2026,Verapamil,Injection 2.5 mg/ml,1 ml,1.50,1581(E),25-03-2026,0.64956%
2026,Vinblastine,Injection 1 mg/ml,1 ml,26.15,1581(E),25-03-2026,0.64956%
2026,Vitamin A,Capsule 50000 IU,1 Capsule,0.69,1581(E),25-03-2026,0.64956%
2026,Water for Injection,Injection,Each Pack (5 ml),2.86,1581(E),25-03-2026,0.64956%
2026,Water for Injection,Injection,Per 500 ml Pack,58.78,1581(E),25-03-2026,0.64956%
2026,Water for Injection,Injection,Per 1000 ml Pack,103.16,1581(E),25-03-2026,0.64956%
2026,Zidovudine,Capsule 300 mg,1 Capsule,2.63,1581(E),25-03-2026,0.64956%
2026,Zolpidem,Capsule 5 mg,1 Capsule,9.37,1581(E),25-03-2026,0.64956%
2026,Acetyl Salicylic Acid,Tablet 300 mg,1 Tablet,0.28,1582(E),25-03-2026,0.64956%
2026,Calcium carbonate,Tablet 250 mg,1 Tablet,2.49,1582(E),25-03-2026,0.64956%
2026,Condoms,-,1 Condom,11.65,1582(E),25-03-2026,0.64956%
2026,Dapsone,Tablet 50 mg,1 Tablet,0.30,1582(E),25-03-2026,0.64956%
2026,Medroxy Progesterone Acetate,Tablet 5 mg,1 Tablet,3.80,1582(E),25-03-2026,0.64956%
2026,Rifampicin,Tablet 450 mg,1 Tablet,5.66,1582(E),25-03-2026,0.64956%
2026-R,Anti-rabies immunoglobulin,Injection 300 IU/ml,1 ML,119.48,3715(E),08-07-2026,0.64956%
2026-R,Anti-tetanus immunoglobulin,As licensed (250 IU),1 Vial,1912.02,3005(E),11-06-2026,0.64956%
2026-R,Anti-tetanus immunoglobulin,As licensed (500 IU),1 Vial,2881.19,3005(E),11-06-2026,0.64956%
2026-R,BCG vaccine,As licensed,Each dose (0.10 ML),9.89,3006(E),11-06-2026,0.64956%
2026-R,Benzathine benzylpenicillin,Powder for Injection 6 lac units,1 Vial,13.42,2681(E),27-05-2026,0.64956%
2026-R,Carboplatin,Injection 10 mg/mL,1 ML,90.74,3004(E),11-06-2026,0.64956%
2026-R,Cisplatin,Injection 1 mg / mL,1 ML,10.89,3004(E),11-06-2026,0.64956%
2026-R,Measles Rubella vaccine,As licensed,Each Vial of 0.5 ML,87.93,3006(E),11-06-2026,0.64956%
2026-R,Measles  vaccine,As licensed,Each Vial of 0.5 ML,62.00,3006(E),11-06-2026,0.64956%
