Sr. No.,Drug  Name,Schedule Name,Rules,Notification No,Notification Date,w.e.f.,D&C Rule Page No ,Notes,Remarks
1,Aminopterin,SCHEDULE G,(See rule 97),G.S.R. 360(E),01-07-2024,,501-502,Note.—Preparations containing the above substances excluding those intended for topical or external use are also covered by this Schedule.],
2,L-Asparaginase,SCHEDULE G,(See rule 97),G.S.R. 360(E),01-07-2024,,501-502,Note.—Preparations containing the above substances excluding those intended for topical or external use are also covered by this Schedule.],
3,Bleomycin,SCHEDULE G,(See rule 97),G.S.R. 360(E),01-07-2024,,501-502,Note.—Preparations containing the above substances excluding those intended for topical or external use are also covered by this Schedule.],
4,Busulphan; its salts,SCHEDULE G,(See rule 97),G.S.R. 360(E),01-07-2024,,501-502,Note.—Preparations containing the above substances excluding those intended for topical or external use are also covered by this Schedule.],
5,Carbutamide,SCHEDULE G,(See rule 97),G.S.R. 360(E),01-07-2024,,501-502,Note.—Preparations containing the above substances excluding those intended for topical or external use are also covered by this Schedule.],
6,Chlorambucil; its salts,SCHEDULE G,(See rule 97),G.S.R. 360(E),01-07-2024,,501-502,Note.—Preparations containing the above substances excluding those intended for topical or external use are also covered by this Schedule.],
7,"Chlorothiazide and other derivatives of 1, 2, 4 benzothiadiazine",SCHEDULE G,(See rule 97),G.S.R. 360(E),01-07-2024,,501-502,Note.—Preparations containing the above substances excluding those intended for topical or external use are also covered by this Schedule.],
8,Chlorpropamide; its salts,SCHEDULE G,(See rule 97),G.S.R. 360(E),01-07-2024,,501-502,Note.—Preparations containing the above substances excluding those intended for topical or external use are also covered by this Schedule.],
9,Chlorthalidone and other derivatives of Chlorobenzene compound,SCHEDULE G,(See rule 97),G.S.R. 360(E),01-07-2024,,501-502,Note.—Preparations containing the above substances excluding those intended for topical or external use are also covered by this Schedule.],
10,[Cis-Platin],SCHEDULE G,(See rule 97),G.S.R. 360(E),01-07-2024,,501-502,Note.—Preparations containing the above substances excluding those intended for topical or external use are also covered by this Schedule.],
11,Cyclophosphamide; its salts,SCHEDULE G,(See rule 97),G.S.R. 360(E),01-07-2024,,501-502,Note.—Preparations containing the above substances excluding those intended for topical or external use are also covered by this Schedule.],
12,[Cytarabine],SCHEDULE G,(See rule 97),G.S.R. 360(E),01-07-2024,,501-502,Note.—Preparations containing the above substances excluding those intended for topical or external use are also covered by this Schedule.],
13,Daunorubicin,SCHEDULE G,(See rule 97),G.S.R. 360(E),01-07-2024,,501-502,Note.—Preparations containing the above substances excluding those intended for topical or external use are also covered by this Schedule.],
14,Di-Isopropyl Eluorophosphate,SCHEDULE G,(See rule 97),G.S.R. 360(E),01-07-2024,,501-502,Note.—Preparations containing the above substances excluding those intended for topical or external use are also covered by this Schedule.],
15,Disodium Stilboestrol Diphosphate,SCHEDULE G,(See rule 97),G.S.R. 360(E),01-07-2024,,501-502,Note.—Preparations containing the above substances excluding those intended for topical or external use are also covered by this Schedule.],
16,Doxorubicin Hydrochloride,SCHEDULE G,(See rule 97),G.S.R. 360(E),01-07-2024,,501-502,Note.—Preparations containing the above substances excluding those intended for topical or external use are also covered by this Schedule.],
17,"Ethacrynic Acid, its salts",SCHEDULE G,(See rule 97),G.S.R. 360(E),01-07-2024,,501-502,Note.—Preparations containing the above substances excluding those intended for topical or external use are also covered by this Schedule.],
18,Ethosuximide,SCHEDULE G,(See rule 97),G.S.R. 360(E),01-07-2024,,501-502,Note.—Preparations containing the above substances excluding those intended for topical or external use are also covered by this Schedule.],
19,Glibenclamide,SCHEDULE G,(See rule 97),G.S.R. 360(E),01-07-2024,,501-502,Note.—Preparations containing the above substances excluding those intended for topical or external use are also covered by this Schedule.],
20,"Hydantoin; its salts; its derivatives, their salts",SCHEDULE G,(See rule 97),G.S.R. 360(E),01-07-2024,,501-502,Note.—Preparations containing the above substances excluding those intended for topical or external use are also covered by this Schedule.],
21,Hydroxyurea,SCHEDULE G,(See rule 97),G.S.R. 360(E),01-07-2024,,501-502,Note.—Preparations containing the above substances excluding those intended for topical or external use are also covered by this Schedule.],
22,"Insulin, all types",SCHEDULE G,(See rule 97),G.S.R. 360(E),01-07-2024,,501-502,Note.—Preparations containing the above substances excluding those intended for topical or external use are also covered by this Schedule.],
23,[(Lomustine Hydrochloride)],SCHEDULE G,(See rule 97),G.S.R. 360(E),01-07-2024,,501-502,Note.—Preparations containing the above substances excluding those intended for topical or external use are also covered by this Schedule.],
24,Mannomustine; its salts,SCHEDULE G,(See rule 97),G.S.R. 360(E),01-07-2024,,501-502,Note.—Preparations containing the above substances excluding those intended for topical or external use are also covered by this Schedule.],
25,Mercaptopurine; its salts,SCHEDULE G,(See rule 97),G.S.R. 360(E),01-07-2024,,501-502,Note.—Preparations containing the above substances excluding those intended for topical or external use are also covered by this Schedule.],
26,Metformin; its salts,SCHEDULE G,(See rule 97),G.S.R. 360(E),01-07-2024,,501-502,Note.—Preparations containing the above substances excluding those intended for topical or external use are also covered by this Schedule.],
27,Methsuximide,SCHEDULE G,(See rule 97),G.S.R. 360(E),01-07-2024,,501-502,Note.—Preparations containing the above substances excluding those intended for topical or external use are also covered by this Schedule.],
28,"Mustine, its salts",SCHEDULE G,(See rule 97),G.S.R. 360(E),01-07-2024,,501-502,Note.—Preparations containing the above substances excluding those intended for topical or external use are also covered by this Schedule.],
29,Paramethadione,SCHEDULE G,(See rule 97),G.S.R. 360(E),01-07-2024,,501-502,Note.—Preparations containing the above substances excluding those intended for topical or external use are also covered by this Schedule.],
30,Phenacemide,SCHEDULE G,(See rule 97),G.S.R. 360(E),01-07-2024,,501-502,Note.—Preparations containing the above substances excluding those intended for topical or external use are also covered by this Schedule.],
31,Phenformin; its salts,SCHEDULE G,(See rule 97),G.S.R. 360(E),01-07-2024,,501-502,Note.—Preparations containing the above substances excluding those intended for topical or external use are also covered by this Schedule.],
32,5-Phenylhydantoin; its alkyl and aryl derivatives; its salts,SCHEDULE G,(See rule 97),G.S.R. 360(E),01-07-2024,,501-502,Note.—Preparations containing the above substances excluding those intended for topical or external use are also covered by this Schedule.],
33,Primadone,SCHEDULE G,(See rule 97),G.S.R. 360(E),01-07-2024,,501-502,Note.—Preparations containing the above substances excluding those intended for topical or external use are also covered by this Schedule.],
34,[Procarpazine Hydrochloride],SCHEDULE G,(See rule 97),G.S.R. 360(E),01-07-2024,,501-502,Note.—Preparations containing the above substances excluding those intended for topical or external use are also covered by this Schedule.],
35,Quinthazone,SCHEDULE G,(See rule 97),G.S.R. 360(E),01-07-2024,,501-502,Note.—Preparations containing the above substances excluding those intended for topical or external use are also covered by this Schedule.],
36,Sarcolysine,SCHEDULE G,(See rule 97),G.S.R. 360(E),01-07-2024,,501-502,Note.—Preparations containing the above substances excluding those intended for topical or external use are also covered by this Schedule.],
37,[(Sodium-2-Mercaptoethanesulfonate],SCHEDULE G,(See rule 97),G.S.R. 360(E),01-07-2024,,501-502,Note.—Preparations containing the above substances excluding those intended for topical or external use are also covered by this Schedule.],
38,Tamoxiten Citrate,SCHEDULE G,(See rule 97),G.S.R. 360(E),01-07-2024,,501-502,Note.—Preparations containing the above substances excluding those intended for topical or external use are also covered by this Schedule.],
39,Testolactone,SCHEDULE G,(See rule 97),G.S.R. 360(E),01-07-2024,,501-502,Note.—Preparations containing the above substances excluding those intended for topical or external use are also covered by this Schedule.],
40,Thiotepa,SCHEDULE G,(See rule 97),G.S.R. 360(E),01-07-2024,,501-502,Note.—Preparations containing the above substances excluding those intended for topical or external use are also covered by this Schedule.],
41,Tolbutamide,SCHEDULE G,(See rule 97),G.S.R. 360(E),01-07-2024,,501-502,Note.—Preparations containing the above substances excluding those intended for topical or external use are also covered by this Schedule.],
42,Tretamine; its salts,SCHEDULE G,(See rule 97),G.S.R. 360(E),01-07-2024,,501-502,Note.—Preparations containing the above substances excluding those intended for topical or external use are also covered by this Schedule.],
43,Troxidone,SCHEDULE G,(See rule 97),G.S.R. 360(E),01-07-2024,,501-502,Note.—Preparations containing the above substances excluding those intended for topical or external use are also covered by this Schedule.],
44,Antazoline,SCHEDULE G,(See rule 97),G.S.R. 360(E),01-07-2024,,501-502,Note.—Preparations containing the above substances excluding those intended for topical or external use are also covered by this Schedule.],"Antihistaminic substances the following, their salts, their derivatives, salts of their derivatives"
45,Bromodiphenhydramine,SCHEDULE G,(See rule 97),G.S.R. 360(E),01-07-2024,,501-502,Note.—Preparations containing the above substances excluding those intended for topical or external use are also covered by this Schedule.],"Antihistaminic substances the following, their salts, their derivatives, salts of their derivatives"
46,Buclizine,SCHEDULE G,(See rule 97),G.S.R. 360(E),01-07-2024,,501-502,Note.—Preparations containing the above substances excluding those intended for topical or external use are also covered by this Schedule.],"Antihistaminic substances the following, their salts, their derivatives, salts of their derivatives"
47,Chlorcyclizine,SCHEDULE G,(See rule 97),G.S.R. 360(E),01-07-2024,,501-502,Note.—Preparations containing the above substances excluding those intended for topical or external use are also covered by this Schedule.],"Antihistaminic substances the following, their salts, their derivatives, salts of their derivatives"
48,Chlorpheniramine,SCHEDULE G,(See rule 97),G.S.R. 360(E),01-07-2024,,501-502,Note.—Preparations containing the above substances excluding those intended for topical or external use are also covered by this Schedule.],"Antihistaminic substances the following, their salts, their derivatives, salts of their derivatives"
49,Clemizole,SCHEDULE G,(See rule 97),G.S.R. 360(E),01-07-2024,,501-502,Note.—Preparations containing the above substances excluding those intended for topical or external use are also covered by this Schedule.],"Antihistaminic substances the following, their salts, their derivatives, salts of their derivatives"
50,Cyproheptadine,SCHEDULE G,(See rule 97),G.S.R. 360(E),01-07-2024,,501-502,Note.—Preparations containing the above substances excluding those intended for topical or external use are also covered by this Schedule.],"Antihistaminic substances the following, their salts, their derivatives, salts of their derivatives"
51,Diphenhydramine,SCHEDULE G,(See rule 97),G.S.R. 360(E),01-07-2024,,501-502,Note.—Preparations containing the above substances excluding those intended for topical or external use are also covered by this Schedule.],"Antihistaminic substances the following, their salts, their derivatives, salts of their derivatives"
52,Diphenylpyraline,SCHEDULE G,(See rule 97),G.S.R. 360(E),01-07-2024,,501-502,Note.—Preparations containing the above substances excluding those intended for topical or external use are also covered by this Schedule.],"Antihistaminic substances the following, their salts, their derivatives, salts of their derivatives"
53,Doxylamine Succinate,SCHEDULE G,(See rule 97),G.S.R. 360(E),01-07-2024,,501-502,Note.—Preparations containing the above substances excluding those intended for topical or external use are also covered by this Schedule.],"Antihistaminic substances the following, their salts, their derivatives, salts of their derivatives"
54,Isothipendyl,SCHEDULE G,(See rule 97),G.S.R. 360(E),01-07-2024,,501-502,Note.—Preparations containing the above substances excluding those intended for topical or external use are also covered by this Schedule.],"Antihistaminic substances the following, their salts, their derivatives, salts of their derivatives"
55,Mebhydrolin Napadisylate,SCHEDULE G,(See rule 97),G.S.R. 360(E),01-07-2024,,501-502,Note.—Preparations containing the above substances excluding those intended for topical or external use are also covered by this Schedule.],"Antihistaminic substances the following, their salts, their derivatives, salts of their derivatives"
56,Meclozine,SCHEDULE G,(See rule 97),G.S.R. 360(E),01-07-2024,,501-502,Note.—Preparations containing the above substances excluding those intended for topical or external use are also covered by this Schedule.],"Antihistaminic substances the following, their salts, their derivatives, salts of their derivatives"
57,Phenindamine,SCHEDULE G,(See rule 97),G.S.R. 360(E),01-07-2024,,501-502,Note.—Preparations containing the above substances excluding those intended for topical or external use are also covered by this Schedule.],"Antihistaminic substances the following, their salts, their derivatives, salts of their derivatives"
58,Pheniramine,SCHEDULE G,(See rule 97),G.S.R. 360(E),01-07-2024,,501-502,Note.—Preparations containing the above substances excluding those intended for topical or external use are also covered by this Schedule.],"Antihistaminic substances the following, their salts, their derivatives, salts of their derivatives"
59,Promethazine,SCHEDULE G,(See rule 97),G.S.R. 360(E),01-07-2024,,501-502,Note.—Preparations containing the above substances excluding those intended for topical or external use are also covered by this Schedule.],"Antihistaminic substances the following, their salts, their derivatives, salts of their derivatives"
60,Thenalidine,SCHEDULE G,(See rule 97),G.S.R. 360(E),01-07-2024,,501-502,Note.—Preparations containing the above substances excluding those intended for topical or external use are also covered by this Schedule.],"Antihistaminic substances the following, their salts, their derivatives, salts of their derivatives"
61,Triprolidine,SCHEDULE G,(See rule 97),G.S.R. 360(E),01-07-2024,,501-502,Note.—Preparations containing the above substances excluding those intended for topical or external use are also covered by this Schedule.],"Antihistaminic substances the following, their salts, their derivatives, salts of their derivatives"
1,Abacavir,SCHEDULE H,(See rules 65 and 97),G.S.R. 360(E),01-07-2024,,502-509,"Note: —1. Preparations exempted under proviso to para 2 of Note to Schedule X shall also be covered by this Schedule.
2. The salts, esters, derivatives and preparations containing the above substances excluding those intended for topical or external use (except ophthalmic and ear/nose preparations containing antibiotics and/or steroids) are also covered by this Schedule.
3. The inclusion of a substance in this Schedule does not imply or convey that the substance is exempted from the provisions of Rule 122A/122B.]
1122[4. The salts, esters, derivatives and preparations containing 1123[steroids or Hydroquinone] for topical or external use shall also be covered under this Schedule.
1124[5. Notwithstanding anything contained in these rules, the provisions of rule 65 and rule 97 in respect or drugs specified from serial number 538 to serial number 551 inserted vide Notification number G.S.R. 277(E), dated 23rd March, 2018 published in the Gazette of India, Extraordinary, Part II, Section
Central Drugs Standard Control Organization, Ministry of Health and Family Welfare, Govt. of India Page 510 of 963
(3), Sub-section (i) shall be on voluntary basis for a period commencing on the day on which this notification shall come into force and ending on the 31st March, 2019 and thereafter shall be mandatory.]",
2,Abciximab,SCHEDULE H,(See rules 65 and 97),G.S.R. 360(E),01-07-2024,,502-509,"Note: —1. Preparations exempted under proviso to para 2 of Note to Schedule X shall also be covered by this Schedule.
2. The salts, esters, derivatives and preparations containing the above substances excluding those intended for topical or external use (except ophthalmic and ear/nose preparations containing antibiotics and/or steroids) are also covered by this Schedule.
3. The inclusion of a substance in this Schedule does not imply or convey that the substance is exempted from the provisions of Rule 122A/122B.]
1122[4. The salts, esters, derivatives and preparations containing 1123[steroids or Hydroquinone] for topical or external use shall also be covered under this Schedule.
1124[5. Notwithstanding anything contained in these rules, the provisions of rule 65 and rule 97 in respect or drugs specified from serial number 538 to serial number 551 inserted vide Notification number G.S.R. 277(E), dated 23rd March, 2018 published in the Gazette of India, Extraordinary, Part II, Section
Central Drugs Standard Control Organization, Ministry of Health and Family Welfare, Govt. of India Page 510 of 963
(3), Sub-section (i) shall be on voluntary basis for a period commencing on the day on which this notification shall come into force and ending on the 31st March, 2019 and thereafter shall be mandatory.]",
3,Acamprosate Calcium,SCHEDULE H,(See rules 65 and 97),G.S.R. 360(E),01-07-2024,,502-509,"Note: —1. Preparations exempted under proviso to para 2 of Note to Schedule X shall also be covered by this Schedule.
2. The salts, esters, derivatives and preparations containing the above substances excluding those intended for topical or external use (except ophthalmic and ear/nose preparations containing antibiotics and/or steroids) are also covered by this Schedule.
3. The inclusion of a substance in this Schedule does not imply or convey that the substance is exempted from the provisions of Rule 122A/122B.]
1122[4. The salts, esters, derivatives and preparations containing 1123[steroids or Hydroquinone] for topical or external use shall also be covered under this Schedule.
1124[5. Notwithstanding anything contained in these rules, the provisions of rule 65 and rule 97 in respect or drugs specified from serial number 538 to serial number 551 inserted vide Notification number G.S.R. 277(E), dated 23rd March, 2018 published in the Gazette of India, Extraordinary, Part II, Section
Central Drugs Standard Control Organization, Ministry of Health and Family Welfare, Govt. of India Page 510 of 963
(3), Sub-section (i) shall be on voluntary basis for a period commencing on the day on which this notification shall come into force and ending on the 31st March, 2019 and thereafter shall be mandatory.]",
4,Acebutol Hydrochloride,SCHEDULE H,(See rules 65 and 97),G.S.R. 360(E),01-07-2024,,502-509,"Note: —1. Preparations exempted under proviso to para 2 of Note to Schedule X shall also be covered by this Schedule.
2. The salts, esters, derivatives and preparations containing the above substances excluding those intended for topical or external use (except ophthalmic and ear/nose preparations containing antibiotics and/or steroids) are also covered by this Schedule.
3. The inclusion of a substance in this Schedule does not imply or convey that the substance is exempted from the provisions of Rule 122A/122B.]
1122[4. The salts, esters, derivatives and preparations containing 1123[steroids or Hydroquinone] for topical or external use shall also be covered under this Schedule.
1124[5. Notwithstanding anything contained in these rules, the provisions of rule 65 and rule 97 in respect or drugs specified from serial number 538 to serial number 551 inserted vide Notification number G.S.R. 277(E), dated 23rd March, 2018 published in the Gazette of India, Extraordinary, Part II, Section
Central Drugs Standard Control Organization, Ministry of Health and Family Welfare, Govt. of India Page 510 of 963
(3), Sub-section (i) shall be on voluntary basis for a period commencing on the day on which this notification shall come into force and ending on the 31st March, 2019 and thereafter shall be mandatory.]",
5,Aclarubicin,SCHEDULE H,(See rules 65 and 97),G.S.R. 360(E),01-07-2024,,502-509,"Note: —1. Preparations exempted under proviso to para 2 of Note to Schedule X shall also be covered by this Schedule.
2. The salts, esters, derivatives and preparations containing the above substances excluding those intended for topical or external use (except ophthalmic and ear/nose preparations containing antibiotics and/or steroids) are also covered by this Schedule.
3. The inclusion of a substance in this Schedule does not imply or convey that the substance is exempted from the provisions of Rule 122A/122B.]
1122[4. The salts, esters, derivatives and preparations containing 1123[steroids or Hydroquinone] for topical or external use shall also be covered under this Schedule.
1124[5. Notwithstanding anything contained in these rules, the provisions of rule 65 and rule 97 in respect or drugs specified from serial number 538 to serial number 551 inserted vide Notification number G.S.R. 277(E), dated 23rd March, 2018 published in the Gazette of India, Extraordinary, Part II, Section
Central Drugs Standard Control Organization, Ministry of Health and Family Welfare, Govt. of India Page 510 of 963
(3), Sub-section (i) shall be on voluntary basis for a period commencing on the day on which this notification shall come into force and ending on the 31st March, 2019 and thereafter shall be mandatory.]",
6,Albendazole,SCHEDULE H,(See rules 65 and 97),G.S.R. 360(E),01-07-2024,,502-509,"Note: —1. Preparations exempted under proviso to para 2 of Note to Schedule X shall also be covered by this Schedule.
2. The salts, esters, derivatives and preparations containing the above substances excluding those intended for topical or external use (except ophthalmic and ear/nose preparations containing antibiotics and/or steroids) are also covered by this Schedule.
3. The inclusion of a substance in this Schedule does not imply or convey that the substance is exempted from the provisions of Rule 122A/122B.]
1122[4. The salts, esters, derivatives and preparations containing 1123[steroids or Hydroquinone] for topical or external use shall also be covered under this Schedule.
1124[5. Notwithstanding anything contained in these rules, the provisions of rule 65 and rule 97 in respect or drugs specified from serial number 538 to serial number 551 inserted vide Notification number G.S.R. 277(E), dated 23rd March, 2018 published in the Gazette of India, Extraordinary, Part II, Section
Central Drugs Standard Control Organization, Ministry of Health and Family Welfare, Govt. of India Page 510 of 963
(3), Sub-section (i) shall be on voluntary basis for a period commencing on the day on which this notification shall come into force and ending on the 31st March, 2019 and thereafter shall be mandatory.]",
7,Alclometasone Dipropionate,SCHEDULE H,(See rules 65 and 97),G.S.R. 360(E),01-07-2024,,502-509,"Note: —1. Preparations exempted under proviso to para 2 of Note to Schedule X shall also be covered by this Schedule.
2. The salts, esters, derivatives and preparations containing the above substances excluding those intended for topical or external use (except ophthalmic and ear/nose preparations containing antibiotics and/or steroids) are also covered by this Schedule.
3. The inclusion of a substance in this Schedule does not imply or convey that the substance is exempted from the provisions of Rule 122A/122B.]
1122[4. The salts, esters, derivatives and preparations containing 1123[steroids or Hydroquinone] for topical or external use shall also be covered under this Schedule.
1124[5. Notwithstanding anything contained in these rules, the provisions of rule 65 and rule 97 in respect or drugs specified from serial number 538 to serial number 551 inserted vide Notification number G.S.R. 277(E), dated 23rd March, 2018 published in the Gazette of India, Extraordinary, Part II, Section
Central Drugs Standard Control Organization, Ministry of Health and Family Welfare, Govt. of India Page 510 of 963
(3), Sub-section (i) shall be on voluntary basis for a period commencing on the day on which this notification shall come into force and ending on the 31st March, 2019 and thereafter shall be mandatory.]",
8,Actilyse,SCHEDULE H,(See rules 65 and 97),G.S.R. 360(E),01-07-2024,,502-509,"Note: —1. Preparations exempted under proviso to para 2 of Note to Schedule X shall also be covered by this Schedule.
2. The salts, esters, derivatives and preparations containing the above substances excluding those intended for topical or external use (except ophthalmic and ear/nose preparations containing antibiotics and/or steroids) are also covered by this Schedule.
3. The inclusion of a substance in this Schedule does not imply or convey that the substance is exempted from the provisions of Rule 122A/122B.]
1122[4. The salts, esters, derivatives and preparations containing 1123[steroids or Hydroquinone] for topical or external use shall also be covered under this Schedule.
1124[5. Notwithstanding anything contained in these rules, the provisions of rule 65 and rule 97 in respect or drugs specified from serial number 538 to serial number 551 inserted vide Notification number G.S.R. 277(E), dated 23rd March, 2018 published in the Gazette of India, Extraordinary, Part II, Section
Central Drugs Standard Control Organization, Ministry of Health and Family Welfare, Govt. of India Page 510 of 963
(3), Sub-section (i) shall be on voluntary basis for a period commencing on the day on which this notification shall come into force and ending on the 31st March, 2019 and thereafter shall be mandatory.]",
9,Acyclovir,SCHEDULE H,(See rules 65 and 97),G.S.R. 360(E),01-07-2024,,502-509,"Note: —1. Preparations exempted under proviso to para 2 of Note to Schedule X shall also be covered by this Schedule.
2. The salts, esters, derivatives and preparations containing the above substances excluding those intended for topical or external use (except ophthalmic and ear/nose preparations containing antibiotics and/or steroids) are also covered by this Schedule.
3. The inclusion of a substance in this Schedule does not imply or convey that the substance is exempted from the provisions of Rule 122A/122B.]
1122[4. The salts, esters, derivatives and preparations containing 1123[steroids or Hydroquinone] for topical or external use shall also be covered under this Schedule.
1124[5. Notwithstanding anything contained in these rules, the provisions of rule 65 and rule 97 in respect or drugs specified from serial number 538 to serial number 551 inserted vide Notification number G.S.R. 277(E), dated 23rd March, 2018 published in the Gazette of India, Extraordinary, Part II, Section
Central Drugs Standard Control Organization, Ministry of Health and Family Welfare, Govt. of India Page 510 of 963
(3), Sub-section (i) shall be on voluntary basis for a period commencing on the day on which this notification shall come into force and ending on the 31st March, 2019 and thereafter shall be mandatory.]",
10,Adenosine,SCHEDULE H,(See rules 65 and 97),G.S.R. 360(E),01-07-2024,,502-509,"Note: —1. Preparations exempted under proviso to para 2 of Note to Schedule X shall also be covered by this Schedule.
2. The salts, esters, derivatives and preparations containing the above substances excluding those intended for topical or external use (except ophthalmic and ear/nose preparations containing antibiotics and/or steroids) are also covered by this Schedule.
3. The inclusion of a substance in this Schedule does not imply or convey that the substance is exempted from the provisions of Rule 122A/122B.]
1122[4. The salts, esters, derivatives and preparations containing 1123[steroids or Hydroquinone] for topical or external use shall also be covered under this Schedule.
1124[5. Notwithstanding anything contained in these rules, the provisions of rule 65 and rule 97 in respect or drugs specified from serial number 538 to serial number 551 inserted vide Notification number G.S.R. 277(E), dated 23rd March, 2018 published in the Gazette of India, Extraordinary, Part II, Section
Central Drugs Standard Control Organization, Ministry of Health and Family Welfare, Govt. of India Page 510 of 963
(3), Sub-section (i) shall be on voluntary basis for a period commencing on the day on which this notification shall come into force and ending on the 31st March, 2019 and thereafter shall be mandatory.]",
11,Adrenocorticotrophic Hormone (Acth),SCHEDULE H,(See rules 65 and 97),G.S.R. 360(E),01-07-2024,,502-509,"Note: —1. Preparations exempted under proviso to para 2 of Note to Schedule X shall also be covered by this Schedule.
2. The salts, esters, derivatives and preparations containing the above substances excluding those intended for topical or external use (except ophthalmic and ear/nose preparations containing antibiotics and/or steroids) are also covered by this Schedule.
3. The inclusion of a substance in this Schedule does not imply or convey that the substance is exempted from the provisions of Rule 122A/122B.]
1122[4. The salts, esters, derivatives and preparations containing 1123[steroids or Hydroquinone] for topical or external use shall also be covered under this Schedule.
1124[5. Notwithstanding anything contained in these rules, the provisions of rule 65 and rule 97 in respect or drugs specified from serial number 538 to serial number 551 inserted vide Notification number G.S.R. 277(E), dated 23rd March, 2018 published in the Gazette of India, Extraordinary, Part II, Section
Central Drugs Standard Control Organization, Ministry of Health and Family Welfare, Govt. of India Page 510 of 963
(3), Sub-section (i) shall be on voluntary basis for a period commencing on the day on which this notification shall come into force and ending on the 31st March, 2019 and thereafter shall be mandatory.]",
12,Alendronate Sodium,SCHEDULE H,(See rules 65 and 97),G.S.R. 360(E),01-07-2024,,502-509,"Note: —1. Preparations exempted under proviso to para 2 of Note to Schedule X shall also be covered by this Schedule.
2. The salts, esters, derivatives and preparations containing the above substances excluding those intended for topical or external use (except ophthalmic and ear/nose preparations containing antibiotics and/or steroids) are also covered by this Schedule.
3. The inclusion of a substance in this Schedule does not imply or convey that the substance is exempted from the provisions of Rule 122A/122B.]
1122[4. The salts, esters, derivatives and preparations containing 1123[steroids or Hydroquinone] for topical or external use shall also be covered under this Schedule.
1124[5. Notwithstanding anything contained in these rules, the provisions of rule 65 and rule 97 in respect or drugs specified from serial number 538 to serial number 551 inserted vide Notification number G.S.R. 277(E), dated 23rd March, 2018 published in the Gazette of India, Extraordinary, Part II, Section
Central Drugs Standard Control Organization, Ministry of Health and Family Welfare, Govt. of India Page 510 of 963
(3), Sub-section (i) shall be on voluntary basis for a period commencing on the day on which this notification shall come into force and ending on the 31st March, 2019 and thereafter shall be mandatory.]",
13,Aliopurinol,SCHEDULE H,(See rules 65 and 97),G.S.R. 360(E),01-07-2024,,502-509,"Note: —1. Preparations exempted under proviso to para 2 of Note to Schedule X shall also be covered by this Schedule.
2. The salts, esters, derivatives and preparations containing the above substances excluding those intended for topical or external use (except ophthalmic and ear/nose preparations containing antibiotics and/or steroids) are also covered by this Schedule.
3. The inclusion of a substance in this Schedule does not imply or convey that the substance is exempted from the provisions of Rule 122A/122B.]
1122[4. The salts, esters, derivatives and preparations containing 1123[steroids or Hydroquinone] for topical or external use shall also be covered under this Schedule.
1124[5. Notwithstanding anything contained in these rules, the provisions of rule 65 and rule 97 in respect or drugs specified from serial number 538 to serial number 551 inserted vide Notification number G.S.R. 277(E), dated 23rd March, 2018 published in the Gazette of India, Extraordinary, Part II, Section
Central Drugs Standard Control Organization, Ministry of Health and Family Welfare, Govt. of India Page 510 of 963
(3), Sub-section (i) shall be on voluntary basis for a period commencing on the day on which this notification shall come into force and ending on the 31st March, 2019 and thereafter shall be mandatory.]",
14,Alphachymotrypsin,SCHEDULE H,(See rules 65 and 97),G.S.R. 360(E),01-07-2024,,502-509,"Note: —1. Preparations exempted under proviso to para 2 of Note to Schedule X shall also be covered by this Schedule.
2. The salts, esters, derivatives and preparations containing the above substances excluding those intended for topical or external use (except ophthalmic and ear/nose preparations containing antibiotics and/or steroids) are also covered by this Schedule.
3. The inclusion of a substance in this Schedule does not imply or convey that the substance is exempted from the provisions of Rule 122A/122B.]
1122[4. The salts, esters, derivatives and preparations containing 1123[steroids or Hydroquinone] for topical or external use shall also be covered under this Schedule.
1124[5. Notwithstanding anything contained in these rules, the provisions of rule 65 and rule 97 in respect or drugs specified from serial number 538 to serial number 551 inserted vide Notification number G.S.R. 277(E), dated 23rd March, 2018 published in the Gazette of India, Extraordinary, Part II, Section
Central Drugs Standard Control Organization, Ministry of Health and Family Welfare, Govt. of India Page 510 of 963
(3), Sub-section (i) shall be on voluntary basis for a period commencing on the day on which this notification shall come into force and ending on the 31st March, 2019 and thereafter shall be mandatory.]",
15,1109[***],SCHEDULE H,(See rules 65 and 97),G.S.R. 360(E),01-07-2024,,502-509,"Note: —1. Preparations exempted under proviso to para 2 of Note to Schedule X shall also be covered by this Schedule.
2. The salts, esters, derivatives and preparations containing the above substances excluding those intended for topical or external use (except ophthalmic and ear/nose preparations containing antibiotics and/or steroids) are also covered by this Schedule.
3. The inclusion of a substance in this Schedule does not imply or convey that the substance is exempted from the provisions of Rule 122A/122B.]
1122[4. The salts, esters, derivatives and preparations containing 1123[steroids or Hydroquinone] for topical or external use shall also be covered under this Schedule.
1124[5. Notwithstanding anything contained in these rules, the provisions of rule 65 and rule 97 in respect or drugs specified from serial number 538 to serial number 551 inserted vide Notification number G.S.R. 277(E), dated 23rd March, 2018 published in the Gazette of India, Extraordinary, Part II, Section
Central Drugs Standard Control Organization, Ministry of Health and Family Welfare, Govt. of India Page 510 of 963
(3), Sub-section (i) shall be on voluntary basis for a period commencing on the day on which this notification shall come into force and ending on the 31st March, 2019 and thereafter shall be mandatory.]","Entry No. 15 (relating to Alprazolam) omitted by G.S.R. 588(E) dated 30th August, 2013 (w.e.f. 27-2-2014)"
16,Alprostadil,SCHEDULE H,(See rules 65 and 97),G.S.R. 360(E),01-07-2024,,502-509,"Note: —1. Preparations exempted under proviso to para 2 of Note to Schedule X shall also be covered by this Schedule.
2. The salts, esters, derivatives and preparations containing the above substances excluding those intended for topical or external use (except ophthalmic and ear/nose preparations containing antibiotics and/or steroids) are also covered by this Schedule.
3. The inclusion of a substance in this Schedule does not imply or convey that the substance is exempted from the provisions of Rule 122A/122B.]
1122[4. The salts, esters, derivatives and preparations containing 1123[steroids or Hydroquinone] for topical or external use shall also be covered under this Schedule.
1124[5. Notwithstanding anything contained in these rules, the provisions of rule 65 and rule 97 in respect or drugs specified from serial number 538 to serial number 551 inserted vide Notification number G.S.R. 277(E), dated 23rd March, 2018 published in the Gazette of India, Extraordinary, Part II, Section
Central Drugs Standard Control Organization, Ministry of Health and Family Welfare, Govt. of India Page 510 of 963
(3), Sub-section (i) shall be on voluntary basis for a period commencing on the day on which this notification shall come into force and ending on the 31st March, 2019 and thereafter shall be mandatory.]",
17,Amantadine Hydrochloride,SCHEDULE H,(See rules 65 and 97),G.S.R. 360(E),01-07-2024,,502-509,"Note: —1. Preparations exempted under proviso to para 2 of Note to Schedule X shall also be covered by this Schedule.
2. The salts, esters, derivatives and preparations containing the above substances excluding those intended for topical or external use (except ophthalmic and ear/nose preparations containing antibiotics and/or steroids) are also covered by this Schedule.
3. The inclusion of a substance in this Schedule does not imply or convey that the substance is exempted from the provisions of Rule 122A/122B.]
1122[4. The salts, esters, derivatives and preparations containing 1123[steroids or Hydroquinone] for topical or external use shall also be covered under this Schedule.
1124[5. Notwithstanding anything contained in these rules, the provisions of rule 65 and rule 97 in respect or drugs specified from serial number 538 to serial number 551 inserted vide Notification number G.S.R. 277(E), dated 23rd March, 2018 published in the Gazette of India, Extraordinary, Part II, Section
Central Drugs Standard Control Organization, Ministry of Health and Family Welfare, Govt. of India Page 510 of 963
(3), Sub-section (i) shall be on voluntary basis for a period commencing on the day on which this notification shall come into force and ending on the 31st March, 2019 and thereafter shall be mandatory.]",
18,Amifostine,SCHEDULE H,(See rules 65 and 97),G.S.R. 360(E),01-07-2024,,502-509,"Note: —1. Preparations exempted under proviso to para 2 of Note to Schedule X shall also be covered by this Schedule.
2. The salts, esters, derivatives and preparations containing the above substances excluding those intended for topical or external use (except ophthalmic and ear/nose preparations containing antibiotics and/or steroids) are also covered by this Schedule.
3. The inclusion of a substance in this Schedule does not imply or convey that the substance is exempted from the provisions of Rule 122A/122B.]
1122[4. The salts, esters, derivatives and preparations containing 1123[steroids or Hydroquinone] for topical or external use shall also be covered under this Schedule.
1124[5. Notwithstanding anything contained in these rules, the provisions of rule 65 and rule 97 in respect or drugs specified from serial number 538 to serial number 551 inserted vide Notification number G.S.R. 277(E), dated 23rd March, 2018 published in the Gazette of India, Extraordinary, Part II, Section
Central Drugs Standard Control Organization, Ministry of Health and Family Welfare, Govt. of India Page 510 of 963
(3), Sub-section (i) shall be on voluntary basis for a period commencing on the day on which this notification shall come into force and ending on the 31st March, 2019 and thereafter shall be mandatory.]",
19,Amikacin Sulphate,SCHEDULE H,(See rules 65 and 97),G.S.R. 360(E),01-07-2024,,502-509,"Note: —1. Preparations exempted under proviso to para 2 of Note to Schedule X shall also be covered by this Schedule.
2. The salts, esters, derivatives and preparations containing the above substances excluding those intended for topical or external use (except ophthalmic and ear/nose preparations containing antibiotics and/or steroids) are also covered by this Schedule.
3. The inclusion of a substance in this Schedule does not imply or convey that the substance is exempted from the provisions of Rule 122A/122B.]
1122[4. The salts, esters, derivatives and preparations containing 1123[steroids or Hydroquinone] for topical or external use shall also be covered under this Schedule.
1124[5. Notwithstanding anything contained in these rules, the provisions of rule 65 and rule 97 in respect or drugs specified from serial number 538 to serial number 551 inserted vide Notification number G.S.R. 277(E), dated 23rd March, 2018 published in the Gazette of India, Extraordinary, Part II, Section
Central Drugs Standard Control Organization, Ministry of Health and Family Welfare, Govt. of India Page 510 of 963
(3), Sub-section (i) shall be on voluntary basis for a period commencing on the day on which this notification shall come into force and ending on the 31st March, 2019 and thereafter shall be mandatory.]",
20,Amiloride Hydrochloride,SCHEDULE H,(See rules 65 and 97),G.S.R. 360(E),01-07-2024,,502-509,"Note: —1. Preparations exempted under proviso to para 2 of Note to Schedule X shall also be covered by this Schedule.
2. The salts, esters, derivatives and preparations containing the above substances excluding those intended for topical or external use (except ophthalmic and ear/nose preparations containing antibiotics and/or steroids) are also covered by this Schedule.
3. The inclusion of a substance in this Schedule does not imply or convey that the substance is exempted from the provisions of Rule 122A/122B.]
1122[4. The salts, esters, derivatives and preparations containing 1123[steroids or Hydroquinone] for topical or external use shall also be covered under this Schedule.
1124[5. Notwithstanding anything contained in these rules, the provisions of rule 65 and rule 97 in respect or drugs specified from serial number 538 to serial number 551 inserted vide Notification number G.S.R. 277(E), dated 23rd March, 2018 published in the Gazette of India, Extraordinary, Part II, Section
Central Drugs Standard Control Organization, Ministry of Health and Family Welfare, Govt. of India Page 510 of 963
(3), Sub-section (i) shall be on voluntary basis for a period commencing on the day on which this notification shall come into force and ending on the 31st March, 2019 and thereafter shall be mandatory.]",
21,Aminepline,SCHEDULE H,(See rules 65 and 97),G.S.R. 360(E),01-07-2024,,502-509,"Note: —1. Preparations exempted under proviso to para 2 of Note to Schedule X shall also be covered by this Schedule.
2. The salts, esters, derivatives and preparations containing the above substances excluding those intended for topical or external use (except ophthalmic and ear/nose preparations containing antibiotics and/or steroids) are also covered by this Schedule.
3. The inclusion of a substance in this Schedule does not imply or convey that the substance is exempted from the provisions of Rule 122A/122B.]
1122[4. The salts, esters, derivatives and preparations containing 1123[steroids or Hydroquinone] for topical or external use shall also be covered under this Schedule.
1124[5. Notwithstanding anything contained in these rules, the provisions of rule 65 and rule 97 in respect or drugs specified from serial number 538 to serial number 551 inserted vide Notification number G.S.R. 277(E), dated 23rd March, 2018 published in the Gazette of India, Extraordinary, Part II, Section
Central Drugs Standard Control Organization, Ministry of Health and Family Welfare, Govt. of India Page 510 of 963
(3), Sub-section (i) shall be on voluntary basis for a period commencing on the day on which this notification shall come into force and ending on the 31st March, 2019 and thereafter shall be mandatory.]",
22,Aminoglu tethimide,SCHEDULE H,(See rules 65 and 97),G.S.R. 360(E),01-07-2024,,502-509,"Note: —1. Preparations exempted under proviso to para 2 of Note to Schedule X shall also be covered by this Schedule.
2. The salts, esters, derivatives and preparations containing the above substances excluding those intended for topical or external use (except ophthalmic and ear/nose preparations containing antibiotics and/or steroids) are also covered by this Schedule.
3. The inclusion of a substance in this Schedule does not imply or convey that the substance is exempted from the provisions of Rule 122A/122B.]
1122[4. The salts, esters, derivatives and preparations containing 1123[steroids or Hydroquinone] for topical or external use shall also be covered under this Schedule.
1124[5. Notwithstanding anything contained in these rules, the provisions of rule 65 and rule 97 in respect or drugs specified from serial number 538 to serial number 551 inserted vide Notification number G.S.R. 277(E), dated 23rd March, 2018 published in the Gazette of India, Extraordinary, Part II, Section
Central Drugs Standard Control Organization, Ministry of Health and Family Welfare, Govt. of India Page 510 of 963
(3), Sub-section (i) shall be on voluntary basis for a period commencing on the day on which this notification shall come into force and ending on the 31st March, 2019 and thereafter shall be mandatory.]",
23,Aminosalicylic Acid,SCHEDULE H,(See rules 65 and 97),G.S.R. 360(E),01-07-2024,,502-509,"Note: —1. Preparations exempted under proviso to para 2 of Note to Schedule X shall also be covered by this Schedule.
2. The salts, esters, derivatives and preparations containing the above substances excluding those intended for topical or external use (except ophthalmic and ear/nose preparations containing antibiotics and/or steroids) are also covered by this Schedule.
3. The inclusion of a substance in this Schedule does not imply or convey that the substance is exempted from the provisions of Rule 122A/122B.]
1122[4. The salts, esters, derivatives and preparations containing 1123[steroids or Hydroquinone] for topical or external use shall also be covered under this Schedule.
1124[5. Notwithstanding anything contained in these rules, the provisions of rule 65 and rule 97 in respect or drugs specified from serial number 538 to serial number 551 inserted vide Notification number G.S.R. 277(E), dated 23rd March, 2018 published in the Gazette of India, Extraordinary, Part II, Section
Central Drugs Standard Control Organization, Ministry of Health and Family Welfare, Govt. of India Page 510 of 963
(3), Sub-section (i) shall be on voluntary basis for a period commencing on the day on which this notification shall come into force and ending on the 31st March, 2019 and thereafter shall be mandatory.]",
24,Amiodarone Hydrochloride,SCHEDULE H,(See rules 65 and 97),G.S.R. 360(E),01-07-2024,,502-509,"Note: —1. Preparations exempted under proviso to para 2 of Note to Schedule X shall also be covered by this Schedule.
2. The salts, esters, derivatives and preparations containing the above substances excluding those intended for topical or external use (except ophthalmic and ear/nose preparations containing antibiotics and/or steroids) are also covered by this Schedule.
3. The inclusion of a substance in this Schedule does not imply or convey that the substance is exempted from the provisions of Rule 122A/122B.]
1122[4. The salts, esters, derivatives and preparations containing 1123[steroids or Hydroquinone] for topical or external use shall also be covered under this Schedule.
1124[5. Notwithstanding anything contained in these rules, the provisions of rule 65 and rule 97 in respect or drugs specified from serial number 538 to serial number 551 inserted vide Notification number G.S.R. 277(E), dated 23rd March, 2018 published in the Gazette of India, Extraordinary, Part II, Section
Central Drugs Standard Control Organization, Ministry of Health and Family Welfare, Govt. of India Page 510 of 963
(3), Sub-section (i) shall be on voluntary basis for a period commencing on the day on which this notification shall come into force and ending on the 31st March, 2019 and thereafter shall be mandatory.]",
25,Amitriptyline,SCHEDULE H,(See rules 65 and 97),G.S.R. 360(E),01-07-2024,,502-509,"Note: —1. Preparations exempted under proviso to para 2 of Note to Schedule X shall also be covered by this Schedule.
2. The salts, esters, derivatives and preparations containing the above substances excluding those intended for topical or external use (except ophthalmic and ear/nose preparations containing antibiotics and/or steroids) are also covered by this Schedule.
3. The inclusion of a substance in this Schedule does not imply or convey that the substance is exempted from the provisions of Rule 122A/122B.]
1122[4. The salts, esters, derivatives and preparations containing 1123[steroids or Hydroquinone] for topical or external use shall also be covered under this Schedule.
1124[5. Notwithstanding anything contained in these rules, the provisions of rule 65 and rule 97 in respect or drugs specified from serial number 538 to serial number 551 inserted vide Notification number G.S.R. 277(E), dated 23rd March, 2018 published in the Gazette of India, Extraordinary, Part II, Section
Central Drugs Standard Control Organization, Ministry of Health and Family Welfare, Govt. of India Page 510 of 963
(3), Sub-section (i) shall be on voluntary basis for a period commencing on the day on which this notification shall come into force and ending on the 31st March, 2019 and thereafter shall be mandatory.]",
26,Amlodipine Besylate,SCHEDULE H,(See rules 65 and 97),G.S.R. 360(E),01-07-2024,,502-509,"Note: —1. Preparations exempted under proviso to para 2 of Note to Schedule X shall also be covered by this Schedule.
2. The salts, esters, derivatives and preparations containing the above substances excluding those intended for topical or external use (except ophthalmic and ear/nose preparations containing antibiotics and/or steroids) are also covered by this Schedule.
3. The inclusion of a substance in this Schedule does not imply or convey that the substance is exempted from the provisions of Rule 122A/122B.]
1122[4. The salts, esters, derivatives and preparations containing 1123[steroids or Hydroquinone] for topical or external use shall also be covered under this Schedule.
1124[5. Notwithstanding anything contained in these rules, the provisions of rule 65 and rule 97 in respect or drugs specified from serial number 538 to serial number 551 inserted vide Notification number G.S.R. 277(E), dated 23rd March, 2018 published in the Gazette of India, Extraordinary, Part II, Section
Central Drugs Standard Control Organization, Ministry of Health and Family Welfare, Govt. of India Page 510 of 963
(3), Sub-section (i) shall be on voluntary basis for a period commencing on the day on which this notification shall come into force and ending on the 31st March, 2019 and thereafter shall be mandatory.]",
27,Amoscanate,SCHEDULE H,(See rules 65 and 97),G.S.R. 360(E),01-07-2024,,502-509,"Note: —1. Preparations exempted under proviso to para 2 of Note to Schedule X shall also be covered by this Schedule.
2. The salts, esters, derivatives and preparations containing the above substances excluding those intended for topical or external use (except ophthalmic and ear/nose preparations containing antibiotics and/or steroids) are also covered by this Schedule.
3. The inclusion of a substance in this Schedule does not imply or convey that the substance is exempted from the provisions of Rule 122A/122B.]
1122[4. The salts, esters, derivatives and preparations containing 1123[steroids or Hydroquinone] for topical or external use shall also be covered under this Schedule.
1124[5. Notwithstanding anything contained in these rules, the provisions of rule 65 and rule 97 in respect or drugs specified from serial number 538 to serial number 551 inserted vide Notification number G.S.R. 277(E), dated 23rd March, 2018 published in the Gazette of India, Extraordinary, Part II, Section
Central Drugs Standard Control Organization, Ministry of Health and Family Welfare, Govt. of India Page 510 of 963
(3), Sub-section (i) shall be on voluntary basis for a period commencing on the day on which this notification shall come into force and ending on the 31st March, 2019 and thereafter shall be mandatory.]",
28,Amoxopine,SCHEDULE H,(See rules 65 and 97),G.S.R. 360(E),01-07-2024,,502-509,"Note: —1. Preparations exempted under proviso to para 2 of Note to Schedule X shall also be covered by this Schedule.
2. The salts, esters, derivatives and preparations containing the above substances excluding those intended for topical or external use (except ophthalmic and ear/nose preparations containing antibiotics and/or steroids) are also covered by this Schedule.
3. The inclusion of a substance in this Schedule does not imply or convey that the substance is exempted from the provisions of Rule 122A/122B.]
1122[4. The salts, esters, derivatives and preparations containing 1123[steroids or Hydroquinone] for topical or external use shall also be covered under this Schedule.
1124[5. Notwithstanding anything contained in these rules, the provisions of rule 65 and rule 97 in respect or drugs specified from serial number 538 to serial number 551 inserted vide Notification number G.S.R. 277(E), dated 23rd March, 2018 published in the Gazette of India, Extraordinary, Part II, Section
Central Drugs Standard Control Organization, Ministry of Health and Family Welfare, Govt. of India Page 510 of 963
(3), Sub-section (i) shall be on voluntary basis for a period commencing on the day on which this notification shall come into force and ending on the 31st March, 2019 and thereafter shall be mandatory.]",
29,Amrinone Lactate,SCHEDULE H,(See rules 65 and 97),G.S.R. 360(E),01-07-2024,,502-509,"Note: —1. Preparations exempted under proviso to para 2 of Note to Schedule X shall also be covered by this Schedule.
2. The salts, esters, derivatives and preparations containing the above substances excluding those intended for topical or external use (except ophthalmic and ear/nose preparations containing antibiotics and/or steroids) are also covered by this Schedule.
3. The inclusion of a substance in this Schedule does not imply or convey that the substance is exempted from the provisions of Rule 122A/122B.]
1122[4. The salts, esters, derivatives and preparations containing 1123[steroids or Hydroquinone] for topical or external use shall also be covered under this Schedule.
1124[5. Notwithstanding anything contained in these rules, the provisions of rule 65 and rule 97 in respect or drugs specified from serial number 538 to serial number 551 inserted vide Notification number G.S.R. 277(E), dated 23rd March, 2018 published in the Gazette of India, Extraordinary, Part II, Section
Central Drugs Standard Control Organization, Ministry of Health and Family Welfare, Govt. of India Page 510 of 963
(3), Sub-section (i) shall be on voluntary basis for a period commencing on the day on which this notification shall come into force and ending on the 31st March, 2019 and thereafter shall be mandatory.]",
30,Analgin,SCHEDULE H,(See rules 65 and 97),G.S.R. 360(E),01-07-2024,,502-509,"Note: —1. Preparations exempted under proviso to para 2 of Note to Schedule X shall also be covered by this Schedule.
2. The salts, esters, derivatives and preparations containing the above substances excluding those intended for topical or external use (except ophthalmic and ear/nose preparations containing antibiotics and/or steroids) are also covered by this Schedule.
3. The inclusion of a substance in this Schedule does not imply or convey that the substance is exempted from the provisions of Rule 122A/122B.]
1122[4. The salts, esters, derivatives and preparations containing 1123[steroids or Hydroquinone] for topical or external use shall also be covered under this Schedule.
1124[5. Notwithstanding anything contained in these rules, the provisions of rule 65 and rule 97 in respect or drugs specified from serial number 538 to serial number 551 inserted vide Notification number G.S.R. 277(E), dated 23rd March, 2018 published in the Gazette of India, Extraordinary, Part II, Section
Central Drugs Standard Control Organization, Ministry of Health and Family Welfare, Govt. of India Page 510 of 963
(3), Sub-section (i) shall be on voluntary basis for a period commencing on the day on which this notification shall come into force and ending on the 31st March, 2019 and thereafter shall be mandatory.]",
31,"Androgenic Anabolic, Oestrogenic & Progestational Substances",SCHEDULE H,(See rules 65 and 97),G.S.R. 360(E),01-07-2024,,502-509,"Note: —1. Preparations exempted under proviso to para 2 of Note to Schedule X shall also be covered by this Schedule.
2. The salts, esters, derivatives and preparations containing the above substances excluding those intended for topical or external use (except ophthalmic and ear/nose preparations containing antibiotics and/or steroids) are also covered by this Schedule.
3. The inclusion of a substance in this Schedule does not imply or convey that the substance is exempted from the provisions of Rule 122A/122B.]
1122[4. The salts, esters, derivatives and preparations containing 1123[steroids or Hydroquinone] for topical or external use shall also be covered under this Schedule.
1124[5. Notwithstanding anything contained in these rules, the provisions of rule 65 and rule 97 in respect or drugs specified from serial number 538 to serial number 551 inserted vide Notification number G.S.R. 277(E), dated 23rd March, 2018 published in the Gazette of India, Extraordinary, Part II, Section
Central Drugs Standard Control Organization, Ministry of Health and Family Welfare, Govt. of India Page 510 of 963
(3), Sub-section (i) shall be on voluntary basis for a period commencing on the day on which this notification shall come into force and ending on the 31st March, 2019 and thereafter shall be mandatory.]",
32,Antibiotics,SCHEDULE H,(See rules 65 and 97),G.S.R. 360(E),01-07-2024,,502-509,"Note: —1. Preparations exempted under proviso to para 2 of Note to Schedule X shall also be covered by this Schedule.
2. The salts, esters, derivatives and preparations containing the above substances excluding those intended for topical or external use (except ophthalmic and ear/nose preparations containing antibiotics and/or steroids) are also covered by this Schedule.
3. The inclusion of a substance in this Schedule does not imply or convey that the substance is exempted from the provisions of Rule 122A/122B.]
1122[4. The salts, esters, derivatives and preparations containing 1123[steroids or Hydroquinone] for topical or external use shall also be covered under this Schedule.
1124[5. Notwithstanding anything contained in these rules, the provisions of rule 65 and rule 97 in respect or drugs specified from serial number 538 to serial number 551 inserted vide Notification number G.S.R. 277(E), dated 23rd March, 2018 published in the Gazette of India, Extraordinary, Part II, Section
Central Drugs Standard Control Organization, Ministry of Health and Family Welfare, Govt. of India Page 510 of 963
(3), Sub-section (i) shall be on voluntary basis for a period commencing on the day on which this notification shall come into force and ending on the 31st March, 2019 and thereafter shall be mandatory.]",
33,Apraclonidine,SCHEDULE H,(See rules 65 and 97),G.S.R. 360(E),01-07-2024,,502-509,"Note: —1. Preparations exempted under proviso to para 2 of Note to Schedule X shall also be covered by this Schedule.
2. The salts, esters, derivatives and preparations containing the above substances excluding those intended for topical or external use (except ophthalmic and ear/nose preparations containing antibiotics and/or steroids) are also covered by this Schedule.
3. The inclusion of a substance in this Schedule does not imply or convey that the substance is exempted from the provisions of Rule 122A/122B.]
1122[4. The salts, esters, derivatives and preparations containing 1123[steroids or Hydroquinone] for topical or external use shall also be covered under this Schedule.
1124[5. Notwithstanding anything contained in these rules, the provisions of rule 65 and rule 97 in respect or drugs specified from serial number 538 to serial number 551 inserted vide Notification number G.S.R. 277(E), dated 23rd March, 2018 published in the Gazette of India, Extraordinary, Part II, Section
Central Drugs Standard Control Organization, Ministry of Health and Family Welfare, Govt. of India Page 510 of 963
(3), Sub-section (i) shall be on voluntary basis for a period commencing on the day on which this notification shall come into force and ending on the 31st March, 2019 and thereafter shall be mandatory.]",
34,Aprotinin,SCHEDULE H,(See rules 65 and 97),G.S.R. 360(E),01-07-2024,,502-509,"Note: —1. Preparations exempted under proviso to para 2 of Note to Schedule X shall also be covered by this Schedule.
2. The salts, esters, derivatives and preparations containing the above substances excluding those intended for topical or external use (except ophthalmic and ear/nose preparations containing antibiotics and/or steroids) are also covered by this Schedule.
3. The inclusion of a substance in this Schedule does not imply or convey that the substance is exempted from the provisions of Rule 122A/122B.]
1122[4. The salts, esters, derivatives and preparations containing 1123[steroids or Hydroquinone] for topical or external use shall also be covered under this Schedule.
1124[5. Notwithstanding anything contained in these rules, the provisions of rule 65 and rule 97 in respect or drugs specified from serial number 538 to serial number 551 inserted vide Notification number G.S.R. 277(E), dated 23rd March, 2018 published in the Gazette of India, Extraordinary, Part II, Section
Central Drugs Standard Control Organization, Ministry of Health and Family Welfare, Govt. of India Page 510 of 963
(3), Sub-section (i) shall be on voluntary basis for a period commencing on the day on which this notification shall come into force and ending on the 31st March, 2019 and thereafter shall be mandatory.]",
35,Organic Compound of Arsenic,SCHEDULE H,(See rules 65 and 97),G.S.R. 360(E),01-07-2024,,502-509,"Note: —1. Preparations exempted under proviso to para 2 of Note to Schedule X shall also be covered by this Schedule.
2. The salts, esters, derivatives and preparations containing the above substances excluding those intended for topical or external use (except ophthalmic and ear/nose preparations containing antibiotics and/or steroids) are also covered by this Schedule.
3. The inclusion of a substance in this Schedule does not imply or convey that the substance is exempted from the provisions of Rule 122A/122B.]
1122[4. The salts, esters, derivatives and preparations containing 1123[steroids or Hydroquinone] for topical or external use shall also be covered under this Schedule.
1124[5. Notwithstanding anything contained in these rules, the provisions of rule 65 and rule 97 in respect or drugs specified from serial number 538 to serial number 551 inserted vide Notification number G.S.R. 277(E), dated 23rd March, 2018 published in the Gazette of India, Extraordinary, Part II, Section
Central Drugs Standard Control Organization, Ministry of Health and Family Welfare, Govt. of India Page 510 of 963
(3), Sub-section (i) shall be on voluntary basis for a period commencing on the day on which this notification shall come into force and ending on the 31st March, 2019 and thereafter shall be mandatory.]",
36,Arteether,SCHEDULE H,(See rules 65 and 97),G.S.R. 360(E),01-07-2024,,502-509,"Note: —1. Preparations exempted under proviso to para 2 of Note to Schedule X shall also be covered by this Schedule.
2. The salts, esters, derivatives and preparations containing the above substances excluding those intended for topical or external use (except ophthalmic and ear/nose preparations containing antibiotics and/or steroids) are also covered by this Schedule.
3. The inclusion of a substance in this Schedule does not imply or convey that the substance is exempted from the provisions of Rule 122A/122B.]
1122[4. The salts, esters, derivatives and preparations containing 1123[steroids or Hydroquinone] for topical or external use shall also be covered under this Schedule.
1124[5. Notwithstanding anything contained in these rules, the provisions of rule 65 and rule 97 in respect or drugs specified from serial number 538 to serial number 551 inserted vide Notification number G.S.R. 277(E), dated 23rd March, 2018 published in the Gazette of India, Extraordinary, Part II, Section
Central Drugs Standard Control Organization, Ministry of Health and Family Welfare, Govt. of India Page 510 of 963
(3), Sub-section (i) shall be on voluntary basis for a period commencing on the day on which this notification shall come into force and ending on the 31st March, 2019 and thereafter shall be mandatory.]",
37,Artemether,SCHEDULE H,(See rules 65 and 97),G.S.R. 360(E),01-07-2024,,502-509,"Note: —1. Preparations exempted under proviso to para 2 of Note to Schedule X shall also be covered by this Schedule.
2. The salts, esters, derivatives and preparations containing the above substances excluding those intended for topical or external use (except ophthalmic and ear/nose preparations containing antibiotics and/or steroids) are also covered by this Schedule.
3. The inclusion of a substance in this Schedule does not imply or convey that the substance is exempted from the provisions of Rule 122A/122B.]
1122[4. The salts, esters, derivatives and preparations containing 1123[steroids or Hydroquinone] for topical or external use shall also be covered under this Schedule.
1124[5. Notwithstanding anything contained in these rules, the provisions of rule 65 and rule 97 in respect or drugs specified from serial number 538 to serial number 551 inserted vide Notification number G.S.R. 277(E), dated 23rd March, 2018 published in the Gazette of India, Extraordinary, Part II, Section
Central Drugs Standard Control Organization, Ministry of Health and Family Welfare, Govt. of India Page 510 of 963
(3), Sub-section (i) shall be on voluntary basis for a period commencing on the day on which this notification shall come into force and ending on the 31st March, 2019 and thereafter shall be mandatory.]",
38,Artesunate,SCHEDULE H,(See rules 65 and 97),G.S.R. 360(E),01-07-2024,,502-509,"Note: —1. Preparations exempted under proviso to para 2 of Note to Schedule X shall also be covered by this Schedule.
2. The salts, esters, derivatives and preparations containing the above substances excluding those intended for topical or external use (except ophthalmic and ear/nose preparations containing antibiotics and/or steroids) are also covered by this Schedule.
3. The inclusion of a substance in this Schedule does not imply or convey that the substance is exempted from the provisions of Rule 122A/122B.]
1122[4. The salts, esters, derivatives and preparations containing 1123[steroids or Hydroquinone] for topical or external use shall also be covered under this Schedule.
1124[5. Notwithstanding anything contained in these rules, the provisions of rule 65 and rule 97 in respect or drugs specified from serial number 538 to serial number 551 inserted vide Notification number G.S.R. 277(E), dated 23rd March, 2018 published in the Gazette of India, Extraordinary, Part II, Section
Central Drugs Standard Control Organization, Ministry of Health and Family Welfare, Govt. of India Page 510 of 963
(3), Sub-section (i) shall be on voluntary basis for a period commencing on the day on which this notification shall come into force and ending on the 31st March, 2019 and thereafter shall be mandatory.]",
39,Articaine Hydrochloride,SCHEDULE H,(See rules 65 and 97),G.S.R. 360(E),01-07-2024,,502-509,"Note: —1. Preparations exempted under proviso to para 2 of Note to Schedule X shall also be covered by this Schedule.
2. The salts, esters, derivatives and preparations containing the above substances excluding those intended for topical or external use (except ophthalmic and ear/nose preparations containing antibiotics and/or steroids) are also covered by this Schedule.
3. The inclusion of a substance in this Schedule does not imply or convey that the substance is exempted from the provisions of Rule 122A/122B.]
1122[4. The salts, esters, derivatives and preparations containing 1123[steroids or Hydroquinone] for topical or external use shall also be covered under this Schedule.
1124[5. Notwithstanding anything contained in these rules, the provisions of rule 65 and rule 97 in respect or drugs specified from serial number 538 to serial number 551 inserted vide Notification number G.S.R. 277(E), dated 23rd March, 2018 published in the Gazette of India, Extraordinary, Part II, Section
Central Drugs Standard Control Organization, Ministry of Health and Family Welfare, Govt. of India Page 510 of 963
(3), Sub-section (i) shall be on voluntary basis for a period commencing on the day on which this notification shall come into force and ending on the 31st March, 2019 and thereafter shall be mandatory.]",
40,Atenolol,SCHEDULE H,(See rules 65 and 97),G.S.R. 360(E),01-07-2024,,502-509,"Note: —1. Preparations exempted under proviso to para 2 of Note to Schedule X shall also be covered by this Schedule.
2. The salts, esters, derivatives and preparations containing the above substances excluding those intended for topical or external use (except ophthalmic and ear/nose preparations containing antibiotics and/or steroids) are also covered by this Schedule.
3. The inclusion of a substance in this Schedule does not imply or convey that the substance is exempted from the provisions of Rule 122A/122B.]
1122[4. The salts, esters, derivatives and preparations containing 1123[steroids or Hydroquinone] for topical or external use shall also be covered under this Schedule.
1124[5. Notwithstanding anything contained in these rules, the provisions of rule 65 and rule 97 in respect or drugs specified from serial number 538 to serial number 551 inserted vide Notification number G.S.R. 277(E), dated 23rd March, 2018 published in the Gazette of India, Extraordinary, Part II, Section
Central Drugs Standard Control Organization, Ministry of Health and Family Welfare, Govt. of India Page 510 of 963
(3), Sub-section (i) shall be on voluntary basis for a period commencing on the day on which this notification shall come into force and ending on the 31st March, 2019 and thereafter shall be mandatory.]",
41,Atracurium Besylate Injection,SCHEDULE H,(See rules 65 and 97),G.S.R. 360(E),01-07-2024,,502-509,"Note: —1. Preparations exempted under proviso to para 2 of Note to Schedule X shall also be covered by this Schedule.
2. The salts, esters, derivatives and preparations containing the above substances excluding those intended for topical or external use (except ophthalmic and ear/nose preparations containing antibiotics and/or steroids) are also covered by this Schedule.
3. The inclusion of a substance in this Schedule does not imply or convey that the substance is exempted from the provisions of Rule 122A/122B.]
1122[4. The salts, esters, derivatives and preparations containing 1123[steroids or Hydroquinone] for topical or external use shall also be covered under this Schedule.
1124[5. Notwithstanding anything contained in these rules, the provisions of rule 65 and rule 97 in respect or drugs specified from serial number 538 to serial number 551 inserted vide Notification number G.S.R. 277(E), dated 23rd March, 2018 published in the Gazette of India, Extraordinary, Part II, Section
Central Drugs Standard Control Organization, Ministry of Health and Family Welfare, Govt. of India Page 510 of 963
(3), Sub-section (i) shall be on voluntary basis for a period commencing on the day on which this notification shall come into force and ending on the 31st March, 2019 and thereafter shall be mandatory.]",
42,Atorvastatin,SCHEDULE H,(See rules 65 and 97),G.S.R. 360(E),01-07-2024,,502-509,"Note: —1. Preparations exempted under proviso to para 2 of Note to Schedule X shall also be covered by this Schedule.
2. The salts, esters, derivatives and preparations containing the above substances excluding those intended for topical or external use (except ophthalmic and ear/nose preparations containing antibiotics and/or steroids) are also covered by this Schedule.
3. The inclusion of a substance in this Schedule does not imply or convey that the substance is exempted from the provisions of Rule 122A/122B.]
1122[4. The salts, esters, derivatives and preparations containing 1123[steroids or Hydroquinone] for topical or external use shall also be covered under this Schedule.
1124[5. Notwithstanding anything contained in these rules, the provisions of rule 65 and rule 97 in respect or drugs specified from serial number 538 to serial number 551 inserted vide Notification number G.S.R. 277(E), dated 23rd March, 2018 published in the Gazette of India, Extraordinary, Part II, Section
Central Drugs Standard Control Organization, Ministry of Health and Family Welfare, Govt. of India Page 510 of 963
(3), Sub-section (i) shall be on voluntary basis for a period commencing on the day on which this notification shall come into force and ending on the 31st March, 2019 and thereafter shall be mandatory.]",
43,Auranofin,SCHEDULE H,(See rules 65 and 97),G.S.R. 360(E),01-07-2024,,502-509,"Note: —1. Preparations exempted under proviso to para 2 of Note to Schedule X shall also be covered by this Schedule.
2. The salts, esters, derivatives and preparations containing the above substances excluding those intended for topical or external use (except ophthalmic and ear/nose preparations containing antibiotics and/or steroids) are also covered by this Schedule.
3. The inclusion of a substance in this Schedule does not imply or convey that the substance is exempted from the provisions of Rule 122A/122B.]
1122[4. The salts, esters, derivatives and preparations containing 1123[steroids or Hydroquinone] for topical or external use shall also be covered under this Schedule.
1124[5. Notwithstanding anything contained in these rules, the provisions of rule 65 and rule 97 in respect or drugs specified from serial number 538 to serial number 551 inserted vide Notification number G.S.R. 277(E), dated 23rd March, 2018 published in the Gazette of India, Extraordinary, Part II, Section
Central Drugs Standard Control Organization, Ministry of Health and Family Welfare, Govt. of India Page 510 of 963
(3), Sub-section (i) shall be on voluntary basis for a period commencing on the day on which this notification shall come into force and ending on the 31st March, 2019 and thereafter shall be mandatory.]",
44,Azathioprine,SCHEDULE H,(See rules 65 and 97),G.S.R. 360(E),01-07-2024,,502-509,"Note: —1. Preparations exempted under proviso to para 2 of Note to Schedule X shall also be covered by this Schedule.
2. The salts, esters, derivatives and preparations containing the above substances excluding those intended for topical or external use (except ophthalmic and ear/nose preparations containing antibiotics and/or steroids) are also covered by this Schedule.
3. The inclusion of a substance in this Schedule does not imply or convey that the substance is exempted from the provisions of Rule 122A/122B.]
1122[4. The salts, esters, derivatives and preparations containing 1123[steroids or Hydroquinone] for topical or external use shall also be covered under this Schedule.
1124[5. Notwithstanding anything contained in these rules, the provisions of rule 65 and rule 97 in respect or drugs specified from serial number 538 to serial number 551 inserted vide Notification number G.S.R. 277(E), dated 23rd March, 2018 published in the Gazette of India, Extraordinary, Part II, Section
Central Drugs Standard Control Organization, Ministry of Health and Family Welfare, Govt. of India Page 510 of 963
(3), Sub-section (i) shall be on voluntary basis for a period commencing on the day on which this notification shall come into force and ending on the 31st March, 2019 and thereafter shall be mandatory.]",
45,Aztreonam,SCHEDULE H,(See rules 65 and 97),G.S.R. 360(E),01-07-2024,,502-509,"Note: —1. Preparations exempted under proviso to para 2 of Note to Schedule X shall also be covered by this Schedule.
2. The salts, esters, derivatives and preparations containing the above substances excluding those intended for topical or external use (except ophthalmic and ear/nose preparations containing antibiotics and/or steroids) are also covered by this Schedule.
3. The inclusion of a substance in this Schedule does not imply or convey that the substance is exempted from the provisions of Rule 122A/122B.]
1122[4. The salts, esters, derivatives and preparations containing 1123[steroids or Hydroquinone] for topical or external use shall also be covered under this Schedule.
1124[5. Notwithstanding anything contained in these rules, the provisions of rule 65 and rule 97 in respect or drugs specified from serial number 538 to serial number 551 inserted vide Notification number G.S.R. 277(E), dated 23rd March, 2018 published in the Gazette of India, Extraordinary, Part II, Section
Central Drugs Standard Control Organization, Ministry of Health and Family Welfare, Govt. of India Page 510 of 963
(3), Sub-section (i) shall be on voluntary basis for a period commencing on the day on which this notification shall come into force and ending on the 31st March, 2019 and thereafter shall be mandatory.]",
46,Bacampicillin,SCHEDULE H,(See rules 65 and 97),G.S.R. 360(E),01-07-2024,,502-509,"Note: —1. Preparations exempted under proviso to para 2 of Note to Schedule X shall also be covered by this Schedule.
2. The salts, esters, derivatives and preparations containing the above substances excluding those intended for topical or external use (except ophthalmic and ear/nose preparations containing antibiotics and/or steroids) are also covered by this Schedule.
3. The inclusion of a substance in this Schedule does not imply or convey that the substance is exempted from the provisions of Rule 122A/122B.]
1122[4. The salts, esters, derivatives and preparations containing 1123[steroids or Hydroquinone] for topical or external use shall also be covered under this Schedule.
1124[5. Notwithstanding anything contained in these rules, the provisions of rule 65 and rule 97 in respect or drugs specified from serial number 538 to serial number 551 inserted vide Notification number G.S.R. 277(E), dated 23rd March, 2018 published in the Gazette of India, Extraordinary, Part II, Section
Central Drugs Standard Control Organization, Ministry of Health and Family Welfare, Govt. of India Page 510 of 963
(3), Sub-section (i) shall be on voluntary basis for a period commencing on the day on which this notification shall come into force and ending on the 31st March, 2019 and thereafter shall be mandatory.]",
47,Baclofen,SCHEDULE H,(See rules 65 and 97),G.S.R. 360(E),01-07-2024,,502-509,"Note: —1. Preparations exempted under proviso to para 2 of Note to Schedule X shall also be covered by this Schedule.
2. The salts, esters, derivatives and preparations containing the above substances excluding those intended for topical or external use (except ophthalmic and ear/nose preparations containing antibiotics and/or steroids) are also covered by this Schedule.
3. The inclusion of a substance in this Schedule does not imply or convey that the substance is exempted from the provisions of Rule 122A/122B.]
1122[4. The salts, esters, derivatives and preparations containing 1123[steroids or Hydroquinone] for topical or external use shall also be covered under this Schedule.
1124[5. Notwithstanding anything contained in these rules, the provisions of rule 65 and rule 97 in respect or drugs specified from serial number 538 to serial number 551 inserted vide Notification number G.S.R. 277(E), dated 23rd March, 2018 published in the Gazette of India, Extraordinary, Part II, Section
Central Drugs Standard Control Organization, Ministry of Health and Family Welfare, Govt. of India Page 510 of 963
(3), Sub-section (i) shall be on voluntary basis for a period commencing on the day on which this notification shall come into force and ending on the 31st March, 2019 and thereafter shall be mandatory.]",
48,Balsalazide,SCHEDULE H,(See rules 65 and 97),G.S.R. 360(E),01-07-2024,,502-509,"Note: —1. Preparations exempted under proviso to para 2 of Note to Schedule X shall also be covered by this Schedule.
2. The salts, esters, derivatives and preparations containing the above substances excluding those intended for topical or external use (except ophthalmic and ear/nose preparations containing antibiotics and/or steroids) are also covered by this Schedule.
3. The inclusion of a substance in this Schedule does not imply or convey that the substance is exempted from the provisions of Rule 122A/122B.]
1122[4. The salts, esters, derivatives and preparations containing 1123[steroids or Hydroquinone] for topical or external use shall also be covered under this Schedule.
1124[5. Notwithstanding anything contained in these rules, the provisions of rule 65 and rule 97 in respect or drugs specified from serial number 538 to serial number 551 inserted vide Notification number G.S.R. 277(E), dated 23rd March, 2018 published in the Gazette of India, Extraordinary, Part II, Section
Central Drugs Standard Control Organization, Ministry of Health and Family Welfare, Govt. of India Page 510 of 963
(3), Sub-section (i) shall be on voluntary basis for a period commencing on the day on which this notification shall come into force and ending on the 31st March, 2019 and thereafter shall be mandatory.]",
49,Bambuterol,SCHEDULE H,(See rules 65 and 97),G.S.R. 360(E),01-07-2024,,502-509,"Note: —1. Preparations exempted under proviso to para 2 of Note to Schedule X shall also be covered by this Schedule.
2. The salts, esters, derivatives and preparations containing the above substances excluding those intended for topical or external use (except ophthalmic and ear/nose preparations containing antibiotics and/or steroids) are also covered by this Schedule.
3. The inclusion of a substance in this Schedule does not imply or convey that the substance is exempted from the provisions of Rule 122A/122B.]
1122[4. The salts, esters, derivatives and preparations containing 1123[steroids or Hydroquinone] for topical or external use shall also be covered under this Schedule.
1124[5. Notwithstanding anything contained in these rules, the provisions of rule 65 and rule 97 in respect or drugs specified from serial number 538 to serial number 551 inserted vide Notification number G.S.R. 277(E), dated 23rd March, 2018 published in the Gazette of India, Extraordinary, Part II, Section
Central Drugs Standard Control Organization, Ministry of Health and Family Welfare, Govt. of India Page 510 of 963
(3), Sub-section (i) shall be on voluntary basis for a period commencing on the day on which this notification shall come into force and ending on the 31st March, 2019 and thereafter shall be mandatory.]",
50,Barbituric Acid,SCHEDULE H,(See rules 65 and 97),G.S.R. 360(E),01-07-2024,,502-509,"Note: —1. Preparations exempted under proviso to para 2 of Note to Schedule X shall also be covered by this Schedule.
2. The salts, esters, derivatives and preparations containing the above substances excluding those intended for topical or external use (except ophthalmic and ear/nose preparations containing antibiotics and/or steroids) are also covered by this Schedule.
3. The inclusion of a substance in this Schedule does not imply or convey that the substance is exempted from the provisions of Rule 122A/122B.]
1122[4. The salts, esters, derivatives and preparations containing 1123[steroids or Hydroquinone] for topical or external use shall also be covered under this Schedule.
1124[5. Notwithstanding anything contained in these rules, the provisions of rule 65 and rule 97 in respect or drugs specified from serial number 538 to serial number 551 inserted vide Notification number G.S.R. 277(E), dated 23rd March, 2018 published in the Gazette of India, Extraordinary, Part II, Section
Central Drugs Standard Control Organization, Ministry of Health and Family Welfare, Govt. of India Page 510 of 963
(3), Sub-section (i) shall be on voluntary basis for a period commencing on the day on which this notification shall come into force and ending on the 31st March, 2019 and thereafter shall be mandatory.]",
51,Basiliximab,SCHEDULE H,(See rules 65 and 97),G.S.R. 360(E),01-07-2024,,502-509,"Note: —1. Preparations exempted under proviso to para 2 of Note to Schedule X shall also be covered by this Schedule.
2. The salts, esters, derivatives and preparations containing the above substances excluding those intended for topical or external use (except ophthalmic and ear/nose preparations containing antibiotics and/or steroids) are also covered by this Schedule.
3. The inclusion of a substance in this Schedule does not imply or convey that the substance is exempted from the provisions of Rule 122A/122B.]
1122[4. The salts, esters, derivatives and preparations containing 1123[steroids or Hydroquinone] for topical or external use shall also be covered under this Schedule.
1124[5. Notwithstanding anything contained in these rules, the provisions of rule 65 and rule 97 in respect or drugs specified from serial number 538 to serial number 551 inserted vide Notification number G.S.R. 277(E), dated 23rd March, 2018 published in the Gazette of India, Extraordinary, Part II, Section
Central Drugs Standard Control Organization, Ministry of Health and Family Welfare, Govt. of India Page 510 of 963
(3), Sub-section (i) shall be on voluntary basis for a period commencing on the day on which this notification shall come into force and ending on the 31st March, 2019 and thereafter shall be mandatory.]",
52,Benazepril Hydrochloride,SCHEDULE H,(See rules 65 and 97),G.S.R. 360(E),01-07-2024,,502-509,"Note: —1. Preparations exempted under proviso to para 2 of Note to Schedule X shall also be covered by this Schedule.
2. The salts, esters, derivatives and preparations containing the above substances excluding those intended for topical or external use (except ophthalmic and ear/nose preparations containing antibiotics and/or steroids) are also covered by this Schedule.
3. The inclusion of a substance in this Schedule does not imply or convey that the substance is exempted from the provisions of Rule 122A/122B.]
1122[4. The salts, esters, derivatives and preparations containing 1123[steroids or Hydroquinone] for topical or external use shall also be covered under this Schedule.
1124[5. Notwithstanding anything contained in these rules, the provisions of rule 65 and rule 97 in respect or drugs specified from serial number 538 to serial number 551 inserted vide Notification number G.S.R. 277(E), dated 23rd March, 2018 published in the Gazette of India, Extraordinary, Part II, Section
Central Drugs Standard Control Organization, Ministry of Health and Family Welfare, Govt. of India Page 510 of 963
(3), Sub-section (i) shall be on voluntary basis for a period commencing on the day on which this notification shall come into force and ending on the 31st March, 2019 and thereafter shall be mandatory.]",
53,Benidipine Hydrochloride,SCHEDULE H,(See rules 65 and 97),G.S.R. 360(E),01-07-2024,,502-509,"Note: —1. Preparations exempted under proviso to para 2 of Note to Schedule X shall also be covered by this Schedule.
2. The salts, esters, derivatives and preparations containing the above substances excluding those intended for topical or external use (except ophthalmic and ear/nose preparations containing antibiotics and/or steroids) are also covered by this Schedule.
3. The inclusion of a substance in this Schedule does not imply or convey that the substance is exempted from the provisions of Rule 122A/122B.]
1122[4. The salts, esters, derivatives and preparations containing 1123[steroids or Hydroquinone] for topical or external use shall also be covered under this Schedule.
1124[5. Notwithstanding anything contained in these rules, the provisions of rule 65 and rule 97 in respect or drugs specified from serial number 538 to serial number 551 inserted vide Notification number G.S.R. 277(E), dated 23rd March, 2018 published in the Gazette of India, Extraordinary, Part II, Section
Central Drugs Standard Control Organization, Ministry of Health and Family Welfare, Govt. of India Page 510 of 963
(3), Sub-section (i) shall be on voluntary basis for a period commencing on the day on which this notification shall come into force and ending on the 31st March, 2019 and thereafter shall be mandatory.]",
54,Benserazide Hydrochloride,SCHEDULE H,(See rules 65 and 97),G.S.R. 360(E),01-07-2024,,502-509,"Note: —1. Preparations exempted under proviso to para 2 of Note to Schedule X shall also be covered by this Schedule.
2. The salts, esters, derivatives and preparations containing the above substances excluding those intended for topical or external use (except ophthalmic and ear/nose preparations containing antibiotics and/or steroids) are also covered by this Schedule.
3. The inclusion of a substance in this Schedule does not imply or convey that the substance is exempted from the provisions of Rule 122A/122B.]
1122[4. The salts, esters, derivatives and preparations containing 1123[steroids or Hydroquinone] for topical or external use shall also be covered under this Schedule.
1124[5. Notwithstanding anything contained in these rules, the provisions of rule 65 and rule 97 in respect or drugs specified from serial number 538 to serial number 551 inserted vide Notification number G.S.R. 277(E), dated 23rd March, 2018 published in the Gazette of India, Extraordinary, Part II, Section
Central Drugs Standard Control Organization, Ministry of Health and Family Welfare, Govt. of India Page 510 of 963
(3), Sub-section (i) shall be on voluntary basis for a period commencing on the day on which this notification shall come into force and ending on the 31st March, 2019 and thereafter shall be mandatory.]",
55,Betahistine Dihydrochloride,SCHEDULE H,(See rules 65 and 97),G.S.R. 360(E),01-07-2024,,502-509,"Note: —1. Preparations exempted under proviso to para 2 of Note to Schedule X shall also be covered by this Schedule.
2. The salts, esters, derivatives and preparations containing the above substances excluding those intended for topical or external use (except ophthalmic and ear/nose preparations containing antibiotics and/or steroids) are also covered by this Schedule.
3. The inclusion of a substance in this Schedule does not imply or convey that the substance is exempted from the provisions of Rule 122A/122B.]
1122[4. The salts, esters, derivatives and preparations containing 1123[steroids or Hydroquinone] for topical or external use shall also be covered under this Schedule.
1124[5. Notwithstanding anything contained in these rules, the provisions of rule 65 and rule 97 in respect or drugs specified from serial number 538 to serial number 551 inserted vide Notification number G.S.R. 277(E), dated 23rd March, 2018 published in the Gazette of India, Extraordinary, Part II, Section
Central Drugs Standard Control Organization, Ministry of Health and Family Welfare, Govt. of India Page 510 of 963
(3), Sub-section (i) shall be on voluntary basis for a period commencing on the day on which this notification shall come into force and ending on the 31st March, 2019 and thereafter shall be mandatory.]",
56,Bethanidine Sulphate,SCHEDULE H,(See rules 65 and 97),G.S.R. 360(E),01-07-2024,,502-509,"Note: —1. Preparations exempted under proviso to para 2 of Note to Schedule X shall also be covered by this Schedule.
2. The salts, esters, derivatives and preparations containing the above substances excluding those intended for topical or external use (except ophthalmic and ear/nose preparations containing antibiotics and/or steroids) are also covered by this Schedule.
3. The inclusion of a substance in this Schedule does not imply or convey that the substance is exempted from the provisions of Rule 122A/122B.]
1122[4. The salts, esters, derivatives and preparations containing 1123[steroids or Hydroquinone] for topical or external use shall also be covered under this Schedule.
1124[5. Notwithstanding anything contained in these rules, the provisions of rule 65 and rule 97 in respect or drugs specified from serial number 538 to serial number 551 inserted vide Notification number G.S.R. 277(E), dated 23rd March, 2018 published in the Gazette of India, Extraordinary, Part II, Section
Central Drugs Standard Control Organization, Ministry of Health and Family Welfare, Govt. of India Page 510 of 963
(3), Sub-section (i) shall be on voluntary basis for a period commencing on the day on which this notification shall come into force and ending on the 31st March, 2019 and thereafter shall be mandatory.]",
57,Bezafibrate,SCHEDULE H,(See rules 65 and 97),G.S.R. 360(E),01-07-2024,,502-509,"Note: —1. Preparations exempted under proviso to para 2 of Note to Schedule X shall also be covered by this Schedule.
2. The salts, esters, derivatives and preparations containing the above substances excluding those intended for topical or external use (except ophthalmic and ear/nose preparations containing antibiotics and/or steroids) are also covered by this Schedule.
3. The inclusion of a substance in this Schedule does not imply or convey that the substance is exempted from the provisions of Rule 122A/122B.]
1122[4. The salts, esters, derivatives and preparations containing 1123[steroids or Hydroquinone] for topical or external use shall also be covered under this Schedule.
1124[5. Notwithstanding anything contained in these rules, the provisions of rule 65 and rule 97 in respect or drugs specified from serial number 538 to serial number 551 inserted vide Notification number G.S.R. 277(E), dated 23rd March, 2018 published in the Gazette of India, Extraordinary, Part II, Section
Central Drugs Standard Control Organization, Ministry of Health and Family Welfare, Govt. of India Page 510 of 963
(3), Sub-section (i) shall be on voluntary basis for a period commencing on the day on which this notification shall come into force and ending on the 31st March, 2019 and thereafter shall be mandatory.]",
58,Bicalutamide,SCHEDULE H,(See rules 65 and 97),G.S.R. 360(E),01-07-2024,,502-509,"Note: —1. Preparations exempted under proviso to para 2 of Note to Schedule X shall also be covered by this Schedule.
2. The salts, esters, derivatives and preparations containing the above substances excluding those intended for topical or external use (except ophthalmic and ear/nose preparations containing antibiotics and/or steroids) are also covered by this Schedule.
3. The inclusion of a substance in this Schedule does not imply or convey that the substance is exempted from the provisions of Rule 122A/122B.]
1122[4. The salts, esters, derivatives and preparations containing 1123[steroids or Hydroquinone] for topical or external use shall also be covered under this Schedule.
1124[5. Notwithstanding anything contained in these rules, the provisions of rule 65 and rule 97 in respect or drugs specified from serial number 538 to serial number 551 inserted vide Notification number G.S.R. 277(E), dated 23rd March, 2018 published in the Gazette of India, Extraordinary, Part II, Section
Central Drugs Standard Control Organization, Ministry of Health and Family Welfare, Govt. of India Page 510 of 963
(3), Sub-section (i) shall be on voluntary basis for a period commencing on the day on which this notification shall come into force and ending on the 31st March, 2019 and thereafter shall be mandatory.]",
59,Biclotymol,SCHEDULE H,(See rules 65 and 97),G.S.R. 360(E),01-07-2024,,502-509,"Note: —1. Preparations exempted under proviso to para 2 of Note to Schedule X shall also be covered by this Schedule.
2. The salts, esters, derivatives and preparations containing the above substances excluding those intended for topical or external use (except ophthalmic and ear/nose preparations containing antibiotics and/or steroids) are also covered by this Schedule.
3. The inclusion of a substance in this Schedule does not imply or convey that the substance is exempted from the provisions of Rule 122A/122B.]
1122[4. The salts, esters, derivatives and preparations containing 1123[steroids or Hydroquinone] for topical or external use shall also be covered under this Schedule.
1124[5. Notwithstanding anything contained in these rules, the provisions of rule 65 and rule 97 in respect or drugs specified from serial number 538 to serial number 551 inserted vide Notification number G.S.R. 277(E), dated 23rd March, 2018 published in the Gazette of India, Extraordinary, Part II, Section
Central Drugs Standard Control Organization, Ministry of Health and Family Welfare, Govt. of India Page 510 of 963
(3), Sub-section (i) shall be on voluntary basis for a period commencing on the day on which this notification shall come into force and ending on the 31st March, 2019 and thereafter shall be mandatory.]",
60,Bifonazole,SCHEDULE H,(See rules 65 and 97),G.S.R. 360(E),01-07-2024,,502-509,"Note: —1. Preparations exempted under proviso to para 2 of Note to Schedule X shall also be covered by this Schedule.
2. The salts, esters, derivatives and preparations containing the above substances excluding those intended for topical or external use (except ophthalmic and ear/nose preparations containing antibiotics and/or steroids) are also covered by this Schedule.
3. The inclusion of a substance in this Schedule does not imply or convey that the substance is exempted from the provisions of Rule 122A/122B.]
1122[4. The salts, esters, derivatives and preparations containing 1123[steroids or Hydroquinone] for topical or external use shall also be covered under this Schedule.
1124[5. Notwithstanding anything contained in these rules, the provisions of rule 65 and rule 97 in respect or drugs specified from serial number 538 to serial number 551 inserted vide Notification number G.S.R. 277(E), dated 23rd March, 2018 published in the Gazette of India, Extraordinary, Part II, Section
Central Drugs Standard Control Organization, Ministry of Health and Family Welfare, Govt. of India Page 510 of 963
(3), Sub-section (i) shall be on voluntary basis for a period commencing on the day on which this notification shall come into force and ending on the 31st March, 2019 and thereafter shall be mandatory.]",
61,Bimatoprost,SCHEDULE H,(See rules 65 and 97),G.S.R. 360(E),01-07-2024,,502-509,"Note: —1. Preparations exempted under proviso to para 2 of Note to Schedule X shall also be covered by this Schedule.
2. The salts, esters, derivatives and preparations containing the above substances excluding those intended for topical or external use (except ophthalmic and ear/nose preparations containing antibiotics and/or steroids) are also covered by this Schedule.
3. The inclusion of a substance in this Schedule does not imply or convey that the substance is exempted from the provisions of Rule 122A/122B.]
1122[4. The salts, esters, derivatives and preparations containing 1123[steroids or Hydroquinone] for topical or external use shall also be covered under this Schedule.
1124[5. Notwithstanding anything contained in these rules, the provisions of rule 65 and rule 97 in respect or drugs specified from serial number 538 to serial number 551 inserted vide Notification number G.S.R. 277(E), dated 23rd March, 2018 published in the Gazette of India, Extraordinary, Part II, Section
Central Drugs Standard Control Organization, Ministry of Health and Family Welfare, Govt. of India Page 510 of 963
(3), Sub-section (i) shall be on voluntary basis for a period commencing on the day on which this notification shall come into force and ending on the 31st March, 2019 and thereafter shall be mandatory.]",
62,Biperiden Hydrochloride,SCHEDULE H,(See rules 65 and 97),G.S.R. 360(E),01-07-2024,,502-509,"Note: —1. Preparations exempted under proviso to para 2 of Note to Schedule X shall also be covered by this Schedule.
2. The salts, esters, derivatives and preparations containing the above substances excluding those intended for topical or external use (except ophthalmic and ear/nose preparations containing antibiotics and/or steroids) are also covered by this Schedule.
3. The inclusion of a substance in this Schedule does not imply or convey that the substance is exempted from the provisions of Rule 122A/122B.]
1122[4. The salts, esters, derivatives and preparations containing 1123[steroids or Hydroquinone] for topical or external use shall also be covered under this Schedule.
1124[5. Notwithstanding anything contained in these rules, the provisions of rule 65 and rule 97 in respect or drugs specified from serial number 538 to serial number 551 inserted vide Notification number G.S.R. 277(E), dated 23rd March, 2018 published in the Gazette of India, Extraordinary, Part II, Section
Central Drugs Standard Control Organization, Ministry of Health and Family Welfare, Govt. of India Page 510 of 963
(3), Sub-section (i) shall be on voluntary basis for a period commencing on the day on which this notification shall come into force and ending on the 31st March, 2019 and thereafter shall be mandatory.]",
63,Biphenyl Acetic Acid,SCHEDULE H,(See rules 65 and 97),G.S.R. 360(E),01-07-2024,,502-509,"Note: —1. Preparations exempted under proviso to para 2 of Note to Schedule X shall also be covered by this Schedule.
2. The salts, esters, derivatives and preparations containing the above substances excluding those intended for topical or external use (except ophthalmic and ear/nose preparations containing antibiotics and/or steroids) are also covered by this Schedule.
3. The inclusion of a substance in this Schedule does not imply or convey that the substance is exempted from the provisions of Rule 122A/122B.]
1122[4. The salts, esters, derivatives and preparations containing 1123[steroids or Hydroquinone] for topical or external use shall also be covered under this Schedule.
1124[5. Notwithstanding anything contained in these rules, the provisions of rule 65 and rule 97 in respect or drugs specified from serial number 538 to serial number 551 inserted vide Notification number G.S.R. 277(E), dated 23rd March, 2018 published in the Gazette of India, Extraordinary, Part II, Section
Central Drugs Standard Control Organization, Ministry of Health and Family Welfare, Govt. of India Page 510 of 963
(3), Sub-section (i) shall be on voluntary basis for a period commencing on the day on which this notification shall come into force and ending on the 31st March, 2019 and thereafter shall be mandatory.]",
64,Bitoscanate,SCHEDULE H,(See rules 65 and 97),G.S.R. 360(E),01-07-2024,,502-509,"Note: —1. Preparations exempted under proviso to para 2 of Note to Schedule X shall also be covered by this Schedule.
2. The salts, esters, derivatives and preparations containing the above substances excluding those intended for topical or external use (except ophthalmic and ear/nose preparations containing antibiotics and/or steroids) are also covered by this Schedule.
3. The inclusion of a substance in this Schedule does not imply or convey that the substance is exempted from the provisions of Rule 122A/122B.]
1122[4. The salts, esters, derivatives and preparations containing 1123[steroids or Hydroquinone] for topical or external use shall also be covered under this Schedule.
1124[5. Notwithstanding anything contained in these rules, the provisions of rule 65 and rule 97 in respect or drugs specified from serial number 538 to serial number 551 inserted vide Notification number G.S.R. 277(E), dated 23rd March, 2018 published in the Gazette of India, Extraordinary, Part II, Section
Central Drugs Standard Control Organization, Ministry of Health and Family Welfare, Govt. of India Page 510 of 963
(3), Sub-section (i) shall be on voluntary basis for a period commencing on the day on which this notification shall come into force and ending on the 31st March, 2019 and thereafter shall be mandatory.]",
65,Bleomycin,SCHEDULE H,(See rules 65 and 97),G.S.R. 360(E),01-07-2024,,502-509,"Note: —1. Preparations exempted under proviso to para 2 of Note to Schedule X shall also be covered by this Schedule.
2. The salts, esters, derivatives and preparations containing the above substances excluding those intended for topical or external use (except ophthalmic and ear/nose preparations containing antibiotics and/or steroids) are also covered by this Schedule.
3. The inclusion of a substance in this Schedule does not imply or convey that the substance is exempted from the provisions of Rule 122A/122B.]
1122[4. The salts, esters, derivatives and preparations containing 1123[steroids or Hydroquinone] for topical or external use shall also be covered under this Schedule.
1124[5. Notwithstanding anything contained in these rules, the provisions of rule 65 and rule 97 in respect or drugs specified from serial number 538 to serial number 551 inserted vide Notification number G.S.R. 277(E), dated 23rd March, 2018 published in the Gazette of India, Extraordinary, Part II, Section
Central Drugs Standard Control Organization, Ministry of Health and Family Welfare, Govt. of India Page 510 of 963
(3), Sub-section (i) shall be on voluntary basis for a period commencing on the day on which this notification shall come into force and ending on the 31st March, 2019 and thereafter shall be mandatory.]",
66,Primonidine Tartrate,SCHEDULE H,(See rules 65 and 97),G.S.R. 360(E),01-07-2024,,502-509,"Note: —1. Preparations exempted under proviso to para 2 of Note to Schedule X shall also be covered by this Schedule.
2. The salts, esters, derivatives and preparations containing the above substances excluding those intended for topical or external use (except ophthalmic and ear/nose preparations containing antibiotics and/or steroids) are also covered by this Schedule.
3. The inclusion of a substance in this Schedule does not imply or convey that the substance is exempted from the provisions of Rule 122A/122B.]
1122[4. The salts, esters, derivatives and preparations containing 1123[steroids or Hydroquinone] for topical or external use shall also be covered under this Schedule.
1124[5. Notwithstanding anything contained in these rules, the provisions of rule 65 and rule 97 in respect or drugs specified from serial number 538 to serial number 551 inserted vide Notification number G.S.R. 277(E), dated 23rd March, 2018 published in the Gazette of India, Extraordinary, Part II, Section
Central Drugs Standard Control Organization, Ministry of Health and Family Welfare, Govt. of India Page 510 of 963
(3), Sub-section (i) shall be on voluntary basis for a period commencing on the day on which this notification shall come into force and ending on the 31st March, 2019 and thereafter shall be mandatory.]",
67,Bromhexine Hydrochloride,SCHEDULE H,(See rules 65 and 97),G.S.R. 360(E),01-07-2024,,502-509,"Note: —1. Preparations exempted under proviso to para 2 of Note to Schedule X shall also be covered by this Schedule.
2. The salts, esters, derivatives and preparations containing the above substances excluding those intended for topical or external use (except ophthalmic and ear/nose preparations containing antibiotics and/or steroids) are also covered by this Schedule.
3. The inclusion of a substance in this Schedule does not imply or convey that the substance is exempted from the provisions of Rule 122A/122B.]
1122[4. The salts, esters, derivatives and preparations containing 1123[steroids or Hydroquinone] for topical or external use shall also be covered under this Schedule.
1124[5. Notwithstanding anything contained in these rules, the provisions of rule 65 and rule 97 in respect or drugs specified from serial number 538 to serial number 551 inserted vide Notification number G.S.R. 277(E), dated 23rd March, 2018 published in the Gazette of India, Extraordinary, Part II, Section
Central Drugs Standard Control Organization, Ministry of Health and Family Welfare, Govt. of India Page 510 of 963
(3), Sub-section (i) shall be on voluntary basis for a period commencing on the day on which this notification shall come into force and ending on the 31st March, 2019 and thereafter shall be mandatory.]",
68,Bromocriptine Mesylate,SCHEDULE H,(See rules 65 and 97),G.S.R. 360(E),01-07-2024,,502-509,"Note: —1. Preparations exempted under proviso to para 2 of Note to Schedule X shall also be covered by this Schedule.
2. The salts, esters, derivatives and preparations containing the above substances excluding those intended for topical or external use (except ophthalmic and ear/nose preparations containing antibiotics and/or steroids) are also covered by this Schedule.
3. The inclusion of a substance in this Schedule does not imply or convey that the substance is exempted from the provisions of Rule 122A/122B.]
1122[4. The salts, esters, derivatives and preparations containing 1123[steroids or Hydroquinone] for topical or external use shall also be covered under this Schedule.
1124[5. Notwithstanding anything contained in these rules, the provisions of rule 65 and rule 97 in respect or drugs specified from serial number 538 to serial number 551 inserted vide Notification number G.S.R. 277(E), dated 23rd March, 2018 published in the Gazette of India, Extraordinary, Part II, Section
Central Drugs Standard Control Organization, Ministry of Health and Family Welfare, Govt. of India Page 510 of 963
(3), Sub-section (i) shall be on voluntary basis for a period commencing on the day on which this notification shall come into force and ending on the 31st March, 2019 and thereafter shall be mandatory.]",
69,Budesonide,SCHEDULE H,(See rules 65 and 97),G.S.R. 360(E),01-07-2024,,502-509,"Note: —1. Preparations exempted under proviso to para 2 of Note to Schedule X shall also be covered by this Schedule.
2. The salts, esters, derivatives and preparations containing the above substances excluding those intended for topical or external use (except ophthalmic and ear/nose preparations containing antibiotics and/or steroids) are also covered by this Schedule.
3. The inclusion of a substance in this Schedule does not imply or convey that the substance is exempted from the provisions of Rule 122A/122B.]
1122[4. The salts, esters, derivatives and preparations containing 1123[steroids or Hydroquinone] for topical or external use shall also be covered under this Schedule.
1124[5. Notwithstanding anything contained in these rules, the provisions of rule 65 and rule 97 in respect or drugs specified from serial number 538 to serial number 551 inserted vide Notification number G.S.R. 277(E), dated 23rd March, 2018 published in the Gazette of India, Extraordinary, Part II, Section
Central Drugs Standard Control Organization, Ministry of Health and Family Welfare, Govt. of India Page 510 of 963
(3), Sub-section (i) shall be on voluntary basis for a period commencing on the day on which this notification shall come into force and ending on the 31st March, 2019 and thereafter shall be mandatory.]",Corrected from Budesomde
70,Bulaquine,SCHEDULE H,(See rules 65 and 97),G.S.R. 360(E),01-07-2024,,502-509,"Note: —1. Preparations exempted under proviso to para 2 of Note to Schedule X shall also be covered by this Schedule.
2. The salts, esters, derivatives and preparations containing the above substances excluding those intended for topical or external use (except ophthalmic and ear/nose preparations containing antibiotics and/or steroids) are also covered by this Schedule.
3. The inclusion of a substance in this Schedule does not imply or convey that the substance is exempted from the provisions of Rule 122A/122B.]
1122[4. The salts, esters, derivatives and preparations containing 1123[steroids or Hydroquinone] for topical or external use shall also be covered under this Schedule.
1124[5. Notwithstanding anything contained in these rules, the provisions of rule 65 and rule 97 in respect or drugs specified from serial number 538 to serial number 551 inserted vide Notification number G.S.R. 277(E), dated 23rd March, 2018 published in the Gazette of India, Extraordinary, Part II, Section
Central Drugs Standard Control Organization, Ministry of Health and Family Welfare, Govt. of India Page 510 of 963
(3), Sub-section (i) shall be on voluntary basis for a period commencing on the day on which this notification shall come into force and ending on the 31st March, 2019 and thereafter shall be mandatory.]",
71,Bupivacaine Hydrochloride,SCHEDULE H,(See rules 65 and 97),G.S.R. 360(E),01-07-2024,,502-509,"Note: —1. Preparations exempted under proviso to para 2 of Note to Schedule X shall also be covered by this Schedule.
2. The salts, esters, derivatives and preparations containing the above substances excluding those intended for topical or external use (except ophthalmic and ear/nose preparations containing antibiotics and/or steroids) are also covered by this Schedule.
3. The inclusion of a substance in this Schedule does not imply or convey that the substance is exempted from the provisions of Rule 122A/122B.]
1122[4. The salts, esters, derivatives and preparations containing 1123[steroids or Hydroquinone] for topical or external use shall also be covered under this Schedule.
1124[5. Notwithstanding anything contained in these rules, the provisions of rule 65 and rule 97 in respect or drugs specified from serial number 538 to serial number 551 inserted vide Notification number G.S.R. 277(E), dated 23rd March, 2018 published in the Gazette of India, Extraordinary, Part II, Section
Central Drugs Standard Control Organization, Ministry of Health and Family Welfare, Govt. of India Page 510 of 963
(3), Sub-section (i) shall be on voluntary basis for a period commencing on the day on which this notification shall come into force and ending on the 31st March, 2019 and thereafter shall be mandatory.]",
72,Bupropion,SCHEDULE H,(See rules 65 and 97),G.S.R. 360(E),01-07-2024,,502-509,"Note: —1. Preparations exempted under proviso to para 2 of Note to Schedule X shall also be covered by this Schedule.
2. The salts, esters, derivatives and preparations containing the above substances excluding those intended for topical or external use (except ophthalmic and ear/nose preparations containing antibiotics and/or steroids) are also covered by this Schedule.
3. The inclusion of a substance in this Schedule does not imply or convey that the substance is exempted from the provisions of Rule 122A/122B.]
1122[4. The salts, esters, derivatives and preparations containing 1123[steroids or Hydroquinone] for topical or external use shall also be covered under this Schedule.
1124[5. Notwithstanding anything contained in these rules, the provisions of rule 65 and rule 97 in respect or drugs specified from serial number 538 to serial number 551 inserted vide Notification number G.S.R. 277(E), dated 23rd March, 2018 published in the Gazette of India, Extraordinary, Part II, Section
Central Drugs Standard Control Organization, Ministry of Health and Family Welfare, Govt. of India Page 510 of 963
(3), Sub-section (i) shall be on voluntary basis for a period commencing on the day on which this notification shall come into force and ending on the 31st March, 2019 and thereafter shall be mandatory.]",
73,Buspirone,SCHEDULE H,(See rules 65 and 97),G.S.R. 360(E),01-07-2024,,502-509,"Note: —1. Preparations exempted under proviso to para 2 of Note to Schedule X shall also be covered by this Schedule.
2. The salts, esters, derivatives and preparations containing the above substances excluding those intended for topical or external use (except ophthalmic and ear/nose preparations containing antibiotics and/or steroids) are also covered by this Schedule.
3. The inclusion of a substance in this Schedule does not imply or convey that the substance is exempted from the provisions of Rule 122A/122B.]
1122[4. The salts, esters, derivatives and preparations containing 1123[steroids or Hydroquinone] for topical or external use shall also be covered under this Schedule.
1124[5. Notwithstanding anything contained in these rules, the provisions of rule 65 and rule 97 in respect or drugs specified from serial number 538 to serial number 551 inserted vide Notification number G.S.R. 277(E), dated 23rd March, 2018 published in the Gazette of India, Extraordinary, Part II, Section
Central Drugs Standard Control Organization, Ministry of Health and Family Welfare, Govt. of India Page 510 of 963
(3), Sub-section (i) shall be on voluntary basis for a period commencing on the day on which this notification shall come into force and ending on the 31st March, 2019 and thereafter shall be mandatory.]",
74,Butenafine Hydrochloride,SCHEDULE H,(See rules 65 and 97),G.S.R. 360(E),01-07-2024,,502-509,"Note: —1. Preparations exempted under proviso to para 2 of Note to Schedule X shall also be covered by this Schedule.
2. The salts, esters, derivatives and preparations containing the above substances excluding those intended for topical or external use (except ophthalmic and ear/nose preparations containing antibiotics and/or steroids) are also covered by this Schedule.
3. The inclusion of a substance in this Schedule does not imply or convey that the substance is exempted from the provisions of Rule 122A/122B.]
1122[4. The salts, esters, derivatives and preparations containing 1123[steroids or Hydroquinone] for topical or external use shall also be covered under this Schedule.
1124[5. Notwithstanding anything contained in these rules, the provisions of rule 65 and rule 97 in respect or drugs specified from serial number 538 to serial number 551 inserted vide Notification number G.S.R. 277(E), dated 23rd March, 2018 published in the Gazette of India, Extraordinary, Part II, Section
Central Drugs Standard Control Organization, Ministry of Health and Family Welfare, Govt. of India Page 510 of 963
(3), Sub-section (i) shall be on voluntary basis for a period commencing on the day on which this notification shall come into force and ending on the 31st March, 2019 and thereafter shall be mandatory.]",
75,Butorphanol Tartrate,SCHEDULE H,(See rules 65 and 97),G.S.R. 360(E),01-07-2024,,502-509,"Note: —1. Preparations exempted under proviso to para 2 of Note to Schedule X shall also be covered by this Schedule.
2. The salts, esters, derivatives and preparations containing the above substances excluding those intended for topical or external use (except ophthalmic and ear/nose preparations containing antibiotics and/or steroids) are also covered by this Schedule.
3. The inclusion of a substance in this Schedule does not imply or convey that the substance is exempted from the provisions of Rule 122A/122B.]
1122[4. The salts, esters, derivatives and preparations containing 1123[steroids or Hydroquinone] for topical or external use shall also be covered under this Schedule.
1124[5. Notwithstanding anything contained in these rules, the provisions of rule 65 and rule 97 in respect or drugs specified from serial number 538 to serial number 551 inserted vide Notification number G.S.R. 277(E), dated 23rd March, 2018 published in the Gazette of India, Extraordinary, Part II, Section
Central Drugs Standard Control Organization, Ministry of Health and Family Welfare, Govt. of India Page 510 of 963
(3), Sub-section (i) shall be on voluntary basis for a period commencing on the day on which this notification shall come into force and ending on the 31st March, 2019 and thereafter shall be mandatory.]",
76,Cabergoline,SCHEDULE H,(See rules 65 and 97),G.S.R. 360(E),01-07-2024,,502-509,"Note: —1. Preparations exempted under proviso to para 2 of Note to Schedule X shall also be covered by this Schedule.
2. The salts, esters, derivatives and preparations containing the above substances excluding those intended for topical or external use (except ophthalmic and ear/nose preparations containing antibiotics and/or steroids) are also covered by this Schedule.
3. The inclusion of a substance in this Schedule does not imply or convey that the substance is exempted from the provisions of Rule 122A/122B.]
1122[4. The salts, esters, derivatives and preparations containing 1123[steroids or Hydroquinone] for topical or external use shall also be covered under this Schedule.
1124[5. Notwithstanding anything contained in these rules, the provisions of rule 65 and rule 97 in respect or drugs specified from serial number 538 to serial number 551 inserted vide Notification number G.S.R. 277(E), dated 23rd March, 2018 published in the Gazette of India, Extraordinary, Part II, Section
Central Drugs Standard Control Organization, Ministry of Health and Family Welfare, Govt. of India Page 510 of 963
(3), Sub-section (i) shall be on voluntary basis for a period commencing on the day on which this notification shall come into force and ending on the 31st March, 2019 and thereafter shall be mandatory.]",
77,Calciumdobesilate,SCHEDULE H,(See rules 65 and 97),G.S.R. 360(E),01-07-2024,,502-509,"Note: —1. Preparations exempted under proviso to para 2 of Note to Schedule X shall also be covered by this Schedule.
2. The salts, esters, derivatives and preparations containing the above substances excluding those intended for topical or external use (except ophthalmic and ear/nose preparations containing antibiotics and/or steroids) are also covered by this Schedule.
3. The inclusion of a substance in this Schedule does not imply or convey that the substance is exempted from the provisions of Rule 122A/122B.]
1122[4. The salts, esters, derivatives and preparations containing 1123[steroids or Hydroquinone] for topical or external use shall also be covered under this Schedule.
1124[5. Notwithstanding anything contained in these rules, the provisions of rule 65 and rule 97 in respect or drugs specified from serial number 538 to serial number 551 inserted vide Notification number G.S.R. 277(E), dated 23rd March, 2018 published in the Gazette of India, Extraordinary, Part II, Section
Central Drugs Standard Control Organization, Ministry of Health and Family Welfare, Govt. of India Page 510 of 963
(3), Sub-section (i) shall be on voluntary basis for a period commencing on the day on which this notification shall come into force and ending on the 31st March, 2019 and thereafter shall be mandatory.]",
78,Candesartan,SCHEDULE H,(See rules 65 and 97),G.S.R. 360(E),01-07-2024,,502-509,"Note: —1. Preparations exempted under proviso to para 2 of Note to Schedule X shall also be covered by this Schedule.
2. The salts, esters, derivatives and preparations containing the above substances excluding those intended for topical or external use (except ophthalmic and ear/nose preparations containing antibiotics and/or steroids) are also covered by this Schedule.
3. The inclusion of a substance in this Schedule does not imply or convey that the substance is exempted from the provisions of Rule 122A/122B.]
1122[4. The salts, esters, derivatives and preparations containing 1123[steroids or Hydroquinone] for topical or external use shall also be covered under this Schedule.
1124[5. Notwithstanding anything contained in these rules, the provisions of rule 65 and rule 97 in respect or drugs specified from serial number 538 to serial number 551 inserted vide Notification number G.S.R. 277(E), dated 23rd March, 2018 published in the Gazette of India, Extraordinary, Part II, Section
Central Drugs Standard Control Organization, Ministry of Health and Family Welfare, Govt. of India Page 510 of 963
(3), Sub-section (i) shall be on voluntary basis for a period commencing on the day on which this notification shall come into force and ending on the 31st March, 2019 and thereafter shall be mandatory.]",
79,Capecitabine,SCHEDULE H,(See rules 65 and 97),G.S.R. 360(E),01-07-2024,,502-509,"Note: —1. Preparations exempted under proviso to para 2 of Note to Schedule X shall also be covered by this Schedule.
2. The salts, esters, derivatives and preparations containing the above substances excluding those intended for topical or external use (except ophthalmic and ear/nose preparations containing antibiotics and/or steroids) are also covered by this Schedule.
3. The inclusion of a substance in this Schedule does not imply or convey that the substance is exempted from the provisions of Rule 122A/122B.]
1122[4. The salts, esters, derivatives and preparations containing 1123[steroids or Hydroquinone] for topical or external use shall also be covered under this Schedule.
1124[5. Notwithstanding anything contained in these rules, the provisions of rule 65 and rule 97 in respect or drugs specified from serial number 538 to serial number 551 inserted vide Notification number G.S.R. 277(E), dated 23rd March, 2018 published in the Gazette of India, Extraordinary, Part II, Section
Central Drugs Standard Control Organization, Ministry of Health and Family Welfare, Govt. of India Page 510 of 963
(3), Sub-section (i) shall be on voluntary basis for a period commencing on the day on which this notification shall come into force and ending on the 31st March, 2019 and thereafter shall be mandatory.]",
80,Captopril,SCHEDULE H,(See rules 65 and 97),G.S.R. 360(E),01-07-2024,,502-509,"Note: —1. Preparations exempted under proviso to para 2 of Note to Schedule X shall also be covered by this Schedule.
2. The salts, esters, derivatives and preparations containing the above substances excluding those intended for topical or external use (except ophthalmic and ear/nose preparations containing antibiotics and/or steroids) are also covered by this Schedule.
3. The inclusion of a substance in this Schedule does not imply or convey that the substance is exempted from the provisions of Rule 122A/122B.]
1122[4. The salts, esters, derivatives and preparations containing 1123[steroids or Hydroquinone] for topical or external use shall also be covered under this Schedule.
1124[5. Notwithstanding anything contained in these rules, the provisions of rule 65 and rule 97 in respect or drugs specified from serial number 538 to serial number 551 inserted vide Notification number G.S.R. 277(E), dated 23rd March, 2018 published in the Gazette of India, Extraordinary, Part II, Section
Central Drugs Standard Control Organization, Ministry of Health and Family Welfare, Govt. of India Page 510 of 963
(3), Sub-section (i) shall be on voluntary basis for a period commencing on the day on which this notification shall come into force and ending on the 31st March, 2019 and thereafter shall be mandatory.]",
81,Carbidopa,SCHEDULE H,(See rules 65 and 97),G.S.R. 360(E),01-07-2024,,502-509,"Note: —1. Preparations exempted under proviso to para 2 of Note to Schedule X shall also be covered by this Schedule.
2. The salts, esters, derivatives and preparations containing the above substances excluding those intended for topical or external use (except ophthalmic and ear/nose preparations containing antibiotics and/or steroids) are also covered by this Schedule.
3. The inclusion of a substance in this Schedule does not imply or convey that the substance is exempted from the provisions of Rule 122A/122B.]
1122[4. The salts, esters, derivatives and preparations containing 1123[steroids or Hydroquinone] for topical or external use shall also be covered under this Schedule.
1124[5. Notwithstanding anything contained in these rules, the provisions of rule 65 and rule 97 in respect or drugs specified from serial number 538 to serial number 551 inserted vide Notification number G.S.R. 277(E), dated 23rd March, 2018 published in the Gazette of India, Extraordinary, Part II, Section
Central Drugs Standard Control Organization, Ministry of Health and Family Welfare, Govt. of India Page 510 of 963
(3), Sub-section (i) shall be on voluntary basis for a period commencing on the day on which this notification shall come into force and ending on the 31st March, 2019 and thereafter shall be mandatory.]",
82,Carbocisteine,SCHEDULE H,(See rules 65 and 97),G.S.R. 360(E),01-07-2024,,502-509,"Note: —1. Preparations exempted under proviso to para 2 of Note to Schedule X shall also be covered by this Schedule.
2. The salts, esters, derivatives and preparations containing the above substances excluding those intended for topical or external use (except ophthalmic and ear/nose preparations containing antibiotics and/or steroids) are also covered by this Schedule.
3. The inclusion of a substance in this Schedule does not imply or convey that the substance is exempted from the provisions of Rule 122A/122B.]
1122[4. The salts, esters, derivatives and preparations containing 1123[steroids or Hydroquinone] for topical or external use shall also be covered under this Schedule.
1124[5. Notwithstanding anything contained in these rules, the provisions of rule 65 and rule 97 in respect or drugs specified from serial number 538 to serial number 551 inserted vide Notification number G.S.R. 277(E), dated 23rd March, 2018 published in the Gazette of India, Extraordinary, Part II, Section
Central Drugs Standard Control Organization, Ministry of Health and Family Welfare, Govt. of India Page 510 of 963
(3), Sub-section (i) shall be on voluntary basis for a period commencing on the day on which this notification shall come into force and ending on the 31st March, 2019 and thereafter shall be mandatory.]",
83,Carboplatin,SCHEDULE H,(See rules 65 and 97),G.S.R. 360(E),01-07-2024,,502-509,"Note: —1. Preparations exempted under proviso to para 2 of Note to Schedule X shall also be covered by this Schedule.
2. The salts, esters, derivatives and preparations containing the above substances excluding those intended for topical or external use (except ophthalmic and ear/nose preparations containing antibiotics and/or steroids) are also covered by this Schedule.
3. The inclusion of a substance in this Schedule does not imply or convey that the substance is exempted from the provisions of Rule 122A/122B.]
1122[4. The salts, esters, derivatives and preparations containing 1123[steroids or Hydroquinone] for topical or external use shall also be covered under this Schedule.
1124[5. Notwithstanding anything contained in these rules, the provisions of rule 65 and rule 97 in respect or drugs specified from serial number 538 to serial number 551 inserted vide Notification number G.S.R. 277(E), dated 23rd March, 2018 published in the Gazette of India, Extraordinary, Part II, Section
Central Drugs Standard Control Organization, Ministry of Health and Family Welfare, Govt. of India Page 510 of 963
(3), Sub-section (i) shall be on voluntary basis for a period commencing on the day on which this notification shall come into force and ending on the 31st March, 2019 and thereafter shall be mandatory.]",
84,Carboquone,SCHEDULE H,(See rules 65 and 97),G.S.R. 360(E),01-07-2024,,502-509,"Note: —1. Preparations exempted under proviso to para 2 of Note to Schedule X shall also be covered by this Schedule.
2. The salts, esters, derivatives and preparations containing the above substances excluding those intended for topical or external use (except ophthalmic and ear/nose preparations containing antibiotics and/or steroids) are also covered by this Schedule.
3. The inclusion of a substance in this Schedule does not imply or convey that the substance is exempted from the provisions of Rule 122A/122B.]
1122[4. The salts, esters, derivatives and preparations containing 1123[steroids or Hydroquinone] for topical or external use shall also be covered under this Schedule.
1124[5. Notwithstanding anything contained in these rules, the provisions of rule 65 and rule 97 in respect or drugs specified from serial number 538 to serial number 551 inserted vide Notification number G.S.R. 277(E), dated 23rd March, 2018 published in the Gazette of India, Extraordinary, Part II, Section
Central Drugs Standard Control Organization, Ministry of Health and Family Welfare, Govt. of India Page 510 of 963
(3), Sub-section (i) shall be on voluntary basis for a period commencing on the day on which this notification shall come into force and ending on the 31st March, 2019 and thereafter shall be mandatory.]",
85,Carisoprodol,SCHEDULE H,(See rules 65 and 97),G.S.R. 360(E),01-07-2024,,502-509,"Note: —1. Preparations exempted under proviso to para 2 of Note to Schedule X shall also be covered by this Schedule.
2. The salts, esters, derivatives and preparations containing the above substances excluding those intended for topical or external use (except ophthalmic and ear/nose preparations containing antibiotics and/or steroids) are also covered by this Schedule.
3. The inclusion of a substance in this Schedule does not imply or convey that the substance is exempted from the provisions of Rule 122A/122B.]
1122[4. The salts, esters, derivatives and preparations containing 1123[steroids or Hydroquinone] for topical or external use shall also be covered under this Schedule.
1124[5. Notwithstanding anything contained in these rules, the provisions of rule 65 and rule 97 in respect or drugs specified from serial number 538 to serial number 551 inserted vide Notification number G.S.R. 277(E), dated 23rd March, 2018 published in the Gazette of India, Extraordinary, Part II, Section
Central Drugs Standard Control Organization, Ministry of Health and Family Welfare, Govt. of India Page 510 of 963
(3), Sub-section (i) shall be on voluntary basis for a period commencing on the day on which this notification shall come into force and ending on the 31st March, 2019 and thereafter shall be mandatory.]",
86,L-Camitine,SCHEDULE H,(See rules 65 and 97),G.S.R. 360(E),01-07-2024,,502-509,"Note: —1. Preparations exempted under proviso to para 2 of Note to Schedule X shall also be covered by this Schedule.
2. The salts, esters, derivatives and preparations containing the above substances excluding those intended for topical or external use (except ophthalmic and ear/nose preparations containing antibiotics and/or steroids) are also covered by this Schedule.
3. The inclusion of a substance in this Schedule does not imply or convey that the substance is exempted from the provisions of Rule 122A/122B.]
1122[4. The salts, esters, derivatives and preparations containing 1123[steroids or Hydroquinone] for topical or external use shall also be covered under this Schedule.
1124[5. Notwithstanding anything contained in these rules, the provisions of rule 65 and rule 97 in respect or drugs specified from serial number 538 to serial number 551 inserted vide Notification number G.S.R. 277(E), dated 23rd March, 2018 published in the Gazette of India, Extraordinary, Part II, Section
Central Drugs Standard Control Organization, Ministry of Health and Family Welfare, Govt. of India Page 510 of 963
(3), Sub-section (i) shall be on voluntary basis for a period commencing on the day on which this notification shall come into force and ending on the 31st March, 2019 and thereafter shall be mandatory.]",
87,Carteolol Hydrochloride,SCHEDULE H,(See rules 65 and 97),G.S.R. 360(E),01-07-2024,,502-509,"Note: —1. Preparations exempted under proviso to para 2 of Note to Schedule X shall also be covered by this Schedule.
2. The salts, esters, derivatives and preparations containing the above substances excluding those intended for topical or external use (except ophthalmic and ear/nose preparations containing antibiotics and/or steroids) are also covered by this Schedule.
3. The inclusion of a substance in this Schedule does not imply or convey that the substance is exempted from the provisions of Rule 122A/122B.]
1122[4. The salts, esters, derivatives and preparations containing 1123[steroids or Hydroquinone] for topical or external use shall also be covered under this Schedule.
1124[5. Notwithstanding anything contained in these rules, the provisions of rule 65 and rule 97 in respect or drugs specified from serial number 538 to serial number 551 inserted vide Notification number G.S.R. 277(E), dated 23rd March, 2018 published in the Gazette of India, Extraordinary, Part II, Section
Central Drugs Standard Control Organization, Ministry of Health and Family Welfare, Govt. of India Page 510 of 963
(3), Sub-section (i) shall be on voluntary basis for a period commencing on the day on which this notification shall come into force and ending on the 31st March, 2019 and thereafter shall be mandatory.]",
88,Carvedilol,SCHEDULE H,(See rules 65 and 97),G.S.R. 360(E),01-07-2024,,502-509,"Note: —1. Preparations exempted under proviso to para 2 of Note to Schedule X shall also be covered by this Schedule.
2. The salts, esters, derivatives and preparations containing the above substances excluding those intended for topical or external use (except ophthalmic and ear/nose preparations containing antibiotics and/or steroids) are also covered by this Schedule.
3. The inclusion of a substance in this Schedule does not imply or convey that the substance is exempted from the provisions of Rule 122A/122B.]
1122[4. The salts, esters, derivatives and preparations containing 1123[steroids or Hydroquinone] for topical or external use shall also be covered under this Schedule.
1124[5. Notwithstanding anything contained in these rules, the provisions of rule 65 and rule 97 in respect or drugs specified from serial number 538 to serial number 551 inserted vide Notification number G.S.R. 277(E), dated 23rd March, 2018 published in the Gazette of India, Extraordinary, Part II, Section
Central Drugs Standard Control Organization, Ministry of Health and Family Welfare, Govt. of India Page 510 of 963
(3), Sub-section (i) shall be on voluntary basis for a period commencing on the day on which this notification shall come into force and ending on the 31st March, 2019 and thereafter shall be mandatory.]",
89,Cefadroxyl,SCHEDULE H,(See rules 65 and 97),G.S.R. 360(E),01-07-2024,,502-509,"Note: —1. Preparations exempted under proviso to para 2 of Note to Schedule X shall also be covered by this Schedule.
2. The salts, esters, derivatives and preparations containing the above substances excluding those intended for topical or external use (except ophthalmic and ear/nose preparations containing antibiotics and/or steroids) are also covered by this Schedule.
3. The inclusion of a substance in this Schedule does not imply or convey that the substance is exempted from the provisions of Rule 122A/122B.]
1122[4. The salts, esters, derivatives and preparations containing 1123[steroids or Hydroquinone] for topical or external use shall also be covered under this Schedule.
1124[5. Notwithstanding anything contained in these rules, the provisions of rule 65 and rule 97 in respect or drugs specified from serial number 538 to serial number 551 inserted vide Notification number G.S.R. 277(E), dated 23rd March, 2018 published in the Gazette of India, Extraordinary, Part II, Section
Central Drugs Standard Control Organization, Ministry of Health and Family Welfare, Govt. of India Page 510 of 963
(3), Sub-section (i) shall be on voluntary basis for a period commencing on the day on which this notification shall come into force and ending on the 31st March, 2019 and thereafter shall be mandatory.]",
90,Cefatoxime Sodium,SCHEDULE H,(See rules 65 and 97),G.S.R. 360(E),01-07-2024,,502-509,"Note: —1. Preparations exempted under proviso to para 2 of Note to Schedule X shall also be covered by this Schedule.
2. The salts, esters, derivatives and preparations containing the above substances excluding those intended for topical or external use (except ophthalmic and ear/nose preparations containing antibiotics and/or steroids) are also covered by this Schedule.
3. The inclusion of a substance in this Schedule does not imply or convey that the substance is exempted from the provisions of Rule 122A/122B.]
1122[4. The salts, esters, derivatives and preparations containing 1123[steroids or Hydroquinone] for topical or external use shall also be covered under this Schedule.
1124[5. Notwithstanding anything contained in these rules, the provisions of rule 65 and rule 97 in respect or drugs specified from serial number 538 to serial number 551 inserted vide Notification number G.S.R. 277(E), dated 23rd March, 2018 published in the Gazette of India, Extraordinary, Part II, Section
Central Drugs Standard Control Organization, Ministry of Health and Family Welfare, Govt. of India Page 510 of 963
(3), Sub-section (i) shall be on voluntary basis for a period commencing on the day on which this notification shall come into force and ending on the 31st March, 2019 and thereafter shall be mandatory.]",
91,Cefazolin Sodium,SCHEDULE H,(See rules 65 and 97),G.S.R. 360(E),01-07-2024,,502-509,"Note: —1. Preparations exempted under proviso to para 2 of Note to Schedule X shall also be covered by this Schedule.
2. The salts, esters, derivatives and preparations containing the above substances excluding those intended for topical or external use (except ophthalmic and ear/nose preparations containing antibiotics and/or steroids) are also covered by this Schedule.
3. The inclusion of a substance in this Schedule does not imply or convey that the substance is exempted from the provisions of Rule 122A/122B.]
1122[4. The salts, esters, derivatives and preparations containing 1123[steroids or Hydroquinone] for topical or external use shall also be covered under this Schedule.
1124[5. Notwithstanding anything contained in these rules, the provisions of rule 65 and rule 97 in respect or drugs specified from serial number 538 to serial number 551 inserted vide Notification number G.S.R. 277(E), dated 23rd March, 2018 published in the Gazette of India, Extraordinary, Part II, Section
Central Drugs Standard Control Organization, Ministry of Health and Family Welfare, Govt. of India Page 510 of 963
(3), Sub-section (i) shall be on voluntary basis for a period commencing on the day on which this notification shall come into force and ending on the 31st March, 2019 and thereafter shall be mandatory.]",
92,1110[****],SCHEDULE H,(See rules 65 and 97),G.S.R. 360(E),01-07-2024,,502-509,"Note: —1. Preparations exempted under proviso to para 2 of Note to Schedule X shall also be covered by this Schedule.
2. The salts, esters, derivatives and preparations containing the above substances excluding those intended for topical or external use (except ophthalmic and ear/nose preparations containing antibiotics and/or steroids) are also covered by this Schedule.
3. The inclusion of a substance in this Schedule does not imply or convey that the substance is exempted from the provisions of Rule 122A/122B.]
1122[4. The salts, esters, derivatives and preparations containing 1123[steroids or Hydroquinone] for topical or external use shall also be covered under this Schedule.
1124[5. Notwithstanding anything contained in these rules, the provisions of rule 65 and rule 97 in respect or drugs specified from serial number 538 to serial number 551 inserted vide Notification number G.S.R. 277(E), dated 23rd March, 2018 published in the Gazette of India, Extraordinary, Part II, Section
Central Drugs Standard Control Organization, Ministry of Health and Family Welfare, Govt. of India Page 510 of 963
(3), Sub-section (i) shall be on voluntary basis for a period commencing on the day on which this notification shall come into force and ending on the 31st March, 2019 and thereafter shall be mandatory.]","Entries No. 92 to 98 (relating to Cefdinir, Cefepime Hydrochloride, Cefetamet Pivoxil, Cefpirome, Cefodoxime Proxetil, Ceftazidime Pentahydrate, Cefitzoxime Sodium) omitted by G.S.R. 588(E) dated 30th August, 2013 (w.e.f. 27-2-2014)."
93,1110[****],SCHEDULE H,(See rules 65 and 97),G.S.R. 360(E),01-07-2024,,502-509,"Note: —1. Preparations exempted under proviso to para 2 of Note to Schedule X shall also be covered by this Schedule.
2. The salts, esters, derivatives and preparations containing the above substances excluding those intended for topical or external use (except ophthalmic and ear/nose preparations containing antibiotics and/or steroids) are also covered by this Schedule.
3. The inclusion of a substance in this Schedule does not imply or convey that the substance is exempted from the provisions of Rule 122A/122B.]
1122[4. The salts, esters, derivatives and preparations containing 1123[steroids or Hydroquinone] for topical or external use shall also be covered under this Schedule.
1124[5. Notwithstanding anything contained in these rules, the provisions of rule 65 and rule 97 in respect or drugs specified from serial number 538 to serial number 551 inserted vide Notification number G.S.R. 277(E), dated 23rd March, 2018 published in the Gazette of India, Extraordinary, Part II, Section
Central Drugs Standard Control Organization, Ministry of Health and Family Welfare, Govt. of India Page 510 of 963
(3), Sub-section (i) shall be on voluntary basis for a period commencing on the day on which this notification shall come into force and ending on the 31st March, 2019 and thereafter shall be mandatory.]","Entries No. 92 to 98 (relating to Cefdinir, Cefepime Hydrochloride, Cefetamet Pivoxil, Cefpirome, Cefodoxime Proxetil, Ceftazidime Pentahydrate, Cefitzoxime Sodium) omitted by G.S.R. 588(E) dated 30th August, 2013 (w.e.f. 27-2-2014)."
94,1110[****],SCHEDULE H,(See rules 65 and 97),G.S.R. 360(E),01-07-2024,,502-509,"Note: —1. Preparations exempted under proviso to para 2 of Note to Schedule X shall also be covered by this Schedule.
2. The salts, esters, derivatives and preparations containing the above substances excluding those intended for topical or external use (except ophthalmic and ear/nose preparations containing antibiotics and/or steroids) are also covered by this Schedule.
3. The inclusion of a substance in this Schedule does not imply or convey that the substance is exempted from the provisions of Rule 122A/122B.]
1122[4. The salts, esters, derivatives and preparations containing 1123[steroids or Hydroquinone] for topical or external use shall also be covered under this Schedule.
1124[5. Notwithstanding anything contained in these rules, the provisions of rule 65 and rule 97 in respect or drugs specified from serial number 538 to serial number 551 inserted vide Notification number G.S.R. 277(E), dated 23rd March, 2018 published in the Gazette of India, Extraordinary, Part II, Section
Central Drugs Standard Control Organization, Ministry of Health and Family Welfare, Govt. of India Page 510 of 963
(3), Sub-section (i) shall be on voluntary basis for a period commencing on the day on which this notification shall come into force and ending on the 31st March, 2019 and thereafter shall be mandatory.]","Entries No. 92 to 98 (relating to Cefdinir, Cefepime Hydrochloride, Cefetamet Pivoxil, Cefpirome, Cefodoxime Proxetil, Ceftazidime Pentahydrate, Cefitzoxime Sodium) omitted by G.S.R. 588(E) dated 30th August, 2013 (w.e.f. 27-2-2014)."
95,1110[****],SCHEDULE H,(See rules 65 and 97),G.S.R. 360(E),01-07-2024,,502-509,"Note: —1. Preparations exempted under proviso to para 2 of Note to Schedule X shall also be covered by this Schedule.
2. The salts, esters, derivatives and preparations containing the above substances excluding those intended for topical or external use (except ophthalmic and ear/nose preparations containing antibiotics and/or steroids) are also covered by this Schedule.
3. The inclusion of a substance in this Schedule does not imply or convey that the substance is exempted from the provisions of Rule 122A/122B.]
1122[4. The salts, esters, derivatives and preparations containing 1123[steroids or Hydroquinone] for topical or external use shall also be covered under this Schedule.
1124[5. Notwithstanding anything contained in these rules, the provisions of rule 65 and rule 97 in respect or drugs specified from serial number 538 to serial number 551 inserted vide Notification number G.S.R. 277(E), dated 23rd March, 2018 published in the Gazette of India, Extraordinary, Part II, Section
Central Drugs Standard Control Organization, Ministry of Health and Family Welfare, Govt. of India Page 510 of 963
(3), Sub-section (i) shall be on voluntary basis for a period commencing on the day on which this notification shall come into force and ending on the 31st March, 2019 and thereafter shall be mandatory.]","Entries No. 92 to 98 (relating to Cefdinir, Cefepime Hydrochloride, Cefetamet Pivoxil, Cefpirome, Cefodoxime Proxetil, Ceftazidime Pentahydrate, Cefitzoxime Sodium) omitted by G.S.R. 588(E) dated 30th August, 2013 (w.e.f. 27-2-2014)."
96,1110[****],SCHEDULE H,(See rules 65 and 97),G.S.R. 360(E),01-07-2024,,502-509,"Note: —1. Preparations exempted under proviso to para 2 of Note to Schedule X shall also be covered by this Schedule.
2. The salts, esters, derivatives and preparations containing the above substances excluding those intended for topical or external use (except ophthalmic and ear/nose preparations containing antibiotics and/or steroids) are also covered by this Schedule.
3. The inclusion of a substance in this Schedule does not imply or convey that the substance is exempted from the provisions of Rule 122A/122B.]
1122[4. The salts, esters, derivatives and preparations containing 1123[steroids or Hydroquinone] for topical or external use shall also be covered under this Schedule.
1124[5. Notwithstanding anything contained in these rules, the provisions of rule 65 and rule 97 in respect or drugs specified from serial number 538 to serial number 551 inserted vide Notification number G.S.R. 277(E), dated 23rd March, 2018 published in the Gazette of India, Extraordinary, Part II, Section
Central Drugs Standard Control Organization, Ministry of Health and Family Welfare, Govt. of India Page 510 of 963
(3), Sub-section (i) shall be on voluntary basis for a period commencing on the day on which this notification shall come into force and ending on the 31st March, 2019 and thereafter shall be mandatory.]","Entries No. 92 to 98 (relating to Cefdinir, Cefepime Hydrochloride, Cefetamet Pivoxil, Cefpirome, Cefodoxime Proxetil, Ceftazidime Pentahydrate, Cefitzoxime Sodium) omitted by G.S.R. 588(E) dated 30th August, 2013 (w.e.f. 27-2-2014)."
97,1110[****],SCHEDULE H,(See rules 65 and 97),G.S.R. 360(E),01-07-2024,,502-509,"Note: —1. Preparations exempted under proviso to para 2 of Note to Schedule X shall also be covered by this Schedule.
2. The salts, esters, derivatives and preparations containing the above substances excluding those intended for topical or external use (except ophthalmic and ear/nose preparations containing antibiotics and/or steroids) are also covered by this Schedule.
3. The inclusion of a substance in this Schedule does not imply or convey that the substance is exempted from the provisions of Rule 122A/122B.]
1122[4. The salts, esters, derivatives and preparations containing 1123[steroids or Hydroquinone] for topical or external use shall also be covered under this Schedule.
1124[5. Notwithstanding anything contained in these rules, the provisions of rule 65 and rule 97 in respect or drugs specified from serial number 538 to serial number 551 inserted vide Notification number G.S.R. 277(E), dated 23rd March, 2018 published in the Gazette of India, Extraordinary, Part II, Section
Central Drugs Standard Control Organization, Ministry of Health and Family Welfare, Govt. of India Page 510 of 963
(3), Sub-section (i) shall be on voluntary basis for a period commencing on the day on which this notification shall come into force and ending on the 31st March, 2019 and thereafter shall be mandatory.]","Entries No. 92 to 98 (relating to Cefdinir, Cefepime Hydrochloride, Cefetamet Pivoxil, Cefpirome, Cefodoxime Proxetil, Ceftazidime Pentahydrate, Cefitzoxime Sodium) omitted by G.S.R. 588(E) dated 30th August, 2013 (w.e.f. 27-2-2014)."
98,1110[****],SCHEDULE H,(See rules 65 and 97),G.S.R. 360(E),01-07-2024,,502-509,"Note: —1. Preparations exempted under proviso to para 2 of Note to Schedule X shall also be covered by this Schedule.
2. The salts, esters, derivatives and preparations containing the above substances excluding those intended for topical or external use (except ophthalmic and ear/nose preparations containing antibiotics and/or steroids) are also covered by this Schedule.
3. The inclusion of a substance in this Schedule does not imply or convey that the substance is exempted from the provisions of Rule 122A/122B.]
1122[4. The salts, esters, derivatives and preparations containing 1123[steroids or Hydroquinone] for topical or external use shall also be covered under this Schedule.
1124[5. Notwithstanding anything contained in these rules, the provisions of rule 65 and rule 97 in respect or drugs specified from serial number 538 to serial number 551 inserted vide Notification number G.S.R. 277(E), dated 23rd March, 2018 published in the Gazette of India, Extraordinary, Part II, Section
Central Drugs Standard Control Organization, Ministry of Health and Family Welfare, Govt. of India Page 510 of 963
(3), Sub-section (i) shall be on voluntary basis for a period commencing on the day on which this notification shall come into force and ending on the 31st March, 2019 and thereafter shall be mandatory.]","Entries No. 92 to 98 (relating to Cefdinir, Cefepime Hydrochloride, Cefetamet Pivoxil, Cefpirome, Cefodoxime Proxetil, Ceftazidime Pentahydrate, Cefitzoxime Sodium) omitted by G.S.R. 588(E) dated 30th August, 2013 (w.e.f. 27-2-2014)."
99,Cefuroxime,SCHEDULE H,(See rules 65 and 97),G.S.R. 360(E),01-07-2024,,502-509,"Note: —1. Preparations exempted under proviso to para 2 of Note to Schedule X shall also be covered by this Schedule.
2. The salts, esters, derivatives and preparations containing the above substances excluding those intended for topical or external use (except ophthalmic and ear/nose preparations containing antibiotics and/or steroids) are also covered by this Schedule.
3. The inclusion of a substance in this Schedule does not imply or convey that the substance is exempted from the provisions of Rule 122A/122B.]
1122[4. The salts, esters, derivatives and preparations containing 1123[steroids or Hydroquinone] for topical or external use shall also be covered under this Schedule.
1124[5. Notwithstanding anything contained in these rules, the provisions of rule 65 and rule 97 in respect or drugs specified from serial number 538 to serial number 551 inserted vide Notification number G.S.R. 277(E), dated 23rd March, 2018 published in the Gazette of India, Extraordinary, Part II, Section
Central Drugs Standard Control Organization, Ministry of Health and Family Welfare, Govt. of India Page 510 of 963
(3), Sub-section (i) shall be on voluntary basis for a period commencing on the day on which this notification shall come into force and ending on the 31st March, 2019 and thereafter shall be mandatory.]",
100,Celecoxib,SCHEDULE H,(See rules 65 and 97),G.S.R. 360(E),01-07-2024,,502-509,"Note: —1. Preparations exempted under proviso to para 2 of Note to Schedule X shall also be covered by this Schedule.
2. The salts, esters, derivatives and preparations containing the above substances excluding those intended for topical or external use (except ophthalmic and ear/nose preparations containing antibiotics and/or steroids) are also covered by this Schedule.
3. The inclusion of a substance in this Schedule does not imply or convey that the substance is exempted from the provisions of Rule 122A/122B.]
1122[4. The salts, esters, derivatives and preparations containing 1123[steroids or Hydroquinone] for topical or external use shall also be covered under this Schedule.
1124[5. Notwithstanding anything contained in these rules, the provisions of rule 65 and rule 97 in respect or drugs specified from serial number 538 to serial number 551 inserted vide Notification number G.S.R. 277(E), dated 23rd March, 2018 published in the Gazette of India, Extraordinary, Part II, Section
Central Drugs Standard Control Organization, Ministry of Health and Family Welfare, Govt. of India Page 510 of 963
(3), Sub-section (i) shall be on voluntary basis for a period commencing on the day on which this notification shall come into force and ending on the 31st March, 2019 and thereafter shall be mandatory.]",
101,Centchroman,SCHEDULE H,(See rules 65 and 97),G.S.R. 360(E),01-07-2024,,502-509,"Note: —1. Preparations exempted under proviso to para 2 of Note to Schedule X shall also be covered by this Schedule.
2. The salts, esters, derivatives and preparations containing the above substances excluding those intended for topical or external use (except ophthalmic and ear/nose preparations containing antibiotics and/or steroids) are also covered by this Schedule.
3. The inclusion of a substance in this Schedule does not imply or convey that the substance is exempted from the provisions of Rule 122A/122B.]
1122[4. The salts, esters, derivatives and preparations containing 1123[steroids or Hydroquinone] for topical or external use shall also be covered under this Schedule.
1124[5. Notwithstanding anything contained in these rules, the provisions of rule 65 and rule 97 in respect or drugs specified from serial number 538 to serial number 551 inserted vide Notification number G.S.R. 277(E), dated 23rd March, 2018 published in the Gazette of India, Extraordinary, Part II, Section
Central Drugs Standard Control Organization, Ministry of Health and Family Welfare, Govt. of India Page 510 of 963
(3), Sub-section (i) shall be on voluntary basis for a period commencing on the day on which this notification shall come into force and ending on the 31st March, 2019 and thereafter shall be mandatory.]",
102,Centbutindole,SCHEDULE H,(See rules 65 and 97),G.S.R. 360(E),01-07-2024,,502-509,"Note: —1. Preparations exempted under proviso to para 2 of Note to Schedule X shall also be covered by this Schedule.
2. The salts, esters, derivatives and preparations containing the above substances excluding those intended for topical or external use (except ophthalmic and ear/nose preparations containing antibiotics and/or steroids) are also covered by this Schedule.
3. The inclusion of a substance in this Schedule does not imply or convey that the substance is exempted from the provisions of Rule 122A/122B.]
1122[4. The salts, esters, derivatives and preparations containing 1123[steroids or Hydroquinone] for topical or external use shall also be covered under this Schedule.
1124[5. Notwithstanding anything contained in these rules, the provisions of rule 65 and rule 97 in respect or drugs specified from serial number 538 to serial number 551 inserted vide Notification number G.S.R. 277(E), dated 23rd March, 2018 published in the Gazette of India, Extraordinary, Part II, Section
Central Drugs Standard Control Organization, Ministry of Health and Family Welfare, Govt. of India Page 510 of 963
(3), Sub-section (i) shall be on voluntary basis for a period commencing on the day on which this notification shall come into force and ending on the 31st March, 2019 and thereafter shall be mandatory.]",
103,Centpropazine,SCHEDULE H,(See rules 65 and 97),G.S.R. 360(E),01-07-2024,,502-509,"Note: —1. Preparations exempted under proviso to para 2 of Note to Schedule X shall also be covered by this Schedule.
2. The salts, esters, derivatives and preparations containing the above substances excluding those intended for topical or external use (except ophthalmic and ear/nose preparations containing antibiotics and/or steroids) are also covered by this Schedule.
3. The inclusion of a substance in this Schedule does not imply or convey that the substance is exempted from the provisions of Rule 122A/122B.]
1122[4. The salts, esters, derivatives and preparations containing 1123[steroids or Hydroquinone] for topical or external use shall also be covered under this Schedule.
1124[5. Notwithstanding anything contained in these rules, the provisions of rule 65 and rule 97 in respect or drugs specified from serial number 538 to serial number 551 inserted vide Notification number G.S.R. 277(E), dated 23rd March, 2018 published in the Gazette of India, Extraordinary, Part II, Section
Central Drugs Standard Control Organization, Ministry of Health and Family Welfare, Govt. of India Page 510 of 963
(3), Sub-section (i) shall be on voluntary basis for a period commencing on the day on which this notification shall come into force and ending on the 31st March, 2019 and thereafter shall be mandatory.]",
104,Cetirizine Hydrochloride,SCHEDULE H,(See rules 65 and 97),G.S.R. 360(E),01-07-2024,,502-509,"Note: —1. Preparations exempted under proviso to para 2 of Note to Schedule X shall also be covered by this Schedule.
2. The salts, esters, derivatives and preparations containing the above substances excluding those intended for topical or external use (except ophthalmic and ear/nose preparations containing antibiotics and/or steroids) are also covered by this Schedule.
3. The inclusion of a substance in this Schedule does not imply or convey that the substance is exempted from the provisions of Rule 122A/122B.]
1122[4. The salts, esters, derivatives and preparations containing 1123[steroids or Hydroquinone] for topical or external use shall also be covered under this Schedule.
1124[5. Notwithstanding anything contained in these rules, the provisions of rule 65 and rule 97 in respect or drugs specified from serial number 538 to serial number 551 inserted vide Notification number G.S.R. 277(E), dated 23rd March, 2018 published in the Gazette of India, Extraordinary, Part II, Section
Central Drugs Standard Control Organization, Ministry of Health and Family Welfare, Govt. of India Page 510 of 963
(3), Sub-section (i) shall be on voluntary basis for a period commencing on the day on which this notification shall come into force and ending on the 31st March, 2019 and thereafter shall be mandatory.]",
105,1111[***],SCHEDULE H,(See rules 65 and 97),G.S.R. 360(E),01-07-2024,,502-509,"Note: —1. Preparations exempted under proviso to para 2 of Note to Schedule X shall also be covered by this Schedule.
2. The salts, esters, derivatives and preparations containing the above substances excluding those intended for topical or external use (except ophthalmic and ear/nose preparations containing antibiotics and/or steroids) are also covered by this Schedule.
3. The inclusion of a substance in this Schedule does not imply or convey that the substance is exempted from the provisions of Rule 122A/122B.]
1122[4. The salts, esters, derivatives and preparations containing 1123[steroids or Hydroquinone] for topical or external use shall also be covered under this Schedule.
1124[5. Notwithstanding anything contained in these rules, the provisions of rule 65 and rule 97 in respect or drugs specified from serial number 538 to serial number 551 inserted vide Notification number G.S.R. 277(E), dated 23rd March, 2018 published in the Gazette of India, Extraordinary, Part II, Section
Central Drugs Standard Control Organization, Ministry of Health and Family Welfare, Govt. of India Page 510 of 963
(3), Sub-section (i) shall be on voluntary basis for a period commencing on the day on which this notification shall come into force and ending on the 31st March, 2019 and thereafter shall be mandatory.]","Entries No. 105 and 147 (relating to Chlordiazepoxide and Diazepam) omitted by G.S.R. 588(E) dated 30th August, 2013 (w.e.f. 27-2-2014)."
106,Chlormezanone,SCHEDULE H,(See rules 65 and 97),G.S.R. 360(E),01-07-2024,,502-509,"Note: —1. Preparations exempted under proviso to para 2 of Note to Schedule X shall also be covered by this Schedule.
2. The salts, esters, derivatives and preparations containing the above substances excluding those intended for topical or external use (except ophthalmic and ear/nose preparations containing antibiotics and/or steroids) are also covered by this Schedule.
3. The inclusion of a substance in this Schedule does not imply or convey that the substance is exempted from the provisions of Rule 122A/122B.]
1122[4. The salts, esters, derivatives and preparations containing 1123[steroids or Hydroquinone] for topical or external use shall also be covered under this Schedule.
1124[5. Notwithstanding anything contained in these rules, the provisions of rule 65 and rule 97 in respect or drugs specified from serial number 538 to serial number 551 inserted vide Notification number G.S.R. 277(E), dated 23rd March, 2018 published in the Gazette of India, Extraordinary, Part II, Section
Central Drugs Standard Control Organization, Ministry of Health and Family Welfare, Govt. of India Page 510 of 963
(3), Sub-section (i) shall be on voluntary basis for a period commencing on the day on which this notification shall come into force and ending on the 31st March, 2019 and thereafter shall be mandatory.]",
107,1112[***],SCHEDULE H,(See rules 65 and 97),G.S.R. 360(E),01-07-2024,,502-509,"Note: —1. Preparations exempted under proviso to para 2 of Note to Schedule X shall also be covered by this Schedule.
2. The salts, esters, derivatives and preparations containing the above substances excluding those intended for topical or external use (except ophthalmic and ear/nose preparations containing antibiotics and/or steroids) are also covered by this Schedule.
3. The inclusion of a substance in this Schedule does not imply or convey that the substance is exempted from the provisions of Rule 122A/122B.]
1122[4. The salts, esters, derivatives and preparations containing 1123[steroids or Hydroquinone] for topical or external use shall also be covered under this Schedule.
1124[5. Notwithstanding anything contained in these rules, the provisions of rule 65 and rule 97 in respect or drugs specified from serial number 538 to serial number 551 inserted vide Notification number G.S.R. 277(E), dated 23rd March, 2018 published in the Gazette of India, Extraordinary, Part II, Section
Central Drugs Standard Control Organization, Ministry of Health and Family Welfare, Govt. of India Page 510 of 963
(3), Sub-section (i) shall be on voluntary basis for a period commencing on the day on which this notification shall come into force and ending on the 31st March, 2019 and thereafter shall be mandatory.]","Entries No. 107 (relating to Chlorpheniramine Maleate) and 145 (relating to Dextromethorphan Hydrobromide) omitted by G.S.R. 602(E) dated 19th July, 2010 (w.e.f. 19-7-2010)."
108,Chlorpromazine,SCHEDULE H,(See rules 65 and 97),G.S.R. 360(E),01-07-2024,,502-509,"Note: —1. Preparations exempted under proviso to para 2 of Note to Schedule X shall also be covered by this Schedule.
2. The salts, esters, derivatives and preparations containing the above substances excluding those intended for topical or external use (except ophthalmic and ear/nose preparations containing antibiotics and/or steroids) are also covered by this Schedule.
3. The inclusion of a substance in this Schedule does not imply or convey that the substance is exempted from the provisions of Rule 122A/122B.]
1122[4. The salts, esters, derivatives and preparations containing 1123[steroids or Hydroquinone] for topical or external use shall also be covered under this Schedule.
1124[5. Notwithstanding anything contained in these rules, the provisions of rule 65 and rule 97 in respect or drugs specified from serial number 538 to serial number 551 inserted vide Notification number G.S.R. 277(E), dated 23rd March, 2018 published in the Gazette of India, Extraordinary, Part II, Section
Central Drugs Standard Control Organization, Ministry of Health and Family Welfare, Govt. of India Page 510 of 963
(3), Sub-section (i) shall be on voluntary basis for a period commencing on the day on which this notification shall come into force and ending on the 31st March, 2019 and thereafter shall be mandatory.]",
109,Chlorzoxazone,SCHEDULE H,(See rules 65 and 97),G.S.R. 360(E),01-07-2024,,502-509,"Note: —1. Preparations exempted under proviso to para 2 of Note to Schedule X shall also be covered by this Schedule.
2. The salts, esters, derivatives and preparations containing the above substances excluding those intended for topical or external use (except ophthalmic and ear/nose preparations containing antibiotics and/or steroids) are also covered by this Schedule.
3. The inclusion of a substance in this Schedule does not imply or convey that the substance is exempted from the provisions of Rule 122A/122B.]
1122[4. The salts, esters, derivatives and preparations containing 1123[steroids or Hydroquinone] for topical or external use shall also be covered under this Schedule.
1124[5. Notwithstanding anything contained in these rules, the provisions of rule 65 and rule 97 in respect or drugs specified from serial number 538 to serial number 551 inserted vide Notification number G.S.R. 277(E), dated 23rd March, 2018 published in the Gazette of India, Extraordinary, Part II, Section
Central Drugs Standard Control Organization, Ministry of Health and Family Welfare, Govt. of India Page 510 of 963
(3), Sub-section (i) shall be on voluntary basis for a period commencing on the day on which this notification shall come into force and ending on the 31st March, 2019 and thereafter shall be mandatory.]",
110,Ciclopirox Olamine,SCHEDULE H,(See rules 65 and 97),G.S.R. 360(E),01-07-2024,,502-509,"Note: —1. Preparations exempted under proviso to para 2 of Note to Schedule X shall also be covered by this Schedule.
2. The salts, esters, derivatives and preparations containing the above substances excluding those intended for topical or external use (except ophthalmic and ear/nose preparations containing antibiotics and/or steroids) are also covered by this Schedule.
3. The inclusion of a substance in this Schedule does not imply or convey that the substance is exempted from the provisions of Rule 122A/122B.]
1122[4. The salts, esters, derivatives and preparations containing 1123[steroids or Hydroquinone] for topical or external use shall also be covered under this Schedule.
1124[5. Notwithstanding anything contained in these rules, the provisions of rule 65 and rule 97 in respect or drugs specified from serial number 538 to serial number 551 inserted vide Notification number G.S.R. 277(E), dated 23rd March, 2018 published in the Gazette of India, Extraordinary, Part II, Section
Central Drugs Standard Control Organization, Ministry of Health and Family Welfare, Govt. of India Page 510 of 963
(3), Sub-section (i) shall be on voluntary basis for a period commencing on the day on which this notification shall come into force and ending on the 31st March, 2019 and thereafter shall be mandatory.]",
111,Cimetidine,SCHEDULE H,(See rules 65 and 97),G.S.R. 360(E),01-07-2024,,502-509,"Note: —1. Preparations exempted under proviso to para 2 of Note to Schedule X shall also be covered by this Schedule.
2. The salts, esters, derivatives and preparations containing the above substances excluding those intended for topical or external use (except ophthalmic and ear/nose preparations containing antibiotics and/or steroids) are also covered by this Schedule.
3. The inclusion of a substance in this Schedule does not imply or convey that the substance is exempted from the provisions of Rule 122A/122B.]
1122[4. The salts, esters, derivatives and preparations containing 1123[steroids or Hydroquinone] for topical or external use shall also be covered under this Schedule.
1124[5. Notwithstanding anything contained in these rules, the provisions of rule 65 and rule 97 in respect or drugs specified from serial number 538 to serial number 551 inserted vide Notification number G.S.R. 277(E), dated 23rd March, 2018 published in the Gazette of India, Extraordinary, Part II, Section
Central Drugs Standard Control Organization, Ministry of Health and Family Welfare, Govt. of India Page 510 of 963
(3), Sub-section (i) shall be on voluntary basis for a period commencing on the day on which this notification shall come into force and ending on the 31st March, 2019 and thereafter shall be mandatory.]",
112,Cinnarizine,SCHEDULE H,(See rules 65 and 97),G.S.R. 360(E),01-07-2024,,502-509,"Note: —1. Preparations exempted under proviso to para 2 of Note to Schedule X shall also be covered by this Schedule.
2. The salts, esters, derivatives and preparations containing the above substances excluding those intended for topical or external use (except ophthalmic and ear/nose preparations containing antibiotics and/or steroids) are also covered by this Schedule.
3. The inclusion of a substance in this Schedule does not imply or convey that the substance is exempted from the provisions of Rule 122A/122B.]
1122[4. The salts, esters, derivatives and preparations containing 1123[steroids or Hydroquinone] for topical or external use shall also be covered under this Schedule.
1124[5. Notwithstanding anything contained in these rules, the provisions of rule 65 and rule 97 in respect or drugs specified from serial number 538 to serial number 551 inserted vide Notification number G.S.R. 277(E), dated 23rd March, 2018 published in the Gazette of India, Extraordinary, Part II, Section
Central Drugs Standard Control Organization, Ministry of Health and Family Welfare, Govt. of India Page 510 of 963
(3), Sub-section (i) shall be on voluntary basis for a period commencing on the day on which this notification shall come into force and ending on the 31st March, 2019 and thereafter shall be mandatory.]",
113,Ciprofloxacin Hydrochloride Monohydrate / Lactate,SCHEDULE H,(See rules 65 and 97),G.S.R. 360(E),01-07-2024,,502-509,"Note: —1. Preparations exempted under proviso to para 2 of Note to Schedule X shall also be covered by this Schedule.
2. The salts, esters, derivatives and preparations containing the above substances excluding those intended for topical or external use (except ophthalmic and ear/nose preparations containing antibiotics and/or steroids) are also covered by this Schedule.
3. The inclusion of a substance in this Schedule does not imply or convey that the substance is exempted from the provisions of Rule 122A/122B.]
1122[4. The salts, esters, derivatives and preparations containing 1123[steroids or Hydroquinone] for topical or external use shall also be covered under this Schedule.
1124[5. Notwithstanding anything contained in these rules, the provisions of rule 65 and rule 97 in respect or drugs specified from serial number 538 to serial number 551 inserted vide Notification number G.S.R. 277(E), dated 23rd March, 2018 published in the Gazette of India, Extraordinary, Part II, Section
Central Drugs Standard Control Organization, Ministry of Health and Family Welfare, Govt. of India Page 510 of 963
(3), Sub-section (i) shall be on voluntary basis for a period commencing on the day on which this notification shall come into force and ending on the 31st March, 2019 and thereafter shall be mandatory.]",
114,Cisplatin,SCHEDULE H,(See rules 65 and 97),G.S.R. 360(E),01-07-2024,,502-509,"Note: —1. Preparations exempted under proviso to para 2 of Note to Schedule X shall also be covered by this Schedule.
2. The salts, esters, derivatives and preparations containing the above substances excluding those intended for topical or external use (except ophthalmic and ear/nose preparations containing antibiotics and/or steroids) are also covered by this Schedule.
3. The inclusion of a substance in this Schedule does not imply or convey that the substance is exempted from the provisions of Rule 122A/122B.]
1122[4. The salts, esters, derivatives and preparations containing 1123[steroids or Hydroquinone] for topical or external use shall also be covered under this Schedule.
1124[5. Notwithstanding anything contained in these rules, the provisions of rule 65 and rule 97 in respect or drugs specified from serial number 538 to serial number 551 inserted vide Notification number G.S.R. 277(E), dated 23rd March, 2018 published in the Gazette of India, Extraordinary, Part II, Section
Central Drugs Standard Control Organization, Ministry of Health and Family Welfare, Govt. of India Page 510 of 963
(3), Sub-section (i) shall be on voluntary basis for a period commencing on the day on which this notification shall come into force and ending on the 31st March, 2019 and thereafter shall be mandatory.]",
115,Citalopram Hydrobromide,SCHEDULE H,(See rules 65 and 97),G.S.R. 360(E),01-07-2024,,502-509,"Note: —1. Preparations exempted under proviso to para 2 of Note to Schedule X shall also be covered by this Schedule.
2. The salts, esters, derivatives and preparations containing the above substances excluding those intended for topical or external use (except ophthalmic and ear/nose preparations containing antibiotics and/or steroids) are also covered by this Schedule.
3. The inclusion of a substance in this Schedule does not imply or convey that the substance is exempted from the provisions of Rule 122A/122B.]
1122[4. The salts, esters, derivatives and preparations containing 1123[steroids or Hydroquinone] for topical or external use shall also be covered under this Schedule.
1124[5. Notwithstanding anything contained in these rules, the provisions of rule 65 and rule 97 in respect or drugs specified from serial number 538 to serial number 551 inserted vide Notification number G.S.R. 277(E), dated 23rd March, 2018 published in the Gazette of India, Extraordinary, Part II, Section
Central Drugs Standard Control Organization, Ministry of Health and Family Welfare, Govt. of India Page 510 of 963
(3), Sub-section (i) shall be on voluntary basis for a period commencing on the day on which this notification shall come into force and ending on the 31st March, 2019 and thereafter shall be mandatory.]",
116,Clarithromycin,SCHEDULE H,(See rules 65 and 97),G.S.R. 360(E),01-07-2024,,502-509,"Note: —1. Preparations exempted under proviso to para 2 of Note to Schedule X shall also be covered by this Schedule.
2. The salts, esters, derivatives and preparations containing the above substances excluding those intended for topical or external use (except ophthalmic and ear/nose preparations containing antibiotics and/or steroids) are also covered by this Schedule.
3. The inclusion of a substance in this Schedule does not imply or convey that the substance is exempted from the provisions of Rule 122A/122B.]
1122[4. The salts, esters, derivatives and preparations containing 1123[steroids or Hydroquinone] for topical or external use shall also be covered under this Schedule.
1124[5. Notwithstanding anything contained in these rules, the provisions of rule 65 and rule 97 in respect or drugs specified from serial number 538 to serial number 551 inserted vide Notification number G.S.R. 277(E), dated 23rd March, 2018 published in the Gazette of India, Extraordinary, Part II, Section
Central Drugs Standard Control Organization, Ministry of Health and Family Welfare, Govt. of India Page 510 of 963
(3), Sub-section (i) shall be on voluntary basis for a period commencing on the day on which this notification shall come into force and ending on the 31st March, 2019 and thereafter shall be mandatory.]",
117,Clavulanic Acid,SCHEDULE H,(See rules 65 and 97),G.S.R. 360(E),01-07-2024,,502-509,"Note: —1. Preparations exempted under proviso to para 2 of Note to Schedule X shall also be covered by this Schedule.
2. The salts, esters, derivatives and preparations containing the above substances excluding those intended for topical or external use (except ophthalmic and ear/nose preparations containing antibiotics and/or steroids) are also covered by this Schedule.
3. The inclusion of a substance in this Schedule does not imply or convey that the substance is exempted from the provisions of Rule 122A/122B.]
1122[4. The salts, esters, derivatives and preparations containing 1123[steroids or Hydroquinone] for topical or external use shall also be covered under this Schedule.
1124[5. Notwithstanding anything contained in these rules, the provisions of rule 65 and rule 97 in respect or drugs specified from serial number 538 to serial number 551 inserted vide Notification number G.S.R. 277(E), dated 23rd March, 2018 published in the Gazette of India, Extraordinary, Part II, Section
Central Drugs Standard Control Organization, Ministry of Health and Family Welfare, Govt. of India Page 510 of 963
(3), Sub-section (i) shall be on voluntary basis for a period commencing on the day on which this notification shall come into force and ending on the 31st March, 2019 and thereafter shall be mandatory.]",
118,Clidinium Bromide,SCHEDULE H,(See rules 65 and 97),G.S.R. 360(E),01-07-2024,,502-509,"Note: —1. Preparations exempted under proviso to para 2 of Note to Schedule X shall also be covered by this Schedule.
2. The salts, esters, derivatives and preparations containing the above substances excluding those intended for topical or external use (except ophthalmic and ear/nose preparations containing antibiotics and/or steroids) are also covered by this Schedule.
3. The inclusion of a substance in this Schedule does not imply or convey that the substance is exempted from the provisions of Rule 122A/122B.]
1122[4. The salts, esters, derivatives and preparations containing 1123[steroids or Hydroquinone] for topical or external use shall also be covered under this Schedule.
1124[5. Notwithstanding anything contained in these rules, the provisions of rule 65 and rule 97 in respect or drugs specified from serial number 538 to serial number 551 inserted vide Notification number G.S.R. 277(E), dated 23rd March, 2018 published in the Gazette of India, Extraordinary, Part II, Section
Central Drugs Standard Control Organization, Ministry of Health and Family Welfare, Govt. of India Page 510 of 963
(3), Sub-section (i) shall be on voluntary basis for a period commencing on the day on which this notification shall come into force and ending on the 31st March, 2019 and thereafter shall be mandatory.]",
119,Clindamycin,SCHEDULE H,(See rules 65 and 97),G.S.R. 360(E),01-07-2024,,502-509,"Note: —1. Preparations exempted under proviso to para 2 of Note to Schedule X shall also be covered by this Schedule.
2. The salts, esters, derivatives and preparations containing the above substances excluding those intended for topical or external use (except ophthalmic and ear/nose preparations containing antibiotics and/or steroids) are also covered by this Schedule.
3. The inclusion of a substance in this Schedule does not imply or convey that the substance is exempted from the provisions of Rule 122A/122B.]
1122[4. The salts, esters, derivatives and preparations containing 1123[steroids or Hydroquinone] for topical or external use shall also be covered under this Schedule.
1124[5. Notwithstanding anything contained in these rules, the provisions of rule 65 and rule 97 in respect or drugs specified from serial number 538 to serial number 551 inserted vide Notification number G.S.R. 277(E), dated 23rd March, 2018 published in the Gazette of India, Extraordinary, Part II, Section
Central Drugs Standard Control Organization, Ministry of Health and Family Welfare, Govt. of India Page 510 of 963
(3), Sub-section (i) shall be on voluntary basis for a period commencing on the day on which this notification shall come into force and ending on the 31st March, 2019 and thereafter shall be mandatory.]",
120,Clobazam,SCHEDULE H,(See rules 65 and 97),G.S.R. 360(E),01-07-2024,,502-509,"Note: —1. Preparations exempted under proviso to para 2 of Note to Schedule X shall also be covered by this Schedule.
2. The salts, esters, derivatives and preparations containing the above substances excluding those intended for topical or external use (except ophthalmic and ear/nose preparations containing antibiotics and/or steroids) are also covered by this Schedule.
3. The inclusion of a substance in this Schedule does not imply or convey that the substance is exempted from the provisions of Rule 122A/122B.]
1122[4. The salts, esters, derivatives and preparations containing 1123[steroids or Hydroquinone] for topical or external use shall also be covered under this Schedule.
1124[5. Notwithstanding anything contained in these rules, the provisions of rule 65 and rule 97 in respect or drugs specified from serial number 538 to serial number 551 inserted vide Notification number G.S.R. 277(E), dated 23rd March, 2018 published in the Gazette of India, Extraordinary, Part II, Section
Central Drugs Standard Control Organization, Ministry of Health and Family Welfare, Govt. of India Page 510 of 963
(3), Sub-section (i) shall be on voluntary basis for a period commencing on the day on which this notification shall come into force and ending on the 31st March, 2019 and thereafter shall be mandatory.]",
121,Clobetasol Propenate,SCHEDULE H,(See rules 65 and 97),G.S.R. 360(E),01-07-2024,,502-509,"Note: —1. Preparations exempted under proviso to para 2 of Note to Schedule X shall also be covered by this Schedule.
2. The salts, esters, derivatives and preparations containing the above substances excluding those intended for topical or external use (except ophthalmic and ear/nose preparations containing antibiotics and/or steroids) are also covered by this Schedule.
3. The inclusion of a substance in this Schedule does not imply or convey that the substance is exempted from the provisions of Rule 122A/122B.]
1122[4. The salts, esters, derivatives and preparations containing 1123[steroids or Hydroquinone] for topical or external use shall also be covered under this Schedule.
1124[5. Notwithstanding anything contained in these rules, the provisions of rule 65 and rule 97 in respect or drugs specified from serial number 538 to serial number 551 inserted vide Notification number G.S.R. 277(E), dated 23rd March, 2018 published in the Gazette of India, Extraordinary, Part II, Section
Central Drugs Standard Control Organization, Ministry of Health and Family Welfare, Govt. of India Page 510 of 963
(3), Sub-section (i) shall be on voluntary basis for a period commencing on the day on which this notification shall come into force and ending on the 31st March, 2019 and thereafter shall be mandatory.]",
122,Clobetasone 17-Butyrate,SCHEDULE H,(See rules 65 and 97),G.S.R. 360(E),01-07-2024,,502-509,"Note: —1. Preparations exempted under proviso to para 2 of Note to Schedule X shall also be covered by this Schedule.
2. The salts, esters, derivatives and preparations containing the above substances excluding those intended for topical or external use (except ophthalmic and ear/nose preparations containing antibiotics and/or steroids) are also covered by this Schedule.
3. The inclusion of a substance in this Schedule does not imply or convey that the substance is exempted from the provisions of Rule 122A/122B.]
1122[4. The salts, esters, derivatives and preparations containing 1123[steroids or Hydroquinone] for topical or external use shall also be covered under this Schedule.
1124[5. Notwithstanding anything contained in these rules, the provisions of rule 65 and rule 97 in respect or drugs specified from serial number 538 to serial number 551 inserted vide Notification number G.S.R. 277(E), dated 23rd March, 2018 published in the Gazette of India, Extraordinary, Part II, Section
Central Drugs Standard Control Organization, Ministry of Health and Family Welfare, Govt. of India Page 510 of 963
(3), Sub-section (i) shall be on voluntary basis for a period commencing on the day on which this notification shall come into force and ending on the 31st March, 2019 and thereafter shall be mandatory.]",
123,1113[***],SCHEDULE H,(See rules 65 and 97),G.S.R. 360(E),01-07-2024,,502-509,"Note: —1. Preparations exempted under proviso to para 2 of Note to Schedule X shall also be covered by this Schedule.
2. The salts, esters, derivatives and preparations containing the above substances excluding those intended for topical or external use (except ophthalmic and ear/nose preparations containing antibiotics and/or steroids) are also covered by this Schedule.
3. The inclusion of a substance in this Schedule does not imply or convey that the substance is exempted from the provisions of Rule 122A/122B.]
1122[4. The salts, esters, derivatives and preparations containing 1123[steroids or Hydroquinone] for topical or external use shall also be covered under this Schedule.
1124[5. Notwithstanding anything contained in these rules, the provisions of rule 65 and rule 97 in respect or drugs specified from serial number 538 to serial number 551 inserted vide Notification number G.S.R. 277(E), dated 23rd March, 2018 published in the Gazette of India, Extraordinary, Part II, Section
Central Drugs Standard Control Organization, Ministry of Health and Family Welfare, Govt. of India Page 510 of 963
(3), Sub-section (i) shall be on voluntary basis for a period commencing on the day on which this notification shall come into force and ending on the 31st March, 2019 and thereafter shall be mandatory.]","Entries No. 123 and 132 (relating to Clofazimine and Codeine) omitted by G.S.R. 588(E) dated 30th August, 2013 (w.e.f. 27-2-2014)."
124,Clofibrate,SCHEDULE H,(See rules 65 and 97),G.S.R. 360(E),01-07-2024,,502-509,"Note: —1. Preparations exempted under proviso to para 2 of Note to Schedule X shall also be covered by this Schedule.
2. The salts, esters, derivatives and preparations containing the above substances excluding those intended for topical or external use (except ophthalmic and ear/nose preparations containing antibiotics and/or steroids) are also covered by this Schedule.
3. The inclusion of a substance in this Schedule does not imply or convey that the substance is exempted from the provisions of Rule 122A/122B.]
1122[4. The salts, esters, derivatives and preparations containing 1123[steroids or Hydroquinone] for topical or external use shall also be covered under this Schedule.
1124[5. Notwithstanding anything contained in these rules, the provisions of rule 65 and rule 97 in respect or drugs specified from serial number 538 to serial number 551 inserted vide Notification number G.S.R. 277(E), dated 23rd March, 2018 published in the Gazette of India, Extraordinary, Part II, Section
Central Drugs Standard Control Organization, Ministry of Health and Family Welfare, Govt. of India Page 510 of 963
(3), Sub-section (i) shall be on voluntary basis for a period commencing on the day on which this notification shall come into force and ending on the 31st March, 2019 and thereafter shall be mandatory.]",
125,Clonazepam,SCHEDULE H,(See rules 65 and 97),G.S.R. 360(E),01-07-2024,,502-509,"Note: —1. Preparations exempted under proviso to para 2 of Note to Schedule X shall also be covered by this Schedule.
2. The salts, esters, derivatives and preparations containing the above substances excluding those intended for topical or external use (except ophthalmic and ear/nose preparations containing antibiotics and/or steroids) are also covered by this Schedule.
3. The inclusion of a substance in this Schedule does not imply or convey that the substance is exempted from the provisions of Rule 122A/122B.]
1122[4. The salts, esters, derivatives and preparations containing 1123[steroids or Hydroquinone] for topical or external use shall also be covered under this Schedule.
1124[5. Notwithstanding anything contained in these rules, the provisions of rule 65 and rule 97 in respect or drugs specified from serial number 538 to serial number 551 inserted vide Notification number G.S.R. 277(E), dated 23rd March, 2018 published in the Gazette of India, Extraordinary, Part II, Section
Central Drugs Standard Control Organization, Ministry of Health and Family Welfare, Govt. of India Page 510 of 963
(3), Sub-section (i) shall be on voluntary basis for a period commencing on the day on which this notification shall come into force and ending on the 31st March, 2019 and thereafter shall be mandatory.]",
126,Clonidine Hydrochloride,SCHEDULE H,(See rules 65 and 97),G.S.R. 360(E),01-07-2024,,502-509,"Note: —1. Preparations exempted under proviso to para 2 of Note to Schedule X shall also be covered by this Schedule.
2. The salts, esters, derivatives and preparations containing the above substances excluding those intended for topical or external use (except ophthalmic and ear/nose preparations containing antibiotics and/or steroids) are also covered by this Schedule.
3. The inclusion of a substance in this Schedule does not imply or convey that the substance is exempted from the provisions of Rule 122A/122B.]
1122[4. The salts, esters, derivatives and preparations containing 1123[steroids or Hydroquinone] for topical or external use shall also be covered under this Schedule.
1124[5. Notwithstanding anything contained in these rules, the provisions of rule 65 and rule 97 in respect or drugs specified from serial number 538 to serial number 551 inserted vide Notification number G.S.R. 277(E), dated 23rd March, 2018 published in the Gazette of India, Extraordinary, Part II, Section
Central Drugs Standard Control Organization, Ministry of Health and Family Welfare, Govt. of India Page 510 of 963
(3), Sub-section (i) shall be on voluntary basis for a period commencing on the day on which this notification shall come into force and ending on the 31st March, 2019 and thereafter shall be mandatory.]",
127,Clopamide,SCHEDULE H,(See rules 65 and 97),G.S.R. 360(E),01-07-2024,,502-509,"Note: —1. Preparations exempted under proviso to para 2 of Note to Schedule X shall also be covered by this Schedule.
2. The salts, esters, derivatives and preparations containing the above substances excluding those intended for topical or external use (except ophthalmic and ear/nose preparations containing antibiotics and/or steroids) are also covered by this Schedule.
3. The inclusion of a substance in this Schedule does not imply or convey that the substance is exempted from the provisions of Rule 122A/122B.]
1122[4. The salts, esters, derivatives and preparations containing 1123[steroids or Hydroquinone] for topical or external use shall also be covered under this Schedule.
1124[5. Notwithstanding anything contained in these rules, the provisions of rule 65 and rule 97 in respect or drugs specified from serial number 538 to serial number 551 inserted vide Notification number G.S.R. 277(E), dated 23rd March, 2018 published in the Gazette of India, Extraordinary, Part II, Section
Central Drugs Standard Control Organization, Ministry of Health and Family Welfare, Govt. of India Page 510 of 963
(3), Sub-section (i) shall be on voluntary basis for a period commencing on the day on which this notification shall come into force and ending on the 31st March, 2019 and thereafter shall be mandatory.]",
128,Clopidogre! Bisulphate,SCHEDULE H,(See rules 65 and 97),G.S.R. 360(E),01-07-2024,,502-509,"Note: —1. Preparations exempted under proviso to para 2 of Note to Schedule X shall also be covered by this Schedule.
2. The salts, esters, derivatives and preparations containing the above substances excluding those intended for topical or external use (except ophthalmic and ear/nose preparations containing antibiotics and/or steroids) are also covered by this Schedule.
3. The inclusion of a substance in this Schedule does not imply or convey that the substance is exempted from the provisions of Rule 122A/122B.]
1122[4. The salts, esters, derivatives and preparations containing 1123[steroids or Hydroquinone] for topical or external use shall also be covered under this Schedule.
1124[5. Notwithstanding anything contained in these rules, the provisions of rule 65 and rule 97 in respect or drugs specified from serial number 538 to serial number 551 inserted vide Notification number G.S.R. 277(E), dated 23rd March, 2018 published in the Gazette of India, Extraordinary, Part II, Section
Central Drugs Standard Control Organization, Ministry of Health and Family Welfare, Govt. of India Page 510 of 963
(3), Sub-section (i) shall be on voluntary basis for a period commencing on the day on which this notification shall come into force and ending on the 31st March, 2019 and thereafter shall be mandatory.]",
129,Clostebol Acetate,SCHEDULE H,(See rules 65 and 97),G.S.R. 360(E),01-07-2024,,502-509,"Note: —1. Preparations exempted under proviso to para 2 of Note to Schedule X shall also be covered by this Schedule.
2. The salts, esters, derivatives and preparations containing the above substances excluding those intended for topical or external use (except ophthalmic and ear/nose preparations containing antibiotics and/or steroids) are also covered by this Schedule.
3. The inclusion of a substance in this Schedule does not imply or convey that the substance is exempted from the provisions of Rule 122A/122B.]
1122[4. The salts, esters, derivatives and preparations containing 1123[steroids or Hydroquinone] for topical or external use shall also be covered under this Schedule.
1124[5. Notwithstanding anything contained in these rules, the provisions of rule 65 and rule 97 in respect or drugs specified from serial number 538 to serial number 551 inserted vide Notification number G.S.R. 277(E), dated 23rd March, 2018 published in the Gazette of India, Extraordinary, Part II, Section
Central Drugs Standard Control Organization, Ministry of Health and Family Welfare, Govt. of India Page 510 of 963
(3), Sub-section (i) shall be on voluntary basis for a period commencing on the day on which this notification shall come into force and ending on the 31st March, 2019 and thereafter shall be mandatory.]",
130,Clotrimazole,SCHEDULE H,(See rules 65 and 97),G.S.R. 360(E),01-07-2024,,502-509,"Note: —1. Preparations exempted under proviso to para 2 of Note to Schedule X shall also be covered by this Schedule.
2. The salts, esters, derivatives and preparations containing the above substances excluding those intended for topical or external use (except ophthalmic and ear/nose preparations containing antibiotics and/or steroids) are also covered by this Schedule.
3. The inclusion of a substance in this Schedule does not imply or convey that the substance is exempted from the provisions of Rule 122A/122B.]
1122[4. The salts, esters, derivatives and preparations containing 1123[steroids or Hydroquinone] for topical or external use shall also be covered under this Schedule.
1124[5. Notwithstanding anything contained in these rules, the provisions of rule 65 and rule 97 in respect or drugs specified from serial number 538 to serial number 551 inserted vide Notification number G.S.R. 277(E), dated 23rd March, 2018 published in the Gazette of India, Extraordinary, Part II, Section
Central Drugs Standard Control Organization, Ministry of Health and Family Welfare, Govt. of India Page 510 of 963
(3), Sub-section (i) shall be on voluntary basis for a period commencing on the day on which this notification shall come into force and ending on the 31st March, 2019 and thereafter shall be mandatory.]",
131,Clozapine,SCHEDULE H,(See rules 65 and 97),G.S.R. 360(E),01-07-2024,,502-509,"Note: —1. Preparations exempted under proviso to para 2 of Note to Schedule X shall also be covered by this Schedule.
2. The salts, esters, derivatives and preparations containing the above substances excluding those intended for topical or external use (except ophthalmic and ear/nose preparations containing antibiotics and/or steroids) are also covered by this Schedule.
3. The inclusion of a substance in this Schedule does not imply or convey that the substance is exempted from the provisions of Rule 122A/122B.]
1122[4. The salts, esters, derivatives and preparations containing 1123[steroids or Hydroquinone] for topical or external use shall also be covered under this Schedule.
1124[5. Notwithstanding anything contained in these rules, the provisions of rule 65 and rule 97 in respect or drugs specified from serial number 538 to serial number 551 inserted vide Notification number G.S.R. 277(E), dated 23rd March, 2018 published in the Gazette of India, Extraordinary, Part II, Section
Central Drugs Standard Control Organization, Ministry of Health and Family Welfare, Govt. of India Page 510 of 963
(3), Sub-section (i) shall be on voluntary basis for a period commencing on the day on which this notification shall come into force and ending on the 31st March, 2019 and thereafter shall be mandatory.]",
132,1113[***],SCHEDULE H,(See rules 65 and 97),G.S.R. 360(E),01-07-2024,,502-509,"Note: —1. Preparations exempted under proviso to para 2 of Note to Schedule X shall also be covered by this Schedule.
2. The salts, esters, derivatives and preparations containing the above substances excluding those intended for topical or external use (except ophthalmic and ear/nose preparations containing antibiotics and/or steroids) are also covered by this Schedule.
3. The inclusion of a substance in this Schedule does not imply or convey that the substance is exempted from the provisions of Rule 122A/122B.]
1122[4. The salts, esters, derivatives and preparations containing 1123[steroids or Hydroquinone] for topical or external use shall also be covered under this Schedule.
1124[5. Notwithstanding anything contained in these rules, the provisions of rule 65 and rule 97 in respect or drugs specified from serial number 538 to serial number 551 inserted vide Notification number G.S.R. 277(E), dated 23rd March, 2018 published in the Gazette of India, Extraordinary, Part II, Section
Central Drugs Standard Control Organization, Ministry of Health and Family Welfare, Govt. of India Page 510 of 963
(3), Sub-section (i) shall be on voluntary basis for a period commencing on the day on which this notification shall come into force and ending on the 31st March, 2019 and thereafter shall be mandatory.]","Entries No. 123 and 132 (relating to Clofazimine and Codeine) omitted by G.S.R. 588(E) dated 30th August, 2013 (w.e.f. 27-2-2014)."
133,Colchicine,SCHEDULE H,(See rules 65 and 97),G.S.R. 360(E),01-07-2024,,502-509,"Note: —1. Preparations exempted under proviso to para 2 of Note to Schedule X shall also be covered by this Schedule.
2. The salts, esters, derivatives and preparations containing the above substances excluding those intended for topical or external use (except ophthalmic and ear/nose preparations containing antibiotics and/or steroids) are also covered by this Schedule.
3. The inclusion of a substance in this Schedule does not imply or convey that the substance is exempted from the provisions of Rule 122A/122B.]
1122[4. The salts, esters, derivatives and preparations containing 1123[steroids or Hydroquinone] for topical or external use shall also be covered under this Schedule.
1124[5. Notwithstanding anything contained in these rules, the provisions of rule 65 and rule 97 in respect or drugs specified from serial number 538 to serial number 551 inserted vide Notification number G.S.R. 277(E), dated 23rd March, 2018 published in the Gazette of India, Extraordinary, Part II, Section
Central Drugs Standard Control Organization, Ministry of Health and Family Welfare, Govt. of India Page 510 of 963
(3), Sub-section (i) shall be on voluntary basis for a period commencing on the day on which this notification shall come into force and ending on the 31st March, 2019 and thereafter shall be mandatory.]",
134,Corticosteroids,SCHEDULE H,(See rules 65 and 97),G.S.R. 360(E),01-07-2024,,502-509,"Note: —1. Preparations exempted under proviso to para 2 of Note to Schedule X shall also be covered by this Schedule.
2. The salts, esters, derivatives and preparations containing the above substances excluding those intended for topical or external use (except ophthalmic and ear/nose preparations containing antibiotics and/or steroids) are also covered by this Schedule.
3. The inclusion of a substance in this Schedule does not imply or convey that the substance is exempted from the provisions of Rule 122A/122B.]
1122[4. The salts, esters, derivatives and preparations containing 1123[steroids or Hydroquinone] for topical or external use shall also be covered under this Schedule.
1124[5. Notwithstanding anything contained in these rules, the provisions of rule 65 and rule 97 in respect or drugs specified from serial number 538 to serial number 551 inserted vide Notification number G.S.R. 277(E), dated 23rd March, 2018 published in the Gazette of India, Extraordinary, Part II, Section
Central Drugs Standard Control Organization, Ministry of Health and Family Welfare, Govt. of India Page 510 of 963
(3), Sub-section (i) shall be on voluntary basis for a period commencing on the day on which this notification shall come into force and ending on the 31st March, 2019 and thereafter shall be mandatory.]",
135,Cotrimoxazole,SCHEDULE H,(See rules 65 and 97),G.S.R. 360(E),01-07-2024,,502-509,"Note: —1. Preparations exempted under proviso to para 2 of Note to Schedule X shall also be covered by this Schedule.
2. The salts, esters, derivatives and preparations containing the above substances excluding those intended for topical or external use (except ophthalmic and ear/nose preparations containing antibiotics and/or steroids) are also covered by this Schedule.
3. The inclusion of a substance in this Schedule does not imply or convey that the substance is exempted from the provisions of Rule 122A/122B.]
1122[4. The salts, esters, derivatives and preparations containing 1123[steroids or Hydroquinone] for topical or external use shall also be covered under this Schedule.
1124[5. Notwithstanding anything contained in these rules, the provisions of rule 65 and rule 97 in respect or drugs specified from serial number 538 to serial number 551 inserted vide Notification number G.S.R. 277(E), dated 23rd March, 2018 published in the Gazette of India, Extraordinary, Part II, Section
Central Drugs Standard Control Organization, Ministry of Health and Family Welfare, Govt. of India Page 510 of 963
(3), Sub-section (i) shall be on voluntary basis for a period commencing on the day on which this notification shall come into force and ending on the 31st March, 2019 and thereafter shall be mandatory.]",
136,Cyclandelate,SCHEDULE H,(See rules 65 and 97),G.S.R. 360(E),01-07-2024,,502-509,"Note: —1. Preparations exempted under proviso to para 2 of Note to Schedule X shall also be covered by this Schedule.
2. The salts, esters, derivatives and preparations containing the above substances excluding those intended for topical or external use (except ophthalmic and ear/nose preparations containing antibiotics and/or steroids) are also covered by this Schedule.
3. The inclusion of a substance in this Schedule does not imply or convey that the substance is exempted from the provisions of Rule 122A/122B.]
1122[4. The salts, esters, derivatives and preparations containing 1123[steroids or Hydroquinone] for topical or external use shall also be covered under this Schedule.
1124[5. Notwithstanding anything contained in these rules, the provisions of rule 65 and rule 97 in respect or drugs specified from serial number 538 to serial number 551 inserted vide Notification number G.S.R. 277(E), dated 23rd March, 2018 published in the Gazette of India, Extraordinary, Part II, Section
Central Drugs Standard Control Organization, Ministry of Health and Family Welfare, Govt. of India Page 510 of 963
(3), Sub-section (i) shall be on voluntary basis for a period commencing on the day on which this notification shall come into force and ending on the 31st March, 2019 and thereafter shall be mandatory.]",
137,Cyclosporins,SCHEDULE H,(See rules 65 and 97),G.S.R. 360(E),01-07-2024,,502-509,"Note: —1. Preparations exempted under proviso to para 2 of Note to Schedule X shall also be covered by this Schedule.
2. The salts, esters, derivatives and preparations containing the above substances excluding those intended for topical or external use (except ophthalmic and ear/nose preparations containing antibiotics and/or steroids) are also covered by this Schedule.
3. The inclusion of a substance in this Schedule does not imply or convey that the substance is exempted from the provisions of Rule 122A/122B.]
1122[4. The salts, esters, derivatives and preparations containing 1123[steroids or Hydroquinone] for topical or external use shall also be covered under this Schedule.
1124[5. Notwithstanding anything contained in these rules, the provisions of rule 65 and rule 97 in respect or drugs specified from serial number 538 to serial number 551 inserted vide Notification number G.S.R. 277(E), dated 23rd March, 2018 published in the Gazette of India, Extraordinary, Part II, Section
Central Drugs Standard Control Organization, Ministry of Health and Family Welfare, Govt. of India Page 510 of 963
(3), Sub-section (i) shall be on voluntary basis for a period commencing on the day on which this notification shall come into force and ending on the 31st March, 2019 and thereafter shall be mandatory.]",
138,Daclizumab,SCHEDULE H,(See rules 65 and 97),G.S.R. 360(E),01-07-2024,,502-509,"Note: —1. Preparations exempted under proviso to para 2 of Note to Schedule X shall also be covered by this Schedule.
2. The salts, esters, derivatives and preparations containing the above substances excluding those intended for topical or external use (except ophthalmic and ear/nose preparations containing antibiotics and/or steroids) are also covered by this Schedule.
3. The inclusion of a substance in this Schedule does not imply or convey that the substance is exempted from the provisions of Rule 122A/122B.]
1122[4. The salts, esters, derivatives and preparations containing 1123[steroids or Hydroquinone] for topical or external use shall also be covered under this Schedule.
1124[5. Notwithstanding anything contained in these rules, the provisions of rule 65 and rule 97 in respect or drugs specified from serial number 538 to serial number 551 inserted vide Notification number G.S.R. 277(E), dated 23rd March, 2018 published in the Gazette of India, Extraordinary, Part II, Section
Central Drugs Standard Control Organization, Ministry of Health and Family Welfare, Govt. of India Page 510 of 963
(3), Sub-section (i) shall be on voluntary basis for a period commencing on the day on which this notification shall come into force and ending on the 31st March, 2019 and thereafter shall be mandatory.]",
139,Danazole,SCHEDULE H,(See rules 65 and 97),G.S.R. 360(E),01-07-2024,,502-509,"Note: —1. Preparations exempted under proviso to para 2 of Note to Schedule X shall also be covered by this Schedule.
2. The salts, esters, derivatives and preparations containing the above substances excluding those intended for topical or external use (except ophthalmic and ear/nose preparations containing antibiotics and/or steroids) are also covered by this Schedule.
3. The inclusion of a substance in this Schedule does not imply or convey that the substance is exempted from the provisions of Rule 122A/122B.]
1122[4. The salts, esters, derivatives and preparations containing 1123[steroids or Hydroquinone] for topical or external use shall also be covered under this Schedule.
1124[5. Notwithstanding anything contained in these rules, the provisions of rule 65 and rule 97 in respect or drugs specified from serial number 538 to serial number 551 inserted vide Notification number G.S.R. 277(E), dated 23rd March, 2018 published in the Gazette of India, Extraordinary, Part II, Section
Central Drugs Standard Control Organization, Ministry of Health and Family Welfare, Govt. of India Page 510 of 963
(3), Sub-section (i) shall be on voluntary basis for a period commencing on the day on which this notification shall come into force and ending on the 31st March, 2019 and thereafter shall be mandatory.]",
140,Dapsone,SCHEDULE H,(See rules 65 and 97),G.S.R. 360(E),01-07-2024,,502-509,"Note: —1. Preparations exempted under proviso to para 2 of Note to Schedule X shall also be covered by this Schedule.
2. The salts, esters, derivatives and preparations containing the above substances excluding those intended for topical or external use (except ophthalmic and ear/nose preparations containing antibiotics and/or steroids) are also covered by this Schedule.
3. The inclusion of a substance in this Schedule does not imply or convey that the substance is exempted from the provisions of Rule 122A/122B.]
1122[4. The salts, esters, derivatives and preparations containing 1123[steroids or Hydroquinone] for topical or external use shall also be covered under this Schedule.
1124[5. Notwithstanding anything contained in these rules, the provisions of rule 65 and rule 97 in respect or drugs specified from serial number 538 to serial number 551 inserted vide Notification number G.S.R. 277(E), dated 23rd March, 2018 published in the Gazette of India, Extraordinary, Part II, Section
Central Drugs Standard Control Organization, Ministry of Health and Family Welfare, Govt. of India Page 510 of 963
(3), Sub-section (i) shall be on voluntary basis for a period commencing on the day on which this notification shall come into force and ending on the 31st March, 2019 and thereafter shall be mandatory.]",
141,Desloratadine,SCHEDULE H,(See rules 65 and 97),G.S.R. 360(E),01-07-2024,,502-509,"Note: —1. Preparations exempted under proviso to para 2 of Note to Schedule X shall also be covered by this Schedule.
2. The salts, esters, derivatives and preparations containing the above substances excluding those intended for topical or external use (except ophthalmic and ear/nose preparations containing antibiotics and/or steroids) are also covered by this Schedule.
3. The inclusion of a substance in this Schedule does not imply or convey that the substance is exempted from the provisions of Rule 122A/122B.]
1122[4. The salts, esters, derivatives and preparations containing 1123[steroids or Hydroquinone] for topical or external use shall also be covered under this Schedule.
1124[5. Notwithstanding anything contained in these rules, the provisions of rule 65 and rule 97 in respect or drugs specified from serial number 538 to serial number 551 inserted vide Notification number G.S.R. 277(E), dated 23rd March, 2018 published in the Gazette of India, Extraordinary, Part II, Section
Central Drugs Standard Control Organization, Ministry of Health and Family Welfare, Govt. of India Page 510 of 963
(3), Sub-section (i) shall be on voluntary basis for a period commencing on the day on which this notification shall come into force and ending on the 31st March, 2019 and thereafter shall be mandatory.]",
142,Desogestrol,SCHEDULE H,(See rules 65 and 97),G.S.R. 360(E),01-07-2024,,502-509,"Note: —1. Preparations exempted under proviso to para 2 of Note to Schedule X shall also be covered by this Schedule.
2. The salts, esters, derivatives and preparations containing the above substances excluding those intended for topical or external use (except ophthalmic and ear/nose preparations containing antibiotics and/or steroids) are also covered by this Schedule.
3. The inclusion of a substance in this Schedule does not imply or convey that the substance is exempted from the provisions of Rule 122A/122B.]
1122[4. The salts, esters, derivatives and preparations containing 1123[steroids or Hydroquinone] for topical or external use shall also be covered under this Schedule.
1124[5. Notwithstanding anything contained in these rules, the provisions of rule 65 and rule 97 in respect or drugs specified from serial number 538 to serial number 551 inserted vide Notification number G.S.R. 277(E), dated 23rd March, 2018 published in the Gazette of India, Extraordinary, Part II, Section
Central Drugs Standard Control Organization, Ministry of Health and Family Welfare, Govt. of India Page 510 of 963
(3), Sub-section (i) shall be on voluntary basis for a period commencing on the day on which this notification shall come into force and ending on the 31st March, 2019 and thereafter shall be mandatory.]",
143,Dexrazoxane,SCHEDULE H,(See rules 65 and 97),G.S.R. 360(E),01-07-2024,,502-509,"Note: —1. Preparations exempted under proviso to para 2 of Note to Schedule X shall also be covered by this Schedule.
2. The salts, esters, derivatives and preparations containing the above substances excluding those intended for topical or external use (except ophthalmic and ear/nose preparations containing antibiotics and/or steroids) are also covered by this Schedule.
3. The inclusion of a substance in this Schedule does not imply or convey that the substance is exempted from the provisions of Rule 122A/122B.]
1122[4. The salts, esters, derivatives and preparations containing 1123[steroids or Hydroquinone] for topical or external use shall also be covered under this Schedule.
1124[5. Notwithstanding anything contained in these rules, the provisions of rule 65 and rule 97 in respect or drugs specified from serial number 538 to serial number 551 inserted vide Notification number G.S.R. 277(E), dated 23rd March, 2018 published in the Gazette of India, Extraordinary, Part II, Section
Central Drugs Standard Control Organization, Ministry of Health and Family Welfare, Govt. of India Page 510 of 963
(3), Sub-section (i) shall be on voluntary basis for a period commencing on the day on which this notification shall come into force and ending on the 31st March, 2019 and thereafter shall be mandatory.]",
144,Dextranomer,SCHEDULE H,(See rules 65 and 97),G.S.R. 360(E),01-07-2024,,502-509,"Note: —1. Preparations exempted under proviso to para 2 of Note to Schedule X shall also be covered by this Schedule.
2. The salts, esters, derivatives and preparations containing the above substances excluding those intended for topical or external use (except ophthalmic and ear/nose preparations containing antibiotics and/or steroids) are also covered by this Schedule.
3. The inclusion of a substance in this Schedule does not imply or convey that the substance is exempted from the provisions of Rule 122A/122B.]
1122[4. The salts, esters, derivatives and preparations containing 1123[steroids or Hydroquinone] for topical or external use shall also be covered under this Schedule.
1124[5. Notwithstanding anything contained in these rules, the provisions of rule 65 and rule 97 in respect or drugs specified from serial number 538 to serial number 551 inserted vide Notification number G.S.R. 277(E), dated 23rd March, 2018 published in the Gazette of India, Extraordinary, Part II, Section
Central Drugs Standard Control Organization, Ministry of Health and Family Welfare, Govt. of India Page 510 of 963
(3), Sub-section (i) shall be on voluntary basis for a period commencing on the day on which this notification shall come into force and ending on the 31st March, 2019 and thereafter shall be mandatory.]",
145,1111[***],SCHEDULE H,(See rules 65 and 97),G.S.R. 360(E),01-07-2024,,502-509,"Note: —1. Preparations exempted under proviso to para 2 of Note to Schedule X shall also be covered by this Schedule.
2. The salts, esters, derivatives and preparations containing the above substances excluding those intended for topical or external use (except ophthalmic and ear/nose preparations containing antibiotics and/or steroids) are also covered by this Schedule.
3. The inclusion of a substance in this Schedule does not imply or convey that the substance is exempted from the provisions of Rule 122A/122B.]
1122[4. The salts, esters, derivatives and preparations containing 1123[steroids or Hydroquinone] for topical or external use shall also be covered under this Schedule.
1124[5. Notwithstanding anything contained in these rules, the provisions of rule 65 and rule 97 in respect or drugs specified from serial number 538 to serial number 551 inserted vide Notification number G.S.R. 277(E), dated 23rd March, 2018 published in the Gazette of India, Extraordinary, Part II, Section
Central Drugs Standard Control Organization, Ministry of Health and Family Welfare, Govt. of India Page 510 of 963
(3), Sub-section (i) shall be on voluntary basis for a period commencing on the day on which this notification shall come into force and ending on the 31st March, 2019 and thereafter shall be mandatory.]","Entries No. 105 and 147 (relating to Chlordiazepoxide and Diazepam) omitted by G.S.R. 588(E) dated 30th August, 2013 (w.e.f. 27-2-2014)."
146,Dextropropoxyphene,SCHEDULE H,(See rules 65 and 97),G.S.R. 360(E),01-07-2024,,502-509,"Note: —1. Preparations exempted under proviso to para 2 of Note to Schedule X shall also be covered by this Schedule.
2. The salts, esters, derivatives and preparations containing the above substances excluding those intended for topical or external use (except ophthalmic and ear/nose preparations containing antibiotics and/or steroids) are also covered by this Schedule.
3. The inclusion of a substance in this Schedule does not imply or convey that the substance is exempted from the provisions of Rule 122A/122B.]
1122[4. The salts, esters, derivatives and preparations containing 1123[steroids or Hydroquinone] for topical or external use shall also be covered under this Schedule.
1124[5. Notwithstanding anything contained in these rules, the provisions of rule 65 and rule 97 in respect or drugs specified from serial number 538 to serial number 551 inserted vide Notification number G.S.R. 277(E), dated 23rd March, 2018 published in the Gazette of India, Extraordinary, Part II, Section
Central Drugs Standard Control Organization, Ministry of Health and Family Welfare, Govt. of India Page 510 of 963
(3), Sub-section (i) shall be on voluntary basis for a period commencing on the day on which this notification shall come into force and ending on the 31st March, 2019 and thereafter shall be mandatory.]",
147,1111[***],SCHEDULE H,(See rules 65 and 97),G.S.R. 360(E),01-07-2024,,502-509,"Note: —1. Preparations exempted under proviso to para 2 of Note to Schedule X shall also be covered by this Schedule.
2. The salts, esters, derivatives and preparations containing the above substances excluding those intended for topical or external use (except ophthalmic and ear/nose preparations containing antibiotics and/or steroids) are also covered by this Schedule.
3. The inclusion of a substance in this Schedule does not imply or convey that the substance is exempted from the provisions of Rule 122A/122B.]
1122[4. The salts, esters, derivatives and preparations containing 1123[steroids or Hydroquinone] for topical or external use shall also be covered under this Schedule.
1124[5. Notwithstanding anything contained in these rules, the provisions of rule 65 and rule 97 in respect or drugs specified from serial number 538 to serial number 551 inserted vide Notification number G.S.R. 277(E), dated 23rd March, 2018 published in the Gazette of India, Extraordinary, Part II, Section
Central Drugs Standard Control Organization, Ministry of Health and Family Welfare, Govt. of India Page 510 of 963
(3), Sub-section (i) shall be on voluntary basis for a period commencing on the day on which this notification shall come into force and ending on the 31st March, 2019 and thereafter shall be mandatory.]","Entries No. 105 and 147 (relating to Chlordiazepoxide and Diazepam) omitted by G.S.R. 588(E) dated 30th August, 2013 (w.e.f. 27-2-2014)."
148,Diazoxide,SCHEDULE H,(See rules 65 and 97),G.S.R. 360(E),01-07-2024,,502-509,"Note: —1. Preparations exempted under proviso to para 2 of Note to Schedule X shall also be covered by this Schedule.
2. The salts, esters, derivatives and preparations containing the above substances excluding those intended for topical or external use (except ophthalmic and ear/nose preparations containing antibiotics and/or steroids) are also covered by this Schedule.
3. The inclusion of a substance in this Schedule does not imply or convey that the substance is exempted from the provisions of Rule 122A/122B.]
1122[4. The salts, esters, derivatives and preparations containing 1123[steroids or Hydroquinone] for topical or external use shall also be covered under this Schedule.
1124[5. Notwithstanding anything contained in these rules, the provisions of rule 65 and rule 97 in respect or drugs specified from serial number 538 to serial number 551 inserted vide Notification number G.S.R. 277(E), dated 23rd March, 2018 published in the Gazette of India, Extraordinary, Part II, Section
Central Drugs Standard Control Organization, Ministry of Health and Family Welfare, Govt. of India Page 510 of 963
(3), Sub-section (i) shall be on voluntary basis for a period commencing on the day on which this notification shall come into force and ending on the 31st March, 2019 and thereafter shall be mandatory.]",
149,Diclofenac Sodium/Potassium/Acid,SCHEDULE H,(See rules 65 and 97),G.S.R. 360(E),01-07-2024,,502-509,"Note: —1. Preparations exempted under proviso to para 2 of Note to Schedule X shall also be covered by this Schedule.
2. The salts, esters, derivatives and preparations containing the above substances excluding those intended for topical or external use (except ophthalmic and ear/nose preparations containing antibiotics and/or steroids) are also covered by this Schedule.
3. The inclusion of a substance in this Schedule does not imply or convey that the substance is exempted from the provisions of Rule 122A/122B.]
1122[4. The salts, esters, derivatives and preparations containing 1123[steroids or Hydroquinone] for topical or external use shall also be covered under this Schedule.
1124[5. Notwithstanding anything contained in these rules, the provisions of rule 65 and rule 97 in respect or drugs specified from serial number 538 to serial number 551 inserted vide Notification number G.S.R. 277(E), dated 23rd March, 2018 published in the Gazette of India, Extraordinary, Part II, Section
Central Drugs Standard Control Organization, Ministry of Health and Family Welfare, Govt. of India Page 510 of 963
(3), Sub-section (i) shall be on voluntary basis for a period commencing on the day on which this notification shall come into force and ending on the 31st March, 2019 and thereafter shall be mandatory.]",
150,Dicyclomin Hydrochloride,SCHEDULE H,(See rules 65 and 97),G.S.R. 360(E),01-07-2024,,502-509,"Note: —1. Preparations exempted under proviso to para 2 of Note to Schedule X shall also be covered by this Schedule.
2. The salts, esters, derivatives and preparations containing the above substances excluding those intended for topical or external use (except ophthalmic and ear/nose preparations containing antibiotics and/or steroids) are also covered by this Schedule.
3. The inclusion of a substance in this Schedule does not imply or convey that the substance is exempted from the provisions of Rule 122A/122B.]
1122[4. The salts, esters, derivatives and preparations containing 1123[steroids or Hydroquinone] for topical or external use shall also be covered under this Schedule.
1124[5. Notwithstanding anything contained in these rules, the provisions of rule 65 and rule 97 in respect or drugs specified from serial number 538 to serial number 551 inserted vide Notification number G.S.R. 277(E), dated 23rd March, 2018 published in the Gazette of India, Extraordinary, Part II, Section
Central Drugs Standard Control Organization, Ministry of Health and Family Welfare, Govt. of India Page 510 of 963
(3), Sub-section (i) shall be on voluntary basis for a period commencing on the day on which this notification shall come into force and ending on the 31st March, 2019 and thereafter shall be mandatory.]",
151,Didanosine,SCHEDULE H,(See rules 65 and 97),G.S.R. 360(E),01-07-2024,,502-509,"Note: —1. Preparations exempted under proviso to para 2 of Note to Schedule X shall also be covered by this Schedule.
2. The salts, esters, derivatives and preparations containing the above substances excluding those intended for topical or external use (except ophthalmic and ear/nose preparations containing antibiotics and/or steroids) are also covered by this Schedule.
3. The inclusion of a substance in this Schedule does not imply or convey that the substance is exempted from the provisions of Rule 122A/122B.]
1122[4. The salts, esters, derivatives and preparations containing 1123[steroids or Hydroquinone] for topical or external use shall also be covered under this Schedule.
1124[5. Notwithstanding anything contained in these rules, the provisions of rule 65 and rule 97 in respect or drugs specified from serial number 538 to serial number 551 inserted vide Notification number G.S.R. 277(E), dated 23rd March, 2018 published in the Gazette of India, Extraordinary, Part II, Section
Central Drugs Standard Control Organization, Ministry of Health and Family Welfare, Govt. of India Page 510 of 963
(3), Sub-section (i) shall be on voluntary basis for a period commencing on the day on which this notification shall come into force and ending on the 31st March, 2019 and thereafter shall be mandatory.]",
152,Digoxine,SCHEDULE H,(See rules 65 and 97),G.S.R. 360(E),01-07-2024,,502-509,"Note: —1. Preparations exempted under proviso to para 2 of Note to Schedule X shall also be covered by this Schedule.
2. The salts, esters, derivatives and preparations containing the above substances excluding those intended for topical or external use (except ophthalmic and ear/nose preparations containing antibiotics and/or steroids) are also covered by this Schedule.
3. The inclusion of a substance in this Schedule does not imply or convey that the substance is exempted from the provisions of Rule 122A/122B.]
1122[4. The salts, esters, derivatives and preparations containing 1123[steroids or Hydroquinone] for topical or external use shall also be covered under this Schedule.
1124[5. Notwithstanding anything contained in these rules, the provisions of rule 65 and rule 97 in respect or drugs specified from serial number 538 to serial number 551 inserted vide Notification number G.S.R. 277(E), dated 23rd March, 2018 published in the Gazette of India, Extraordinary, Part II, Section
Central Drugs Standard Control Organization, Ministry of Health and Family Welfare, Govt. of India Page 510 of 963
(3), Sub-section (i) shall be on voluntary basis for a period commencing on the day on which this notification shall come into force and ending on the 31st March, 2019 and thereafter shall be mandatory.]",
153,Dilazep Hydrochloride,SCHEDULE H,(See rules 65 and 97),G.S.R. 360(E),01-07-2024,,502-509,"Note: —1. Preparations exempted under proviso to para 2 of Note to Schedule X shall also be covered by this Schedule.
2. The salts, esters, derivatives and preparations containing the above substances excluding those intended for topical or external use (except ophthalmic and ear/nose preparations containing antibiotics and/or steroids) are also covered by this Schedule.
3. The inclusion of a substance in this Schedule does not imply or convey that the substance is exempted from the provisions of Rule 122A/122B.]
1122[4. The salts, esters, derivatives and preparations containing 1123[steroids or Hydroquinone] for topical or external use shall also be covered under this Schedule.
1124[5. Notwithstanding anything contained in these rules, the provisions of rule 65 and rule 97 in respect or drugs specified from serial number 538 to serial number 551 inserted vide Notification number G.S.R. 277(E), dated 23rd March, 2018 published in the Gazette of India, Extraordinary, Part II, Section
Central Drugs Standard Control Organization, Ministry of Health and Family Welfare, Govt. of India Page 510 of 963
(3), Sub-section (i) shall be on voluntary basis for a period commencing on the day on which this notification shall come into force and ending on the 31st March, 2019 and thereafter shall be mandatory.]",
154,Diltiazem,SCHEDULE H,(See rules 65 and 97),G.S.R. 360(E),01-07-2024,,502-509,"Note: —1. Preparations exempted under proviso to para 2 of Note to Schedule X shall also be covered by this Schedule.
2. The salts, esters, derivatives and preparations containing the above substances excluding those intended for topical or external use (except ophthalmic and ear/nose preparations containing antibiotics and/or steroids) are also covered by this Schedule.
3. The inclusion of a substance in this Schedule does not imply or convey that the substance is exempted from the provisions of Rule 122A/122B.]
1122[4. The salts, esters, derivatives and preparations containing 1123[steroids or Hydroquinone] for topical or external use shall also be covered under this Schedule.
1124[5. Notwithstanding anything contained in these rules, the provisions of rule 65 and rule 97 in respect or drugs specified from serial number 538 to serial number 551 inserted vide Notification number G.S.R. 277(E), dated 23rd March, 2018 published in the Gazette of India, Extraordinary, Part II, Section
Central Drugs Standard Control Organization, Ministry of Health and Family Welfare, Govt. of India Page 510 of 963
(3), Sub-section (i) shall be on voluntary basis for a period commencing on the day on which this notification shall come into force and ending on the 31st March, 2019 and thereafter shall be mandatory.]",
155,Dinoprostone,SCHEDULE H,(See rules 65 and 97),G.S.R. 360(E),01-07-2024,,502-509,"Note: —1. Preparations exempted under proviso to para 2 of Note to Schedule X shall also be covered by this Schedule.
2. The salts, esters, derivatives and preparations containing the above substances excluding those intended for topical or external use (except ophthalmic and ear/nose preparations containing antibiotics and/or steroids) are also covered by this Schedule.
3. The inclusion of a substance in this Schedule does not imply or convey that the substance is exempted from the provisions of Rule 122A/122B.]
1122[4. The salts, esters, derivatives and preparations containing 1123[steroids or Hydroquinone] for topical or external use shall also be covered under this Schedule.
1124[5. Notwithstanding anything contained in these rules, the provisions of rule 65 and rule 97 in respect or drugs specified from serial number 538 to serial number 551 inserted vide Notification number G.S.R. 277(E), dated 23rd March, 2018 published in the Gazette of India, Extraordinary, Part II, Section
Central Drugs Standard Control Organization, Ministry of Health and Family Welfare, Govt. of India Page 510 of 963
(3), Sub-section (i) shall be on voluntary basis for a period commencing on the day on which this notification shall come into force and ending on the 31st March, 2019 and thereafter shall be mandatory.]",
156,1114[***],SCHEDULE H,(See rules 65 and 97),G.S.R. 360(E),01-07-2024,,502-509,"Note: —1. Preparations exempted under proviso to para 2 of Note to Schedule X shall also be covered by this Schedule.
2. The salts, esters, derivatives and preparations containing the above substances excluding those intended for topical or external use (except ophthalmic and ear/nose preparations containing antibiotics and/or steroids) are also covered by this Schedule.
3. The inclusion of a substance in this Schedule does not imply or convey that the substance is exempted from the provisions of Rule 122A/122B.]
1122[4. The salts, esters, derivatives and preparations containing 1123[steroids or Hydroquinone] for topical or external use shall also be covered under this Schedule.
1124[5. Notwithstanding anything contained in these rules, the provisions of rule 65 and rule 97 in respect or drugs specified from serial number 538 to serial number 551 inserted vide Notification number G.S.R. 277(E), dated 23rd March, 2018 published in the Gazette of India, Extraordinary, Part II, Section
Central Drugs Standard Control Organization, Ministry of Health and Family Welfare, Govt. of India Page 510 of 963
(3), Sub-section (i) shall be on voluntary basis for a period commencing on the day on which this notification shall come into force and ending on the 31st March, 2019 and thereafter shall be mandatory.]","Entry No. 156 (relating to Diphenoxylate, its Salts) omitted by G.S.R. 588(E) dated 30th August, 2013 (w.e.f. 27-2-2014)"
157,Dipivefrin Hydrochloride,SCHEDULE H,(See rules 65 and 97),G.S.R. 360(E),01-07-2024,,502-509,"Note: —1. Preparations exempted under proviso to para 2 of Note to Schedule X shall also be covered by this Schedule.
2. The salts, esters, derivatives and preparations containing the above substances excluding those intended for topical or external use (except ophthalmic and ear/nose preparations containing antibiotics and/or steroids) are also covered by this Schedule.
3. The inclusion of a substance in this Schedule does not imply or convey that the substance is exempted from the provisions of Rule 122A/122B.]
1122[4. The salts, esters, derivatives and preparations containing 1123[steroids or Hydroquinone] for topical or external use shall also be covered under this Schedule.
1124[5. Notwithstanding anything contained in these rules, the provisions of rule 65 and rule 97 in respect or drugs specified from serial number 538 to serial number 551 inserted vide Notification number G.S.R. 277(E), dated 23rd March, 2018 published in the Gazette of India, Extraordinary, Part II, Section
Central Drugs Standard Control Organization, Ministry of Health and Family Welfare, Govt. of India Page 510 of 963
(3), Sub-section (i) shall be on voluntary basis for a period commencing on the day on which this notification shall come into force and ending on the 31st March, 2019 and thereafter shall be mandatory.]",
158,Di-sodium Pamidronate,SCHEDULE H,(See rules 65 and 97),G.S.R. 360(E),01-07-2024,,502-509,"Note: —1. Preparations exempted under proviso to para 2 of Note to Schedule X shall also be covered by this Schedule.
2. The salts, esters, derivatives and preparations containing the above substances excluding those intended for topical or external use (except ophthalmic and ear/nose preparations containing antibiotics and/or steroids) are also covered by this Schedule.
3. The inclusion of a substance in this Schedule does not imply or convey that the substance is exempted from the provisions of Rule 122A/122B.]
1122[4. The salts, esters, derivatives and preparations containing 1123[steroids or Hydroquinone] for topical or external use shall also be covered under this Schedule.
1124[5. Notwithstanding anything contained in these rules, the provisions of rule 65 and rule 97 in respect or drugs specified from serial number 538 to serial number 551 inserted vide Notification number G.S.R. 277(E), dated 23rd March, 2018 published in the Gazette of India, Extraordinary, Part II, Section
Central Drugs Standard Control Organization, Ministry of Health and Family Welfare, Govt. of India Page 510 of 963
(3), Sub-section (i) shall be on voluntary basis for a period commencing on the day on which this notification shall come into force and ending on the 31st March, 2019 and thereafter shall be mandatory.]",
159,Disopyramide,SCHEDULE H,(See rules 65 and 97),G.S.R. 360(E),01-07-2024,,502-509,"Note: —1. Preparations exempted under proviso to para 2 of Note to Schedule X shall also be covered by this Schedule.
2. The salts, esters, derivatives and preparations containing the above substances excluding those intended for topical or external use (except ophthalmic and ear/nose preparations containing antibiotics and/or steroids) are also covered by this Schedule.
3. The inclusion of a substance in this Schedule does not imply or convey that the substance is exempted from the provisions of Rule 122A/122B.]
1122[4. The salts, esters, derivatives and preparations containing 1123[steroids or Hydroquinone] for topical or external use shall also be covered under this Schedule.
1124[5. Notwithstanding anything contained in these rules, the provisions of rule 65 and rule 97 in respect or drugs specified from serial number 538 to serial number 551 inserted vide Notification number G.S.R. 277(E), dated 23rd March, 2018 published in the Gazette of India, Extraordinary, Part II, Section
Central Drugs Standard Control Organization, Ministry of Health and Family Welfare, Govt. of India Page 510 of 963
(3), Sub-section (i) shall be on voluntary basis for a period commencing on the day on which this notification shall come into force and ending on the 31st March, 2019 and thereafter shall be mandatory.]",
160,Docetaxel,SCHEDULE H,(See rules 65 and 97),G.S.R. 360(E),01-07-2024,,502-509,"Note: —1. Preparations exempted under proviso to para 2 of Note to Schedule X shall also be covered by this Schedule.
2. The salts, esters, derivatives and preparations containing the above substances excluding those intended for topical or external use (except ophthalmic and ear/nose preparations containing antibiotics and/or steroids) are also covered by this Schedule.
3. The inclusion of a substance in this Schedule does not imply or convey that the substance is exempted from the provisions of Rule 122A/122B.]
1122[4. The salts, esters, derivatives and preparations containing 1123[steroids or Hydroquinone] for topical or external use shall also be covered under this Schedule.
1124[5. Notwithstanding anything contained in these rules, the provisions of rule 65 and rule 97 in respect or drugs specified from serial number 538 to serial number 551 inserted vide Notification number G.S.R. 277(E), dated 23rd March, 2018 published in the Gazette of India, Extraordinary, Part II, Section
Central Drugs Standard Control Organization, Ministry of Health and Family Welfare, Govt. of India Page 510 of 963
(3), Sub-section (i) shall be on voluntary basis for a period commencing on the day on which this notification shall come into force and ending on the 31st March, 2019 and thereafter shall be mandatory.]",
161,Domperidone,SCHEDULE H,(See rules 65 and 97),G.S.R. 360(E),01-07-2024,,502-509,"Note: —1. Preparations exempted under proviso to para 2 of Note to Schedule X shall also be covered by this Schedule.
2. The salts, esters, derivatives and preparations containing the above substances excluding those intended for topical or external use (except ophthalmic and ear/nose preparations containing antibiotics and/or steroids) are also covered by this Schedule.
3. The inclusion of a substance in this Schedule does not imply or convey that the substance is exempted from the provisions of Rule 122A/122B.]
1122[4. The salts, esters, derivatives and preparations containing 1123[steroids or Hydroquinone] for topical or external use shall also be covered under this Schedule.
1124[5. Notwithstanding anything contained in these rules, the provisions of rule 65 and rule 97 in respect or drugs specified from serial number 538 to serial number 551 inserted vide Notification number G.S.R. 277(E), dated 23rd March, 2018 published in the Gazette of India, Extraordinary, Part II, Section
Central Drugs Standard Control Organization, Ministry of Health and Family Welfare, Govt. of India Page 510 of 963
(3), Sub-section (i) shall be on voluntary basis for a period commencing on the day on which this notification shall come into force and ending on the 31st March, 2019 and thereafter shall be mandatory.]",
162,Donepezil Hydrochloride,SCHEDULE H,(See rules 65 and 97),G.S.R. 360(E),01-07-2024,,502-509,"Note: —1. Preparations exempted under proviso to para 2 of Note to Schedule X shall also be covered by this Schedule.
2. The salts, esters, derivatives and preparations containing the above substances excluding those intended for topical or external use (except ophthalmic and ear/nose preparations containing antibiotics and/or steroids) are also covered by this Schedule.
3. The inclusion of a substance in this Schedule does not imply or convey that the substance is exempted from the provisions of Rule 122A/122B.]
1122[4. The salts, esters, derivatives and preparations containing 1123[steroids or Hydroquinone] for topical or external use shall also be covered under this Schedule.
1124[5. Notwithstanding anything contained in these rules, the provisions of rule 65 and rule 97 in respect or drugs specified from serial number 538 to serial number 551 inserted vide Notification number G.S.R. 277(E), dated 23rd March, 2018 published in the Gazette of India, Extraordinary, Part II, Section
Central Drugs Standard Control Organization, Ministry of Health and Family Welfare, Govt. of India Page 510 of 963
(3), Sub-section (i) shall be on voluntary basis for a period commencing on the day on which this notification shall come into force and ending on the 31st March, 2019 and thereafter shall be mandatory.]",
163,Dopamine Hydrochloride,SCHEDULE H,(See rules 65 and 97),G.S.R. 360(E),01-07-2024,,502-509,"Note: —1. Preparations exempted under proviso to para 2 of Note to Schedule X shall also be covered by this Schedule.
2. The salts, esters, derivatives and preparations containing the above substances excluding those intended for topical or external use (except ophthalmic and ear/nose preparations containing antibiotics and/or steroids) are also covered by this Schedule.
3. The inclusion of a substance in this Schedule does not imply or convey that the substance is exempted from the provisions of Rule 122A/122B.]
1122[4. The salts, esters, derivatives and preparations containing 1123[steroids or Hydroquinone] for topical or external use shall also be covered under this Schedule.
1124[5. Notwithstanding anything contained in these rules, the provisions of rule 65 and rule 97 in respect or drugs specified from serial number 538 to serial number 551 inserted vide Notification number G.S.R. 277(E), dated 23rd March, 2018 published in the Gazette of India, Extraordinary, Part II, Section
Central Drugs Standard Control Organization, Ministry of Health and Family Welfare, Govt. of India Page 510 of 963
(3), Sub-section (i) shall be on voluntary basis for a period commencing on the day on which this notification shall come into force and ending on the 31st March, 2019 and thereafter shall be mandatory.]",
164,Dothiepin Hydrochloride,SCHEDULE H,(See rules 65 and 97),G.S.R. 360(E),01-07-2024,,502-509,"Note: —1. Preparations exempted under proviso to para 2 of Note to Schedule X shall also be covered by this Schedule.
2. The salts, esters, derivatives and preparations containing the above substances excluding those intended for topical or external use (except ophthalmic and ear/nose preparations containing antibiotics and/or steroids) are also covered by this Schedule.
3. The inclusion of a substance in this Schedule does not imply or convey that the substance is exempted from the provisions of Rule 122A/122B.]
1122[4. The salts, esters, derivatives and preparations containing 1123[steroids or Hydroquinone] for topical or external use shall also be covered under this Schedule.
1124[5. Notwithstanding anything contained in these rules, the provisions of rule 65 and rule 97 in respect or drugs specified from serial number 538 to serial number 551 inserted vide Notification number G.S.R. 277(E), dated 23rd March, 2018 published in the Gazette of India, Extraordinary, Part II, Section
Central Drugs Standard Control Organization, Ministry of Health and Family Welfare, Govt. of India Page 510 of 963
(3), Sub-section (i) shall be on voluntary basis for a period commencing on the day on which this notification shall come into force and ending on the 31st March, 2019 and thereafter shall be mandatory.]",
165,Doxapram Hydrochloride,SCHEDULE H,(See rules 65 and 97),G.S.R. 360(E),01-07-2024,,502-509,"Note: —1. Preparations exempted under proviso to para 2 of Note to Schedule X shall also be covered by this Schedule.
2. The salts, esters, derivatives and preparations containing the above substances excluding those intended for topical or external use (except ophthalmic and ear/nose preparations containing antibiotics and/or steroids) are also covered by this Schedule.
3. The inclusion of a substance in this Schedule does not imply or convey that the substance is exempted from the provisions of Rule 122A/122B.]
1122[4. The salts, esters, derivatives and preparations containing 1123[steroids or Hydroquinone] for topical or external use shall also be covered under this Schedule.
1124[5. Notwithstanding anything contained in these rules, the provisions of rule 65 and rule 97 in respect or drugs specified from serial number 538 to serial number 551 inserted vide Notification number G.S.R. 277(E), dated 23rd March, 2018 published in the Gazette of India, Extraordinary, Part II, Section
Central Drugs Standard Control Organization, Ministry of Health and Family Welfare, Govt. of India Page 510 of 963
(3), Sub-section (i) shall be on voluntary basis for a period commencing on the day on which this notification shall come into force and ending on the 31st March, 2019 and thereafter shall be mandatory.]",
166,Doxazosin Mesylate,SCHEDULE H,(See rules 65 and 97),G.S.R. 360(E),01-07-2024,,502-509,"Note: —1. Preparations exempted under proviso to para 2 of Note to Schedule X shall also be covered by this Schedule.
2. The salts, esters, derivatives and preparations containing the above substances excluding those intended for topical or external use (except ophthalmic and ear/nose preparations containing antibiotics and/or steroids) are also covered by this Schedule.
3. The inclusion of a substance in this Schedule does not imply or convey that the substance is exempted from the provisions of Rule 122A/122B.]
1122[4. The salts, esters, derivatives and preparations containing 1123[steroids or Hydroquinone] for topical or external use shall also be covered under this Schedule.
1124[5. Notwithstanding anything contained in these rules, the provisions of rule 65 and rule 97 in respect or drugs specified from serial number 538 to serial number 551 inserted vide Notification number G.S.R. 277(E), dated 23rd March, 2018 published in the Gazette of India, Extraordinary, Part II, Section
Central Drugs Standard Control Organization, Ministry of Health and Family Welfare, Govt. of India Page 510 of 963
(3), Sub-section (i) shall be on voluntary basis for a period commencing on the day on which this notification shall come into force and ending on the 31st March, 2019 and thereafter shall be mandatory.]",
167,Doxepin Hydrochloride,SCHEDULE H,(See rules 65 and 97),G.S.R. 360(E),01-07-2024,,502-509,"Note: —1. Preparations exempted under proviso to para 2 of Note to Schedule X shall also be covered by this Schedule.
2. The salts, esters, derivatives and preparations containing the above substances excluding those intended for topical or external use (except ophthalmic and ear/nose preparations containing antibiotics and/or steroids) are also covered by this Schedule.
3. The inclusion of a substance in this Schedule does not imply or convey that the substance is exempted from the provisions of Rule 122A/122B.]
1122[4. The salts, esters, derivatives and preparations containing 1123[steroids or Hydroquinone] for topical or external use shall also be covered under this Schedule.
1124[5. Notwithstanding anything contained in these rules, the provisions of rule 65 and rule 97 in respect or drugs specified from serial number 538 to serial number 551 inserted vide Notification number G.S.R. 277(E), dated 23rd March, 2018 published in the Gazette of India, Extraordinary, Part II, Section
Central Drugs Standard Control Organization, Ministry of Health and Family Welfare, Govt. of India Page 510 of 963
(3), Sub-section (i) shall be on voluntary basis for a period commencing on the day on which this notification shall come into force and ending on the 31st March, 2019 and thereafter shall be mandatory.]",
168,Doxorubicin Hydrochloride,SCHEDULE H,(See rules 65 and 97),G.S.R. 360(E),01-07-2024,,502-509,"Note: —1. Preparations exempted under proviso to para 2 of Note to Schedule X shall also be covered by this Schedule.
2. The salts, esters, derivatives and preparations containing the above substances excluding those intended for topical or external use (except ophthalmic and ear/nose preparations containing antibiotics and/or steroids) are also covered by this Schedule.
3. The inclusion of a substance in this Schedule does not imply or convey that the substance is exempted from the provisions of Rule 122A/122B.]
1122[4. The salts, esters, derivatives and preparations containing 1123[steroids or Hydroquinone] for topical or external use shall also be covered under this Schedule.
1124[5. Notwithstanding anything contained in these rules, the provisions of rule 65 and rule 97 in respect or drugs specified from serial number 538 to serial number 551 inserted vide Notification number G.S.R. 277(E), dated 23rd March, 2018 published in the Gazette of India, Extraordinary, Part II, Section
Central Drugs Standard Control Organization, Ministry of Health and Family Welfare, Govt. of India Page 510 of 963
(3), Sub-section (i) shall be on voluntary basis for a period commencing on the day on which this notification shall come into force and ending on the 31st March, 2019 and thereafter shall be mandatory.]",
169,Drotrecogin-Alpha,SCHEDULE H,(See rules 65 and 97),G.S.R. 360(E),01-07-2024,,502-509,"Note: —1. Preparations exempted under proviso to para 2 of Note to Schedule X shall also be covered by this Schedule.
2. The salts, esters, derivatives and preparations containing the above substances excluding those intended for topical or external use (except ophthalmic and ear/nose preparations containing antibiotics and/or steroids) are also covered by this Schedule.
3. The inclusion of a substance in this Schedule does not imply or convey that the substance is exempted from the provisions of Rule 122A/122B.]
1122[4. The salts, esters, derivatives and preparations containing 1123[steroids or Hydroquinone] for topical or external use shall also be covered under this Schedule.
1124[5. Notwithstanding anything contained in these rules, the provisions of rule 65 and rule 97 in respect or drugs specified from serial number 538 to serial number 551 inserted vide Notification number G.S.R. 277(E), dated 23rd March, 2018 published in the Gazette of India, Extraordinary, Part II, Section
Central Drugs Standard Control Organization, Ministry of Health and Family Welfare, Govt. of India Page 510 of 963
(3), Sub-section (i) shall be on voluntary basis for a period commencing on the day on which this notification shall come into force and ending on the 31st March, 2019 and thereafter shall be mandatory.]",
170,Ebastine,SCHEDULE H,(See rules 65 and 97),G.S.R. 360(E),01-07-2024,,502-509,"Note: —1. Preparations exempted under proviso to para 2 of Note to Schedule X shall also be covered by this Schedule.
2. The salts, esters, derivatives and preparations containing the above substances excluding those intended for topical or external use (except ophthalmic and ear/nose preparations containing antibiotics and/or steroids) are also covered by this Schedule.
3. The inclusion of a substance in this Schedule does not imply or convey that the substance is exempted from the provisions of Rule 122A/122B.]
1122[4. The salts, esters, derivatives and preparations containing 1123[steroids or Hydroquinone] for topical or external use shall also be covered under this Schedule.
1124[5. Notwithstanding anything contained in these rules, the provisions of rule 65 and rule 97 in respect or drugs specified from serial number 538 to serial number 551 inserted vide Notification number G.S.R. 277(E), dated 23rd March, 2018 published in the Gazette of India, Extraordinary, Part II, Section
Central Drugs Standard Control Organization, Ministry of Health and Family Welfare, Govt. of India Page 510 of 963
(3), Sub-section (i) shall be on voluntary basis for a period commencing on the day on which this notification shall come into force and ending on the 31st March, 2019 and thereafter shall be mandatory.]",
171,Econozole,SCHEDULE H,(See rules 65 and 97),G.S.R. 360(E),01-07-2024,,502-509,"Note: —1. Preparations exempted under proviso to para 2 of Note to Schedule X shall also be covered by this Schedule.
2. The salts, esters, derivatives and preparations containing the above substances excluding those intended for topical or external use (except ophthalmic and ear/nose preparations containing antibiotics and/or steroids) are also covered by this Schedule.
3. The inclusion of a substance in this Schedule does not imply or convey that the substance is exempted from the provisions of Rule 122A/122B.]
1122[4. The salts, esters, derivatives and preparations containing 1123[steroids or Hydroquinone] for topical or external use shall also be covered under this Schedule.
1124[5. Notwithstanding anything contained in these rules, the provisions of rule 65 and rule 97 in respect or drugs specified from serial number 538 to serial number 551 inserted vide Notification number G.S.R. 277(E), dated 23rd March, 2018 published in the Gazette of India, Extraordinary, Part II, Section
Central Drugs Standard Control Organization, Ministry of Health and Family Welfare, Govt. of India Page 510 of 963
(3), Sub-section (i) shall be on voluntary basis for a period commencing on the day on which this notification shall come into force and ending on the 31st March, 2019 and thereafter shall be mandatory.]",
172,Efavirenz,SCHEDULE H,(See rules 65 and 97),G.S.R. 360(E),01-07-2024,,502-509,"Note: —1. Preparations exempted under proviso to para 2 of Note to Schedule X shall also be covered by this Schedule.
2. The salts, esters, derivatives and preparations containing the above substances excluding those intended for topical or external use (except ophthalmic and ear/nose preparations containing antibiotics and/or steroids) are also covered by this Schedule.
3. The inclusion of a substance in this Schedule does not imply or convey that the substance is exempted from the provisions of Rule 122A/122B.]
1122[4. The salts, esters, derivatives and preparations containing 1123[steroids or Hydroquinone] for topical or external use shall also be covered under this Schedule.
1124[5. Notwithstanding anything contained in these rules, the provisions of rule 65 and rule 97 in respect or drugs specified from serial number 538 to serial number 551 inserted vide Notification number G.S.R. 277(E), dated 23rd March, 2018 published in the Gazette of India, Extraordinary, Part II, Section
Central Drugs Standard Control Organization, Ministry of Health and Family Welfare, Govt. of India Page 510 of 963
(3), Sub-section (i) shall be on voluntary basis for a period commencing on the day on which this notification shall come into force and ending on the 31st March, 2019 and thereafter shall be mandatory.]",
173,Enalapril Meleate,SCHEDULE H,(See rules 65 and 97),G.S.R. 360(E),01-07-2024,,502-509,"Note: —1. Preparations exempted under proviso to para 2 of Note to Schedule X shall also be covered by this Schedule.
2. The salts, esters, derivatives and preparations containing the above substances excluding those intended for topical or external use (except ophthalmic and ear/nose preparations containing antibiotics and/or steroids) are also covered by this Schedule.
3. The inclusion of a substance in this Schedule does not imply or convey that the substance is exempted from the provisions of Rule 122A/122B.]
1122[4. The salts, esters, derivatives and preparations containing 1123[steroids or Hydroquinone] for topical or external use shall also be covered under this Schedule.
1124[5. Notwithstanding anything contained in these rules, the provisions of rule 65 and rule 97 in respect or drugs specified from serial number 538 to serial number 551 inserted vide Notification number G.S.R. 277(E), dated 23rd March, 2018 published in the Gazette of India, Extraordinary, Part II, Section
Central Drugs Standard Control Organization, Ministry of Health and Family Welfare, Govt. of India Page 510 of 963
(3), Sub-section (i) shall be on voluntary basis for a period commencing on the day on which this notification shall come into force and ending on the 31st March, 2019 and thereafter shall be mandatory.]",
174,Enfenamic Acid,SCHEDULE H,(See rules 65 and 97),G.S.R. 360(E),01-07-2024,,502-509,"Note: —1. Preparations exempted under proviso to para 2 of Note to Schedule X shall also be covered by this Schedule.
2. The salts, esters, derivatives and preparations containing the above substances excluding those intended for topical or external use (except ophthalmic and ear/nose preparations containing antibiotics and/or steroids) are also covered by this Schedule.
3. The inclusion of a substance in this Schedule does not imply or convey that the substance is exempted from the provisions of Rule 122A/122B.]
1122[4. The salts, esters, derivatives and preparations containing 1123[steroids or Hydroquinone] for topical or external use shall also be covered under this Schedule.
1124[5. Notwithstanding anything contained in these rules, the provisions of rule 65 and rule 97 in respect or drugs specified from serial number 538 to serial number 551 inserted vide Notification number G.S.R. 277(E), dated 23rd March, 2018 published in the Gazette of India, Extraordinary, Part II, Section
Central Drugs Standard Control Organization, Ministry of Health and Family Welfare, Govt. of India Page 510 of 963
(3), Sub-section (i) shall be on voluntary basis for a period commencing on the day on which this notification shall come into force and ending on the 31st March, 2019 and thereafter shall be mandatory.]",
175,Epinephrine,SCHEDULE H,(See rules 65 and 97),G.S.R. 360(E),01-07-2024,,502-509,"Note: —1. Preparations exempted under proviso to para 2 of Note to Schedule X shall also be covered by this Schedule.
2. The salts, esters, derivatives and preparations containing the above substances excluding those intended for topical or external use (except ophthalmic and ear/nose preparations containing antibiotics and/or steroids) are also covered by this Schedule.
3. The inclusion of a substance in this Schedule does not imply or convey that the substance is exempted from the provisions of Rule 122A/122B.]
1122[4. The salts, esters, derivatives and preparations containing 1123[steroids or Hydroquinone] for topical or external use shall also be covered under this Schedule.
1124[5. Notwithstanding anything contained in these rules, the provisions of rule 65 and rule 97 in respect or drugs specified from serial number 538 to serial number 551 inserted vide Notification number G.S.R. 277(E), dated 23rd March, 2018 published in the Gazette of India, Extraordinary, Part II, Section
Central Drugs Standard Control Organization, Ministry of Health and Family Welfare, Govt. of India Page 510 of 963
(3), Sub-section (i) shall be on voluntary basis for a period commencing on the day on which this notification shall come into force and ending on the 31st March, 2019 and thereafter shall be mandatory.]",
176,Epirubicine,SCHEDULE H,(See rules 65 and 97),G.S.R. 360(E),01-07-2024,,502-509,"Note: —1. Preparations exempted under proviso to para 2 of Note to Schedule X shall also be covered by this Schedule.
2. The salts, esters, derivatives and preparations containing the above substances excluding those intended for topical or external use (except ophthalmic and ear/nose preparations containing antibiotics and/or steroids) are also covered by this Schedule.
3. The inclusion of a substance in this Schedule does not imply or convey that the substance is exempted from the provisions of Rule 122A/122B.]
1122[4. The salts, esters, derivatives and preparations containing 1123[steroids or Hydroquinone] for topical or external use shall also be covered under this Schedule.
1124[5. Notwithstanding anything contained in these rules, the provisions of rule 65 and rule 97 in respect or drugs specified from serial number 538 to serial number 551 inserted vide Notification number G.S.R. 277(E), dated 23rd March, 2018 published in the Gazette of India, Extraordinary, Part II, Section
Central Drugs Standard Control Organization, Ministry of Health and Family Welfare, Govt. of India Page 510 of 963
(3), Sub-section (i) shall be on voluntary basis for a period commencing on the day on which this notification shall come into force and ending on the 31st March, 2019 and thereafter shall be mandatory.]",
177,Eptifibatide,SCHEDULE H,(See rules 65 and 97),G.S.R. 360(E),01-07-2024,,502-509,"Note: —1. Preparations exempted under proviso to para 2 of Note to Schedule X shall also be covered by this Schedule.
2. The salts, esters, derivatives and preparations containing the above substances excluding those intended for topical or external use (except ophthalmic and ear/nose preparations containing antibiotics and/or steroids) are also covered by this Schedule.
3. The inclusion of a substance in this Schedule does not imply or convey that the substance is exempted from the provisions of Rule 122A/122B.]
1122[4. The salts, esters, derivatives and preparations containing 1123[steroids or Hydroquinone] for topical or external use shall also be covered under this Schedule.
1124[5. Notwithstanding anything contained in these rules, the provisions of rule 65 and rule 97 in respect or drugs specified from serial number 538 to serial number 551 inserted vide Notification number G.S.R. 277(E), dated 23rd March, 2018 published in the Gazette of India, Extraordinary, Part II, Section
Central Drugs Standard Control Organization, Ministry of Health and Family Welfare, Govt. of India Page 510 of 963
(3), Sub-section (i) shall be on voluntary basis for a period commencing on the day on which this notification shall come into force and ending on the 31st March, 2019 and thereafter shall be mandatory.]",
178,"Ergot, Alkaloids of whether Hydrogenated or not, their Homologoues, Salts",SCHEDULE H,(See rules 65 and 97),G.S.R. 360(E),01-07-2024,,502-509,"Note: —1. Preparations exempted under proviso to para 2 of Note to Schedule X shall also be covered by this Schedule.
2. The salts, esters, derivatives and preparations containing the above substances excluding those intended for topical or external use (except ophthalmic and ear/nose preparations containing antibiotics and/or steroids) are also covered by this Schedule.
3. The inclusion of a substance in this Schedule does not imply or convey that the substance is exempted from the provisions of Rule 122A/122B.]
1122[4. The salts, esters, derivatives and preparations containing 1123[steroids or Hydroquinone] for topical or external use shall also be covered under this Schedule.
1124[5. Notwithstanding anything contained in these rules, the provisions of rule 65 and rule 97 in respect or drugs specified from serial number 538 to serial number 551 inserted vide Notification number G.S.R. 277(E), dated 23rd March, 2018 published in the Gazette of India, Extraordinary, Part II, Section
Central Drugs Standard Control Organization, Ministry of Health and Family Welfare, Govt. of India Page 510 of 963
(3), Sub-section (i) shall be on voluntary basis for a period commencing on the day on which this notification shall come into force and ending on the 31st March, 2019 and thereafter shall be mandatory.]",
179,Esomeprazole,SCHEDULE H,(See rules 65 and 97),G.S.R. 360(E),01-07-2024,,502-509,"Note: —1. Preparations exempted under proviso to para 2 of Note to Schedule X shall also be covered by this Schedule.
2. The salts, esters, derivatives and preparations containing the above substances excluding those intended for topical or external use (except ophthalmic and ear/nose preparations containing antibiotics and/or steroids) are also covered by this Schedule.
3. The inclusion of a substance in this Schedule does not imply or convey that the substance is exempted from the provisions of Rule 122A/122B.]
1122[4. The salts, esters, derivatives and preparations containing 1123[steroids or Hydroquinone] for topical or external use shall also be covered under this Schedule.
1124[5. Notwithstanding anything contained in these rules, the provisions of rule 65 and rule 97 in respect or drugs specified from serial number 538 to serial number 551 inserted vide Notification number G.S.R. 277(E), dated 23rd March, 2018 published in the Gazette of India, Extraordinary, Part II, Section
Central Drugs Standard Control Organization, Ministry of Health and Family Welfare, Govt. of India Page 510 of 963
(3), Sub-section (i) shall be on voluntary basis for a period commencing on the day on which this notification shall come into force and ending on the 31st March, 2019 and thereafter shall be mandatory.]",
180,Estradiol Succinate,SCHEDULE H,(See rules 65 and 97),G.S.R. 360(E),01-07-2024,,502-509,"Note: —1. Preparations exempted under proviso to para 2 of Note to Schedule X shall also be covered by this Schedule.
2. The salts, esters, derivatives and preparations containing the above substances excluding those intended for topical or external use (except ophthalmic and ear/nose preparations containing antibiotics and/or steroids) are also covered by this Schedule.
3. The inclusion of a substance in this Schedule does not imply or convey that the substance is exempted from the provisions of Rule 122A/122B.]
1122[4. The salts, esters, derivatives and preparations containing 1123[steroids or Hydroquinone] for topical or external use shall also be covered under this Schedule.
1124[5. Notwithstanding anything contained in these rules, the provisions of rule 65 and rule 97 in respect or drugs specified from serial number 538 to serial number 551 inserted vide Notification number G.S.R. 277(E), dated 23rd March, 2018 published in the Gazette of India, Extraordinary, Part II, Section
Central Drugs Standard Control Organization, Ministry of Health and Family Welfare, Govt. of India Page 510 of 963
(3), Sub-section (i) shall be on voluntary basis for a period commencing on the day on which this notification shall come into force and ending on the 31st March, 2019 and thereafter shall be mandatory.]",
181,Estramustine Phosphate,SCHEDULE H,(See rules 65 and 97),G.S.R. 360(E),01-07-2024,,502-509,"Note: —1. Preparations exempted under proviso to para 2 of Note to Schedule X shall also be covered by this Schedule.
2. The salts, esters, derivatives and preparations containing the above substances excluding those intended for topical or external use (except ophthalmic and ear/nose preparations containing antibiotics and/or steroids) are also covered by this Schedule.
3. The inclusion of a substance in this Schedule does not imply or convey that the substance is exempted from the provisions of Rule 122A/122B.]
1122[4. The salts, esters, derivatives and preparations containing 1123[steroids or Hydroquinone] for topical or external use shall also be covered under this Schedule.
1124[5. Notwithstanding anything contained in these rules, the provisions of rule 65 and rule 97 in respect or drugs specified from serial number 538 to serial number 551 inserted vide Notification number G.S.R. 277(E), dated 23rd March, 2018 published in the Gazette of India, Extraordinary, Part II, Section
Central Drugs Standard Control Organization, Ministry of Health and Family Welfare, Govt. of India Page 510 of 963
(3), Sub-section (i) shall be on voluntary basis for a period commencing on the day on which this notification shall come into force and ending on the 31st March, 2019 and thereafter shall be mandatory.]",
182,Etanercept,SCHEDULE H,(See rules 65 and 97),G.S.R. 360(E),01-07-2024,,502-509,"Note: —1. Preparations exempted under proviso to para 2 of Note to Schedule X shall also be covered by this Schedule.
2. The salts, esters, derivatives and preparations containing the above substances excluding those intended for topical or external use (except ophthalmic and ear/nose preparations containing antibiotics and/or steroids) are also covered by this Schedule.
3. The inclusion of a substance in this Schedule does not imply or convey that the substance is exempted from the provisions of Rule 122A/122B.]
1122[4. The salts, esters, derivatives and preparations containing 1123[steroids or Hydroquinone] for topical or external use shall also be covered under this Schedule.
1124[5. Notwithstanding anything contained in these rules, the provisions of rule 65 and rule 97 in respect or drugs specified from serial number 538 to serial number 551 inserted vide Notification number G.S.R. 277(E), dated 23rd March, 2018 published in the Gazette of India, Extraordinary, Part II, Section
Central Drugs Standard Control Organization, Ministry of Health and Family Welfare, Govt. of India Page 510 of 963
(3), Sub-section (i) shall be on voluntary basis for a period commencing on the day on which this notification shall come into force and ending on the 31st March, 2019 and thereafter shall be mandatory.]",
183,Ethacridine Lactate,SCHEDULE H,(See rules 65 and 97),G.S.R. 360(E),01-07-2024,,502-509,"Note: —1. Preparations exempted under proviso to para 2 of Note to Schedule X shall also be covered by this Schedule.
2. The salts, esters, derivatives and preparations containing the above substances excluding those intended for topical or external use (except ophthalmic and ear/nose preparations containing antibiotics and/or steroids) are also covered by this Schedule.
3. The inclusion of a substance in this Schedule does not imply or convey that the substance is exempted from the provisions of Rule 122A/122B.]
1122[4. The salts, esters, derivatives and preparations containing 1123[steroids or Hydroquinone] for topical or external use shall also be covered under this Schedule.
1124[5. Notwithstanding anything contained in these rules, the provisions of rule 65 and rule 97 in respect or drugs specified from serial number 538 to serial number 551 inserted vide Notification number G.S.R. 277(E), dated 23rd March, 2018 published in the Gazette of India, Extraordinary, Part II, Section
Central Drugs Standard Control Organization, Ministry of Health and Family Welfare, Govt. of India Page 510 of 963
(3), Sub-section (i) shall be on voluntary basis for a period commencing on the day on which this notification shall come into force and ending on the 31st March, 2019 and thereafter shall be mandatory.]",
184,1115[***],SCHEDULE H,(See rules 65 and 97),G.S.R. 360(E),01-07-2024,,502-509,"Note: —1. Preparations exempted under proviso to para 2 of Note to Schedule X shall also be covered by this Schedule.
2. The salts, esters, derivatives and preparations containing the above substances excluding those intended for topical or external use (except ophthalmic and ear/nose preparations containing antibiotics and/or steroids) are also covered by this Schedule.
3. The inclusion of a substance in this Schedule does not imply or convey that the substance is exempted from the provisions of Rule 122A/122B.]
1122[4. The salts, esters, derivatives and preparations containing 1123[steroids or Hydroquinone] for topical or external use shall also be covered under this Schedule.
1124[5. Notwithstanding anything contained in these rules, the provisions of rule 65 and rule 97 in respect or drugs specified from serial number 538 to serial number 551 inserted vide Notification number G.S.R. 277(E), dated 23rd March, 2018 published in the Gazette of India, Extraordinary, Part II, Section
Central Drugs Standard Control Organization, Ministry of Health and Family Welfare, Govt. of India Page 510 of 963
(3), Sub-section (i) shall be on voluntary basis for a period commencing on the day on which this notification shall come into force and ending on the 31st March, 2019 and thereafter shall be mandatory.]","Entries No. 184, 187 and 287 (relating to Ethambutol Hydrochloride, Ethionamide and Levofloxacin) omitted by G.S.R. 588(E) dated 30th August, 2013 (w.e.f. 27-2-2014)."
185,Ethamsylate,SCHEDULE H,(See rules 65 and 97),G.S.R. 360(E),01-07-2024,,502-509,"Note: —1. Preparations exempted under proviso to para 2 of Note to Schedule X shall also be covered by this Schedule.
2. The salts, esters, derivatives and preparations containing the above substances excluding those intended for topical or external use (except ophthalmic and ear/nose preparations containing antibiotics and/or steroids) are also covered by this Schedule.
3. The inclusion of a substance in this Schedule does not imply or convey that the substance is exempted from the provisions of Rule 122A/122B.]
1122[4. The salts, esters, derivatives and preparations containing 1123[steroids or Hydroquinone] for topical or external use shall also be covered under this Schedule.
1124[5. Notwithstanding anything contained in these rules, the provisions of rule 65 and rule 97 in respect or drugs specified from serial number 538 to serial number 551 inserted vide Notification number G.S.R. 277(E), dated 23rd March, 2018 published in the Gazette of India, Extraordinary, Part II, Section
Central Drugs Standard Control Organization, Ministry of Health and Family Welfare, Govt. of India Page 510 of 963
(3), Sub-section (i) shall be on voluntary basis for a period commencing on the day on which this notification shall come into force and ending on the 31st March, 2019 and thereafter shall be mandatory.]",
186,Ethinyloestradiol,SCHEDULE H,(See rules 65 and 97),G.S.R. 360(E),01-07-2024,,502-509,"Note: —1. Preparations exempted under proviso to para 2 of Note to Schedule X shall also be covered by this Schedule.
2. The salts, esters, derivatives and preparations containing the above substances excluding those intended for topical or external use (except ophthalmic and ear/nose preparations containing antibiotics and/or steroids) are also covered by this Schedule.
3. The inclusion of a substance in this Schedule does not imply or convey that the substance is exempted from the provisions of Rule 122A/122B.]
1122[4. The salts, esters, derivatives and preparations containing 1123[steroids or Hydroquinone] for topical or external use shall also be covered under this Schedule.
1124[5. Notwithstanding anything contained in these rules, the provisions of rule 65 and rule 97 in respect or drugs specified from serial number 538 to serial number 551 inserted vide Notification number G.S.R. 277(E), dated 23rd March, 2018 published in the Gazette of India, Extraordinary, Part II, Section
Central Drugs Standard Control Organization, Ministry of Health and Family Welfare, Govt. of India Page 510 of 963
(3), Sub-section (i) shall be on voluntary basis for a period commencing on the day on which this notification shall come into force and ending on the 31st March, 2019 and thereafter shall be mandatory.]",
187,1115[***],SCHEDULE H,(See rules 65 and 97),G.S.R. 360(E),01-07-2024,,502-509,"Note: —1. Preparations exempted under proviso to para 2 of Note to Schedule X shall also be covered by this Schedule.
2. The salts, esters, derivatives and preparations containing the above substances excluding those intended for topical or external use (except ophthalmic and ear/nose preparations containing antibiotics and/or steroids) are also covered by this Schedule.
3. The inclusion of a substance in this Schedule does not imply or convey that the substance is exempted from the provisions of Rule 122A/122B.]
1122[4. The salts, esters, derivatives and preparations containing 1123[steroids or Hydroquinone] for topical or external use shall also be covered under this Schedule.
1124[5. Notwithstanding anything contained in these rules, the provisions of rule 65 and rule 97 in respect or drugs specified from serial number 538 to serial number 551 inserted vide Notification number G.S.R. 277(E), dated 23rd March, 2018 published in the Gazette of India, Extraordinary, Part II, Section
Central Drugs Standard Control Organization, Ministry of Health and Family Welfare, Govt. of India Page 510 of 963
(3), Sub-section (i) shall be on voluntary basis for a period commencing on the day on which this notification shall come into force and ending on the 31st March, 2019 and thereafter shall be mandatory.]","Entries No. 184, 187 and 287 (relating to Ethambutol Hydrochloride, Ethionamide and Levofloxacin) omitted by G.S.R. 588(E) dated 30th August, 2013 (w.e.f. 27-2-2014)."
188,Etidronate Disodium,SCHEDULE H,(See rules 65 and 97),G.S.R. 360(E),01-07-2024,,502-509,"Note: —1. Preparations exempted under proviso to para 2 of Note to Schedule X shall also be covered by this Schedule.
2. The salts, esters, derivatives and preparations containing the above substances excluding those intended for topical or external use (except ophthalmic and ear/nose preparations containing antibiotics and/or steroids) are also covered by this Schedule.
3. The inclusion of a substance in this Schedule does not imply or convey that the substance is exempted from the provisions of Rule 122A/122B.]
1122[4. The salts, esters, derivatives and preparations containing 1123[steroids or Hydroquinone] for topical or external use shall also be covered under this Schedule.
1124[5. Notwithstanding anything contained in these rules, the provisions of rule 65 and rule 97 in respect or drugs specified from serial number 538 to serial number 551 inserted vide Notification number G.S.R. 277(E), dated 23rd March, 2018 published in the Gazette of India, Extraordinary, Part II, Section
Central Drugs Standard Control Organization, Ministry of Health and Family Welfare, Govt. of India Page 510 of 963
(3), Sub-section (i) shall be on voluntary basis for a period commencing on the day on which this notification shall come into force and ending on the 31st March, 2019 and thereafter shall be mandatory.]",
189,Etodolac,SCHEDULE H,(See rules 65 and 97),G.S.R. 360(E),01-07-2024,,502-509,"Note: —1. Preparations exempted under proviso to para 2 of Note to Schedule X shall also be covered by this Schedule.
2. The salts, esters, derivatives and preparations containing the above substances excluding those intended for topical or external use (except ophthalmic and ear/nose preparations containing antibiotics and/or steroids) are also covered by this Schedule.
3. The inclusion of a substance in this Schedule does not imply or convey that the substance is exempted from the provisions of Rule 122A/122B.]
1122[4. The salts, esters, derivatives and preparations containing 1123[steroids or Hydroquinone] for topical or external use shall also be covered under this Schedule.
1124[5. Notwithstanding anything contained in these rules, the provisions of rule 65 and rule 97 in respect or drugs specified from serial number 538 to serial number 551 inserted vide Notification number G.S.R. 277(E), dated 23rd March, 2018 published in the Gazette of India, Extraordinary, Part II, Section
Central Drugs Standard Control Organization, Ministry of Health and Family Welfare, Govt. of India Page 510 of 963
(3), Sub-section (i) shall be on voluntary basis for a period commencing on the day on which this notification shall come into force and ending on the 31st March, 2019 and thereafter shall be mandatory.]",
190,Etomidate,SCHEDULE H,(See rules 65 and 97),G.S.R. 360(E),01-07-2024,,502-509,"Note: —1. Preparations exempted under proviso to para 2 of Note to Schedule X shall also be covered by this Schedule.
2. The salts, esters, derivatives and preparations containing the above substances excluding those intended for topical or external use (except ophthalmic and ear/nose preparations containing antibiotics and/or steroids) are also covered by this Schedule.
3. The inclusion of a substance in this Schedule does not imply or convey that the substance is exempted from the provisions of Rule 122A/122B.]
1122[4. The salts, esters, derivatives and preparations containing 1123[steroids or Hydroquinone] for topical or external use shall also be covered under this Schedule.
1124[5. Notwithstanding anything contained in these rules, the provisions of rule 65 and rule 97 in respect or drugs specified from serial number 538 to serial number 551 inserted vide Notification number G.S.R. 277(E), dated 23rd March, 2018 published in the Gazette of India, Extraordinary, Part II, Section
Central Drugs Standard Control Organization, Ministry of Health and Family Welfare, Govt. of India Page 510 of 963
(3), Sub-section (i) shall be on voluntary basis for a period commencing on the day on which this notification shall come into force and ending on the 31st March, 2019 and thereafter shall be mandatory.]",
191,Etoposide,SCHEDULE H,(See rules 65 and 97),G.S.R. 360(E),01-07-2024,,502-509,"Note: —1. Preparations exempted under proviso to para 2 of Note to Schedule X shall also be covered by this Schedule.
2. The salts, esters, derivatives and preparations containing the above substances excluding those intended for topical or external use (except ophthalmic and ear/nose preparations containing antibiotics and/or steroids) are also covered by this Schedule.
3. The inclusion of a substance in this Schedule does not imply or convey that the substance is exempted from the provisions of Rule 122A/122B.]
1122[4. The salts, esters, derivatives and preparations containing 1123[steroids or Hydroquinone] for topical or external use shall also be covered under this Schedule.
1124[5. Notwithstanding anything contained in these rules, the provisions of rule 65 and rule 97 in respect or drugs specified from serial number 538 to serial number 551 inserted vide Notification number G.S.R. 277(E), dated 23rd March, 2018 published in the Gazette of India, Extraordinary, Part II, Section
Central Drugs Standard Control Organization, Ministry of Health and Family Welfare, Govt. of India Page 510 of 963
(3), Sub-section (i) shall be on voluntary basis for a period commencing on the day on which this notification shall come into force and ending on the 31st March, 2019 and thereafter shall be mandatory.]",
192,Exemestane,SCHEDULE H,(See rules 65 and 97),G.S.R. 360(E),01-07-2024,,502-509,"Note: —1. Preparations exempted under proviso to para 2 of Note to Schedule X shall also be covered by this Schedule.
2. The salts, esters, derivatives and preparations containing the above substances excluding those intended for topical or external use (except ophthalmic and ear/nose preparations containing antibiotics and/or steroids) are also covered by this Schedule.
3. The inclusion of a substance in this Schedule does not imply or convey that the substance is exempted from the provisions of Rule 122A/122B.]
1122[4. The salts, esters, derivatives and preparations containing 1123[steroids or Hydroquinone] for topical or external use shall also be covered under this Schedule.
1124[5. Notwithstanding anything contained in these rules, the provisions of rule 65 and rule 97 in respect or drugs specified from serial number 538 to serial number 551 inserted vide Notification number G.S.R. 277(E), dated 23rd March, 2018 published in the Gazette of India, Extraordinary, Part II, Section
Central Drugs Standard Control Organization, Ministry of Health and Family Welfare, Govt. of India Page 510 of 963
(3), Sub-section (i) shall be on voluntary basis for a period commencing on the day on which this notification shall come into force and ending on the 31st March, 2019 and thereafter shall be mandatory.]",
193,Famciclovir,SCHEDULE H,(See rules 65 and 97),G.S.R. 360(E),01-07-2024,,502-509,"Note: —1. Preparations exempted under proviso to para 2 of Note to Schedule X shall also be covered by this Schedule.
2. The salts, esters, derivatives and preparations containing the above substances excluding those intended for topical or external use (except ophthalmic and ear/nose preparations containing antibiotics and/or steroids) are also covered by this Schedule.
3. The inclusion of a substance in this Schedule does not imply or convey that the substance is exempted from the provisions of Rule 122A/122B.]
1122[4. The salts, esters, derivatives and preparations containing 1123[steroids or Hydroquinone] for topical or external use shall also be covered under this Schedule.
1124[5. Notwithstanding anything contained in these rules, the provisions of rule 65 and rule 97 in respect or drugs specified from serial number 538 to serial number 551 inserted vide Notification number G.S.R. 277(E), dated 23rd March, 2018 published in the Gazette of India, Extraordinary, Part II, Section
Central Drugs Standard Control Organization, Ministry of Health and Family Welfare, Govt. of India Page 510 of 963
(3), Sub-section (i) shall be on voluntary basis for a period commencing on the day on which this notification shall come into force and ending on the 31st March, 2019 and thereafter shall be mandatory.]",
194,Famotidine,SCHEDULE H,(See rules 65 and 97),G.S.R. 360(E),01-07-2024,,502-509,"Note: —1. Preparations exempted under proviso to para 2 of Note to Schedule X shall also be covered by this Schedule.
2. The salts, esters, derivatives and preparations containing the above substances excluding those intended for topical or external use (except ophthalmic and ear/nose preparations containing antibiotics and/or steroids) are also covered by this Schedule.
3. The inclusion of a substance in this Schedule does not imply or convey that the substance is exempted from the provisions of Rule 122A/122B.]
1122[4. The salts, esters, derivatives and preparations containing 1123[steroids or Hydroquinone] for topical or external use shall also be covered under this Schedule.
1124[5. Notwithstanding anything contained in these rules, the provisions of rule 65 and rule 97 in respect or drugs specified from serial number 538 to serial number 551 inserted vide Notification number G.S.R. 277(E), dated 23rd March, 2018 published in the Gazette of India, Extraordinary, Part II, Section
Central Drugs Standard Control Organization, Ministry of Health and Family Welfare, Govt. of India Page 510 of 963
(3), Sub-section (i) shall be on voluntary basis for a period commencing on the day on which this notification shall come into force and ending on the 31st March, 2019 and thereafter shall be mandatory.]",
195,Fenbendazole,SCHEDULE H,(See rules 65 and 97),G.S.R. 360(E),01-07-2024,,502-509,"Note: —1. Preparations exempted under proviso to para 2 of Note to Schedule X shall also be covered by this Schedule.
2. The salts, esters, derivatives and preparations containing the above substances excluding those intended for topical or external use (except ophthalmic and ear/nose preparations containing antibiotics and/or steroids) are also covered by this Schedule.
3. The inclusion of a substance in this Schedule does not imply or convey that the substance is exempted from the provisions of Rule 122A/122B.]
1122[4. The salts, esters, derivatives and preparations containing 1123[steroids or Hydroquinone] for topical or external use shall also be covered under this Schedule.
1124[5. Notwithstanding anything contained in these rules, the provisions of rule 65 and rule 97 in respect or drugs specified from serial number 538 to serial number 551 inserted vide Notification number G.S.R. 277(E), dated 23rd March, 2018 published in the Gazette of India, Extraordinary, Part II, Section
Central Drugs Standard Control Organization, Ministry of Health and Family Welfare, Govt. of India Page 510 of 963
(3), Sub-section (i) shall be on voluntary basis for a period commencing on the day on which this notification shall come into force and ending on the 31st March, 2019 and thereafter shall be mandatory.]",
196,Fenofibrate,SCHEDULE H,(See rules 65 and 97),G.S.R. 360(E),01-07-2024,,502-509,"Note: —1. Preparations exempted under proviso to para 2 of Note to Schedule X shall also be covered by this Schedule.
2. The salts, esters, derivatives and preparations containing the above substances excluding those intended for topical or external use (except ophthalmic and ear/nose preparations containing antibiotics and/or steroids) are also covered by this Schedule.
3. The inclusion of a substance in this Schedule does not imply or convey that the substance is exempted from the provisions of Rule 122A/122B.]
1122[4. The salts, esters, derivatives and preparations containing 1123[steroids or Hydroquinone] for topical or external use shall also be covered under this Schedule.
1124[5. Notwithstanding anything contained in these rules, the provisions of rule 65 and rule 97 in respect or drugs specified from serial number 538 to serial number 551 inserted vide Notification number G.S.R. 277(E), dated 23rd March, 2018 published in the Gazette of India, Extraordinary, Part II, Section
Central Drugs Standard Control Organization, Ministry of Health and Family Welfare, Govt. of India Page 510 of 963
(3), Sub-section (i) shall be on voluntary basis for a period commencing on the day on which this notification shall come into force and ending on the 31st March, 2019 and thereafter shall be mandatory.]",
197,Fexofenadine,SCHEDULE H,(See rules 65 and 97),G.S.R. 360(E),01-07-2024,,502-509,"Note: —1. Preparations exempted under proviso to para 2 of Note to Schedule X shall also be covered by this Schedule.
2. The salts, esters, derivatives and preparations containing the above substances excluding those intended for topical or external use (except ophthalmic and ear/nose preparations containing antibiotics and/or steroids) are also covered by this Schedule.
3. The inclusion of a substance in this Schedule does not imply or convey that the substance is exempted from the provisions of Rule 122A/122B.]
1122[4. The salts, esters, derivatives and preparations containing 1123[steroids or Hydroquinone] for topical or external use shall also be covered under this Schedule.
1124[5. Notwithstanding anything contained in these rules, the provisions of rule 65 and rule 97 in respect or drugs specified from serial number 538 to serial number 551 inserted vide Notification number G.S.R. 277(E), dated 23rd March, 2018 published in the Gazette of India, Extraordinary, Part II, Section
Central Drugs Standard Control Organization, Ministry of Health and Family Welfare, Govt. of India Page 510 of 963
(3), Sub-section (i) shall be on voluntary basis for a period commencing on the day on which this notification shall come into force and ending on the 31st March, 2019 and thereafter shall be mandatory.]",
198,Finasteride,SCHEDULE H,(See rules 65 and 97),G.S.R. 360(E),01-07-2024,,502-509,"Note: —1. Preparations exempted under proviso to para 2 of Note to Schedule X shall also be covered by this Schedule.
2. The salts, esters, derivatives and preparations containing the above substances excluding those intended for topical or external use (except ophthalmic and ear/nose preparations containing antibiotics and/or steroids) are also covered by this Schedule.
3. The inclusion of a substance in this Schedule does not imply or convey that the substance is exempted from the provisions of Rule 122A/122B.]
1122[4. The salts, esters, derivatives and preparations containing 1123[steroids or Hydroquinone] for topical or external use shall also be covered under this Schedule.
1124[5. Notwithstanding anything contained in these rules, the provisions of rule 65 and rule 97 in respect or drugs specified from serial number 538 to serial number 551 inserted vide Notification number G.S.R. 277(E), dated 23rd March, 2018 published in the Gazette of India, Extraordinary, Part II, Section
Central Drugs Standard Control Organization, Ministry of Health and Family Welfare, Govt. of India Page 510 of 963
(3), Sub-section (i) shall be on voluntary basis for a period commencing on the day on which this notification shall come into force and ending on the 31st March, 2019 and thereafter shall be mandatory.]",
199,Flavoxate Hydrochloride,SCHEDULE H,(See rules 65 and 97),G.S.R. 360(E),01-07-2024,,502-509,"Note: —1. Preparations exempted under proviso to para 2 of Note to Schedule X shall also be covered by this Schedule.
2. The salts, esters, derivatives and preparations containing the above substances excluding those intended for topical or external use (except ophthalmic and ear/nose preparations containing antibiotics and/or steroids) are also covered by this Schedule.
3. The inclusion of a substance in this Schedule does not imply or convey that the substance is exempted from the provisions of Rule 122A/122B.]
1122[4. The salts, esters, derivatives and preparations containing 1123[steroids or Hydroquinone] for topical or external use shall also be covered under this Schedule.
1124[5. Notwithstanding anything contained in these rules, the provisions of rule 65 and rule 97 in respect or drugs specified from serial number 538 to serial number 551 inserted vide Notification number G.S.R. 277(E), dated 23rd March, 2018 published in the Gazette of India, Extraordinary, Part II, Section
Central Drugs Standard Control Organization, Ministry of Health and Family Welfare, Govt. of India Page 510 of 963
(3), Sub-section (i) shall be on voluntary basis for a period commencing on the day on which this notification shall come into force and ending on the 31st March, 2019 and thereafter shall be mandatory.]",
200,5-Fluorouracil,SCHEDULE H,(See rules 65 and 97),G.S.R. 360(E),01-07-2024,,502-509,"Note: —1. Preparations exempted under proviso to para 2 of Note to Schedule X shall also be covered by this Schedule.
2. The salts, esters, derivatives and preparations containing the above substances excluding those intended for topical or external use (except ophthalmic and ear/nose preparations containing antibiotics and/or steroids) are also covered by this Schedule.
3. The inclusion of a substance in this Schedule does not imply or convey that the substance is exempted from the provisions of Rule 122A/122B.]
1122[4. The salts, esters, derivatives and preparations containing 1123[steroids or Hydroquinone] for topical or external use shall also be covered under this Schedule.
1124[5. Notwithstanding anything contained in these rules, the provisions of rule 65 and rule 97 in respect or drugs specified from serial number 538 to serial number 551 inserted vide Notification number G.S.R. 277(E), dated 23rd March, 2018 published in the Gazette of India, Extraordinary, Part II, Section
Central Drugs Standard Control Organization, Ministry of Health and Family Welfare, Govt. of India Page 510 of 963
(3), Sub-section (i) shall be on voluntary basis for a period commencing on the day on which this notification shall come into force and ending on the 31st March, 2019 and thereafter shall be mandatory.]",
201,Fludarabine,SCHEDULE H,(See rules 65 and 97),G.S.R. 360(E),01-07-2024,,502-509,"Note: —1. Preparations exempted under proviso to para 2 of Note to Schedule X shall also be covered by this Schedule.
2. The salts, esters, derivatives and preparations containing the above substances excluding those intended for topical or external use (except ophthalmic and ear/nose preparations containing antibiotics and/or steroids) are also covered by this Schedule.
3. The inclusion of a substance in this Schedule does not imply or convey that the substance is exempted from the provisions of Rule 122A/122B.]
1122[4. The salts, esters, derivatives and preparations containing 1123[steroids or Hydroquinone] for topical or external use shall also be covered under this Schedule.
1124[5. Notwithstanding anything contained in these rules, the provisions of rule 65 and rule 97 in respect or drugs specified from serial number 538 to serial number 551 inserted vide Notification number G.S.R. 277(E), dated 23rd March, 2018 published in the Gazette of India, Extraordinary, Part II, Section
Central Drugs Standard Control Organization, Ministry of Health and Family Welfare, Govt. of India Page 510 of 963
(3), Sub-section (i) shall be on voluntary basis for a period commencing on the day on which this notification shall come into force and ending on the 31st March, 2019 and thereafter shall be mandatory.]",
202,Flufenamic Acids,SCHEDULE H,(See rules 65 and 97),G.S.R. 360(E),01-07-2024,,502-509,"Note: —1. Preparations exempted under proviso to para 2 of Note to Schedule X shall also be covered by this Schedule.
2. The salts, esters, derivatives and preparations containing the above substances excluding those intended for topical or external use (except ophthalmic and ear/nose preparations containing antibiotics and/or steroids) are also covered by this Schedule.
3. The inclusion of a substance in this Schedule does not imply or convey that the substance is exempted from the provisions of Rule 122A/122B.]
1122[4. The salts, esters, derivatives and preparations containing 1123[steroids or Hydroquinone] for topical or external use shall also be covered under this Schedule.
1124[5. Notwithstanding anything contained in these rules, the provisions of rule 65 and rule 97 in respect or drugs specified from serial number 538 to serial number 551 inserted vide Notification number G.S.R. 277(E), dated 23rd March, 2018 published in the Gazette of India, Extraordinary, Part II, Section
Central Drugs Standard Control Organization, Ministry of Health and Family Welfare, Govt. of India Page 510 of 963
(3), Sub-section (i) shall be on voluntary basis for a period commencing on the day on which this notification shall come into force and ending on the 31st March, 2019 and thereafter shall be mandatory.]",
203,Flunarizine Hydrochloride,SCHEDULE H,(See rules 65 and 97),G.S.R. 360(E),01-07-2024,,502-509,"Note: —1. Preparations exempted under proviso to para 2 of Note to Schedule X shall also be covered by this Schedule.
2. The salts, esters, derivatives and preparations containing the above substances excluding those intended for topical or external use (except ophthalmic and ear/nose preparations containing antibiotics and/or steroids) are also covered by this Schedule.
3. The inclusion of a substance in this Schedule does not imply or convey that the substance is exempted from the provisions of Rule 122A/122B.]
1122[4. The salts, esters, derivatives and preparations containing 1123[steroids or Hydroquinone] for topical or external use shall also be covered under this Schedule.
1124[5. Notwithstanding anything contained in these rules, the provisions of rule 65 and rule 97 in respect or drugs specified from serial number 538 to serial number 551 inserted vide Notification number G.S.R. 277(E), dated 23rd March, 2018 published in the Gazette of India, Extraordinary, Part II, Section
Central Drugs Standard Control Organization, Ministry of Health and Family Welfare, Govt. of India Page 510 of 963
(3), Sub-section (i) shall be on voluntary basis for a period commencing on the day on which this notification shall come into force and ending on the 31st March, 2019 and thereafter shall be mandatory.]",
204,Fluoxetine Hydrochloride,SCHEDULE H,(See rules 65 and 97),G.S.R. 360(E),01-07-2024,,502-509,"Note: —1. Preparations exempted under proviso to para 2 of Note to Schedule X shall also be covered by this Schedule.
2. The salts, esters, derivatives and preparations containing the above substances excluding those intended for topical or external use (except ophthalmic and ear/nose preparations containing antibiotics and/or steroids) are also covered by this Schedule.
3. The inclusion of a substance in this Schedule does not imply or convey that the substance is exempted from the provisions of Rule 122A/122B.]
1122[4. The salts, esters, derivatives and preparations containing 1123[steroids or Hydroquinone] for topical or external use shall also be covered under this Schedule.
1124[5. Notwithstanding anything contained in these rules, the provisions of rule 65 and rule 97 in respect or drugs specified from serial number 538 to serial number 551 inserted vide Notification number G.S.R. 277(E), dated 23rd March, 2018 published in the Gazette of India, Extraordinary, Part II, Section
Central Drugs Standard Control Organization, Ministry of Health and Family Welfare, Govt. of India Page 510 of 963
(3), Sub-section (i) shall be on voluntary basis for a period commencing on the day on which this notification shall come into force and ending on the 31st March, 2019 and thereafter shall be mandatory.]",
205,Flupenthixol,SCHEDULE H,(See rules 65 and 97),G.S.R. 360(E),01-07-2024,,502-509,"Note: —1. Preparations exempted under proviso to para 2 of Note to Schedule X shall also be covered by this Schedule.
2. The salts, esters, derivatives and preparations containing the above substances excluding those intended for topical or external use (except ophthalmic and ear/nose preparations containing antibiotics and/or steroids) are also covered by this Schedule.
3. The inclusion of a substance in this Schedule does not imply or convey that the substance is exempted from the provisions of Rule 122A/122B.]
1122[4. The salts, esters, derivatives and preparations containing 1123[steroids or Hydroquinone] for topical or external use shall also be covered under this Schedule.
1124[5. Notwithstanding anything contained in these rules, the provisions of rule 65 and rule 97 in respect or drugs specified from serial number 538 to serial number 551 inserted vide Notification number G.S.R. 277(E), dated 23rd March, 2018 published in the Gazette of India, Extraordinary, Part II, Section
Central Drugs Standard Control Organization, Ministry of Health and Family Welfare, Govt. of India Page 510 of 963
(3), Sub-section (i) shall be on voluntary basis for a period commencing on the day on which this notification shall come into force and ending on the 31st March, 2019 and thereafter shall be mandatory.]",
206,Fluphenazine Enanthate and Decanoate,SCHEDULE H,(See rules 65 and 97),G.S.R. 360(E),01-07-2024,,502-509,"Note: —1. Preparations exempted under proviso to para 2 of Note to Schedule X shall also be covered by this Schedule.
2. The salts, esters, derivatives and preparations containing the above substances excluding those intended for topical or external use (except ophthalmic and ear/nose preparations containing antibiotics and/or steroids) are also covered by this Schedule.
3. The inclusion of a substance in this Schedule does not imply or convey that the substance is exempted from the provisions of Rule 122A/122B.]
1122[4. The salts, esters, derivatives and preparations containing 1123[steroids or Hydroquinone] for topical or external use shall also be covered under this Schedule.
1124[5. Notwithstanding anything contained in these rules, the provisions of rule 65 and rule 97 in respect or drugs specified from serial number 538 to serial number 551 inserted vide Notification number G.S.R. 277(E), dated 23rd March, 2018 published in the Gazette of India, Extraordinary, Part II, Section
Central Drugs Standard Control Organization, Ministry of Health and Family Welfare, Govt. of India Page 510 of 963
(3), Sub-section (i) shall be on voluntary basis for a period commencing on the day on which this notification shall come into force and ending on the 31st March, 2019 and thereafter shall be mandatory.]",
207,Flurazepam,SCHEDULE H,(See rules 65 and 97),G.S.R. 360(E),01-07-2024,,502-509,"Note: —1. Preparations exempted under proviso to para 2 of Note to Schedule X shall also be covered by this Schedule.
2. The salts, esters, derivatives and preparations containing the above substances excluding those intended for topical or external use (except ophthalmic and ear/nose preparations containing antibiotics and/or steroids) are also covered by this Schedule.
3. The inclusion of a substance in this Schedule does not imply or convey that the substance is exempted from the provisions of Rule 122A/122B.]
1122[4. The salts, esters, derivatives and preparations containing 1123[steroids or Hydroquinone] for topical or external use shall also be covered under this Schedule.
1124[5. Notwithstanding anything contained in these rules, the provisions of rule 65 and rule 97 in respect or drugs specified from serial number 538 to serial number 551 inserted vide Notification number G.S.R. 277(E), dated 23rd March, 2018 published in the Gazette of India, Extraordinary, Part II, Section
Central Drugs Standard Control Organization, Ministry of Health and Family Welfare, Govt. of India Page 510 of 963
(3), Sub-section (i) shall be on voluntary basis for a period commencing on the day on which this notification shall come into force and ending on the 31st March, 2019 and thereafter shall be mandatory.]",
208,Flurbiprofen,SCHEDULE H,(See rules 65 and 97),G.S.R. 360(E),01-07-2024,,502-509,"Note: —1. Preparations exempted under proviso to para 2 of Note to Schedule X shall also be covered by this Schedule.
2. The salts, esters, derivatives and preparations containing the above substances excluding those intended for topical or external use (except ophthalmic and ear/nose preparations containing antibiotics and/or steroids) are also covered by this Schedule.
3. The inclusion of a substance in this Schedule does not imply or convey that the substance is exempted from the provisions of Rule 122A/122B.]
1122[4. The salts, esters, derivatives and preparations containing 1123[steroids or Hydroquinone] for topical or external use shall also be covered under this Schedule.
1124[5. Notwithstanding anything contained in these rules, the provisions of rule 65 and rule 97 in respect or drugs specified from serial number 538 to serial number 551 inserted vide Notification number G.S.R. 277(E), dated 23rd March, 2018 published in the Gazette of India, Extraordinary, Part II, Section
Central Drugs Standard Control Organization, Ministry of Health and Family Welfare, Govt. of India Page 510 of 963
(3), Sub-section (i) shall be on voluntary basis for a period commencing on the day on which this notification shall come into force and ending on the 31st March, 2019 and thereafter shall be mandatory.]",
209,Flutamide,SCHEDULE H,(See rules 65 and 97),G.S.R. 360(E),01-07-2024,,502-509,"Note: —1. Preparations exempted under proviso to para 2 of Note to Schedule X shall also be covered by this Schedule.
2. The salts, esters, derivatives and preparations containing the above substances excluding those intended for topical or external use (except ophthalmic and ear/nose preparations containing antibiotics and/or steroids) are also covered by this Schedule.
3. The inclusion of a substance in this Schedule does not imply or convey that the substance is exempted from the provisions of Rule 122A/122B.]
1122[4. The salts, esters, derivatives and preparations containing 1123[steroids or Hydroquinone] for topical or external use shall also be covered under this Schedule.
1124[5. Notwithstanding anything contained in these rules, the provisions of rule 65 and rule 97 in respect or drugs specified from serial number 538 to serial number 551 inserted vide Notification number G.S.R. 277(E), dated 23rd March, 2018 published in the Gazette of India, Extraordinary, Part II, Section
Central Drugs Standard Control Organization, Ministry of Health and Family Welfare, Govt. of India Page 510 of 963
(3), Sub-section (i) shall be on voluntary basis for a period commencing on the day on which this notification shall come into force and ending on the 31st March, 2019 and thereafter shall be mandatory.]",
210,Fluticasone Propionate,SCHEDULE H,(See rules 65 and 97),G.S.R. 360(E),01-07-2024,,502-509,"Note: —1. Preparations exempted under proviso to para 2 of Note to Schedule X shall also be covered by this Schedule.
2. The salts, esters, derivatives and preparations containing the above substances excluding those intended for topical or external use (except ophthalmic and ear/nose preparations containing antibiotics and/or steroids) are also covered by this Schedule.
3. The inclusion of a substance in this Schedule does not imply or convey that the substance is exempted from the provisions of Rule 122A/122B.]
1122[4. The salts, esters, derivatives and preparations containing 1123[steroids or Hydroquinone] for topical or external use shall also be covered under this Schedule.
1124[5. Notwithstanding anything contained in these rules, the provisions of rule 65 and rule 97 in respect or drugs specified from serial number 538 to serial number 551 inserted vide Notification number G.S.R. 277(E), dated 23rd March, 2018 published in the Gazette of India, Extraordinary, Part II, Section
Central Drugs Standard Control Organization, Ministry of Health and Family Welfare, Govt. of India Page 510 of 963
(3), Sub-section (i) shall be on voluntary basis for a period commencing on the day on which this notification shall come into force and ending on the 31st March, 2019 and thereafter shall be mandatory.]",
211,Fluvoxamine Maleate,SCHEDULE H,(See rules 65 and 97),G.S.R. 360(E),01-07-2024,,502-509,"Note: —1. Preparations exempted under proviso to para 2 of Note to Schedule X shall also be covered by this Schedule.
2. The salts, esters, derivatives and preparations containing the above substances excluding those intended for topical or external use (except ophthalmic and ear/nose preparations containing antibiotics and/or steroids) are also covered by this Schedule.
3. The inclusion of a substance in this Schedule does not imply or convey that the substance is exempted from the provisions of Rule 122A/122B.]
1122[4. The salts, esters, derivatives and preparations containing 1123[steroids or Hydroquinone] for topical or external use shall also be covered under this Schedule.
1124[5. Notwithstanding anything contained in these rules, the provisions of rule 65 and rule 97 in respect or drugs specified from serial number 538 to serial number 551 inserted vide Notification number G.S.R. 277(E), dated 23rd March, 2018 published in the Gazette of India, Extraordinary, Part II, Section
Central Drugs Standard Control Organization, Ministry of Health and Family Welfare, Govt. of India Page 510 of 963
(3), Sub-section (i) shall be on voluntary basis for a period commencing on the day on which this notification shall come into force and ending on the 31st March, 2019 and thereafter shall be mandatory.]",
212,Formestane,SCHEDULE H,(See rules 65 and 97),G.S.R. 360(E),01-07-2024,,502-509,"Note: —1. Preparations exempted under proviso to para 2 of Note to Schedule X shall also be covered by this Schedule.
2. The salts, esters, derivatives and preparations containing the above substances excluding those intended for topical or external use (except ophthalmic and ear/nose preparations containing antibiotics and/or steroids) are also covered by this Schedule.
3. The inclusion of a substance in this Schedule does not imply or convey that the substance is exempted from the provisions of Rule 122A/122B.]
1122[4. The salts, esters, derivatives and preparations containing 1123[steroids or Hydroquinone] for topical or external use shall also be covered under this Schedule.
1124[5. Notwithstanding anything contained in these rules, the provisions of rule 65 and rule 97 in respect or drugs specified from serial number 538 to serial number 551 inserted vide Notification number G.S.R. 277(E), dated 23rd March, 2018 published in the Gazette of India, Extraordinary, Part II, Section
Central Drugs Standard Control Organization, Ministry of Health and Family Welfare, Govt. of India Page 510 of 963
(3), Sub-section (i) shall be on voluntary basis for a period commencing on the day on which this notification shall come into force and ending on the 31st March, 2019 and thereafter shall be mandatory.]",
213,Fosfestril Sodium,SCHEDULE H,(See rules 65 and 97),G.S.R. 360(E),01-07-2024,,502-509,"Note: —1. Preparations exempted under proviso to para 2 of Note to Schedule X shall also be covered by this Schedule.
2. The salts, esters, derivatives and preparations containing the above substances excluding those intended for topical or external use (except ophthalmic and ear/nose preparations containing antibiotics and/or steroids) are also covered by this Schedule.
3. The inclusion of a substance in this Schedule does not imply or convey that the substance is exempted from the provisions of Rule 122A/122B.]
1122[4. The salts, esters, derivatives and preparations containing 1123[steroids or Hydroquinone] for topical or external use shall also be covered under this Schedule.
1124[5. Notwithstanding anything contained in these rules, the provisions of rule 65 and rule 97 in respect or drugs specified from serial number 538 to serial number 551 inserted vide Notification number G.S.R. 277(E), dated 23rd March, 2018 published in the Gazette of India, Extraordinary, Part II, Section
Central Drugs Standard Control Organization, Ministry of Health and Family Welfare, Govt. of India Page 510 of 963
(3), Sub-section (i) shall be on voluntary basis for a period commencing on the day on which this notification shall come into force and ending on the 31st March, 2019 and thereafter shall be mandatory.]",
214,Fosinopril Sodium,SCHEDULE H,(See rules 65 and 97),G.S.R. 360(E),01-07-2024,,502-509,"Note: —1. Preparations exempted under proviso to para 2 of Note to Schedule X shall also be covered by this Schedule.
2. The salts, esters, derivatives and preparations containing the above substances excluding those intended for topical or external use (except ophthalmic and ear/nose preparations containing antibiotics and/or steroids) are also covered by this Schedule.
3. The inclusion of a substance in this Schedule does not imply or convey that the substance is exempted from the provisions of Rule 122A/122B.]
1122[4. The salts, esters, derivatives and preparations containing 1123[steroids or Hydroquinone] for topical or external use shall also be covered under this Schedule.
1124[5. Notwithstanding anything contained in these rules, the provisions of rule 65 and rule 97 in respect or drugs specified from serial number 538 to serial number 551 inserted vide Notification number G.S.R. 277(E), dated 23rd March, 2018 published in the Gazette of India, Extraordinary, Part II, Section
Central Drugs Standard Control Organization, Ministry of Health and Family Welfare, Govt. of India Page 510 of 963
(3), Sub-section (i) shall be on voluntary basis for a period commencing on the day on which this notification shall come into force and ending on the 31st March, 2019 and thereafter shall be mandatory.]",
215,Fossphenytoin Sodium,SCHEDULE H,(See rules 65 and 97),G.S.R. 360(E),01-07-2024,,502-509,"Note: —1. Preparations exempted under proviso to para 2 of Note to Schedule X shall also be covered by this Schedule.
2. The salts, esters, derivatives and preparations containing the above substances excluding those intended for topical or external use (except ophthalmic and ear/nose preparations containing antibiotics and/or steroids) are also covered by this Schedule.
3. The inclusion of a substance in this Schedule does not imply or convey that the substance is exempted from the provisions of Rule 122A/122B.]
1122[4. The salts, esters, derivatives and preparations containing 1123[steroids or Hydroquinone] for topical or external use shall also be covered under this Schedule.
1124[5. Notwithstanding anything contained in these rules, the provisions of rule 65 and rule 97 in respect or drugs specified from serial number 538 to serial number 551 inserted vide Notification number G.S.R. 277(E), dated 23rd March, 2018 published in the Gazette of India, Extraordinary, Part II, Section
Central Drugs Standard Control Organization, Ministry of Health and Family Welfare, Govt. of India Page 510 of 963
(3), Sub-section (i) shall be on voluntary basis for a period commencing on the day on which this notification shall come into force and ending on the 31st March, 2019 and thereafter shall be mandatory.]",
216,Fotemustine,SCHEDULE H,(See rules 65 and 97),G.S.R. 360(E),01-07-2024,,502-509,"Note: —1. Preparations exempted under proviso to para 2 of Note to Schedule X shall also be covered by this Schedule.
2. The salts, esters, derivatives and preparations containing the above substances excluding those intended for topical or external use (except ophthalmic and ear/nose preparations containing antibiotics and/or steroids) are also covered by this Schedule.
3. The inclusion of a substance in this Schedule does not imply or convey that the substance is exempted from the provisions of Rule 122A/122B.]
1122[4. The salts, esters, derivatives and preparations containing 1123[steroids or Hydroquinone] for topical or external use shall also be covered under this Schedule.
1124[5. Notwithstanding anything contained in these rules, the provisions of rule 65 and rule 97 in respect or drugs specified from serial number 538 to serial number 551 inserted vide Notification number G.S.R. 277(E), dated 23rd March, 2018 published in the Gazette of India, Extraordinary, Part II, Section
Central Drugs Standard Control Organization, Ministry of Health and Family Welfare, Govt. of India Page 510 of 963
(3), Sub-section (i) shall be on voluntary basis for a period commencing on the day on which this notification shall come into force and ending on the 31st March, 2019 and thereafter shall be mandatory.]",
217,Gabapentin,SCHEDULE H,(See rules 65 and 97),G.S.R. 360(E),01-07-2024,,502-509,"Note: —1. Preparations exempted under proviso to para 2 of Note to Schedule X shall also be covered by this Schedule.
2. The salts, esters, derivatives and preparations containing the above substances excluding those intended for topical or external use (except ophthalmic and ear/nose preparations containing antibiotics and/or steroids) are also covered by this Schedule.
3. The inclusion of a substance in this Schedule does not imply or convey that the substance is exempted from the provisions of Rule 122A/122B.]
1122[4. The salts, esters, derivatives and preparations containing 1123[steroids or Hydroquinone] for topical or external use shall also be covered under this Schedule.
1124[5. Notwithstanding anything contained in these rules, the provisions of rule 65 and rule 97 in respect or drugs specified from serial number 538 to serial number 551 inserted vide Notification number G.S.R. 277(E), dated 23rd March, 2018 published in the Gazette of India, Extraordinary, Part II, Section
Central Drugs Standard Control Organization, Ministry of Health and Family Welfare, Govt. of India Page 510 of 963
(3), Sub-section (i) shall be on voluntary basis for a period commencing on the day on which this notification shall come into force and ending on the 31st March, 2019 and thereafter shall be mandatory.]",
218,Galanthamine Hydrobromide,SCHEDULE H,(See rules 65 and 97),G.S.R. 360(E),01-07-2024,,502-509,"Note: —1. Preparations exempted under proviso to para 2 of Note to Schedule X shall also be covered by this Schedule.
2. The salts, esters, derivatives and preparations containing the above substances excluding those intended for topical or external use (except ophthalmic and ear/nose preparations containing antibiotics and/or steroids) are also covered by this Schedule.
3. The inclusion of a substance in this Schedule does not imply or convey that the substance is exempted from the provisions of Rule 122A/122B.]
1122[4. The salts, esters, derivatives and preparations containing 1123[steroids or Hydroquinone] for topical or external use shall also be covered under this Schedule.
1124[5. Notwithstanding anything contained in these rules, the provisions of rule 65 and rule 97 in respect or drugs specified from serial number 538 to serial number 551 inserted vide Notification number G.S.R. 277(E), dated 23rd March, 2018 published in the Gazette of India, Extraordinary, Part II, Section
Central Drugs Standard Control Organization, Ministry of Health and Family Welfare, Govt. of India Page 510 of 963
(3), Sub-section (i) shall be on voluntary basis for a period commencing on the day on which this notification shall come into force and ending on the 31st March, 2019 and thereafter shall be mandatory.]",
219,"Gallamine, its Salts, its Quaternary Compound",SCHEDULE H,(See rules 65 and 97),G.S.R. 360(E),01-07-2024,,502-509,"Note: —1. Preparations exempted under proviso to para 2 of Note to Schedule X shall also be covered by this Schedule.
2. The salts, esters, derivatives and preparations containing the above substances excluding those intended for topical or external use (except ophthalmic and ear/nose preparations containing antibiotics and/or steroids) are also covered by this Schedule.
3. The inclusion of a substance in this Schedule does not imply or convey that the substance is exempted from the provisions of Rule 122A/122B.]
1122[4. The salts, esters, derivatives and preparations containing 1123[steroids or Hydroquinone] for topical or external use shall also be covered under this Schedule.
1124[5. Notwithstanding anything contained in these rules, the provisions of rule 65 and rule 97 in respect or drugs specified from serial number 538 to serial number 551 inserted vide Notification number G.S.R. 277(E), dated 23rd March, 2018 published in the Gazette of India, Extraordinary, Part II, Section
Central Drugs Standard Control Organization, Ministry of Health and Family Welfare, Govt. of India Page 510 of 963
(3), Sub-section (i) shall be on voluntary basis for a period commencing on the day on which this notification shall come into force and ending on the 31st March, 2019 and thereafter shall be mandatory.]",
220,Gancyclovir,SCHEDULE H,(See rules 65 and 97),G.S.R. 360(E),01-07-2024,,502-509,"Note: —1. Preparations exempted under proviso to para 2 of Note to Schedule X shall also be covered by this Schedule.
2. The salts, esters, derivatives and preparations containing the above substances excluding those intended for topical or external use (except ophthalmic and ear/nose preparations containing antibiotics and/or steroids) are also covered by this Schedule.
3. The inclusion of a substance in this Schedule does not imply or convey that the substance is exempted from the provisions of Rule 122A/122B.]
1122[4. The salts, esters, derivatives and preparations containing 1123[steroids or Hydroquinone] for topical or external use shall also be covered under this Schedule.
1124[5. Notwithstanding anything contained in these rules, the provisions of rule 65 and rule 97 in respect or drugs specified from serial number 538 to serial number 551 inserted vide Notification number G.S.R. 277(E), dated 23rd March, 2018 published in the Gazette of India, Extraordinary, Part II, Section
Central Drugs Standard Control Organization, Ministry of Health and Family Welfare, Govt. of India Page 510 of 963
(3), Sub-section (i) shall be on voluntary basis for a period commencing on the day on which this notification shall come into force and ending on the 31st March, 2019 and thereafter shall be mandatory.]",
221,Ganirelix,SCHEDULE H,(See rules 65 and 97),G.S.R. 360(E),01-07-2024,,502-509,"Note: —1. Preparations exempted under proviso to para 2 of Note to Schedule X shall also be covered by this Schedule.
2. The salts, esters, derivatives and preparations containing the above substances excluding those intended for topical or external use (except ophthalmic and ear/nose preparations containing antibiotics and/or steroids) are also covered by this Schedule.
3. The inclusion of a substance in this Schedule does not imply or convey that the substance is exempted from the provisions of Rule 122A/122B.]
1122[4. The salts, esters, derivatives and preparations containing 1123[steroids or Hydroquinone] for topical or external use shall also be covered under this Schedule.
1124[5. Notwithstanding anything contained in these rules, the provisions of rule 65 and rule 97 in respect or drugs specified from serial number 538 to serial number 551 inserted vide Notification number G.S.R. 277(E), dated 23rd March, 2018 published in the Gazette of India, Extraordinary, Part II, Section
Central Drugs Standard Control Organization, Ministry of Health and Family Welfare, Govt. of India Page 510 of 963
(3), Sub-section (i) shall be on voluntary basis for a period commencing on the day on which this notification shall come into force and ending on the 31st March, 2019 and thereafter shall be mandatory.]",
222,Gatifloxacin,SCHEDULE H,(See rules 65 and 97),G.S.R. 360(E),01-07-2024,,502-509,"Note: —1. Preparations exempted under proviso to para 2 of Note to Schedule X shall also be covered by this Schedule.
2. The salts, esters, derivatives and preparations containing the above substances excluding those intended for topical or external use (except ophthalmic and ear/nose preparations containing antibiotics and/or steroids) are also covered by this Schedule.
3. The inclusion of a substance in this Schedule does not imply or convey that the substance is exempted from the provisions of Rule 122A/122B.]
1122[4. The salts, esters, derivatives and preparations containing 1123[steroids or Hydroquinone] for topical or external use shall also be covered under this Schedule.
1124[5. Notwithstanding anything contained in these rules, the provisions of rule 65 and rule 97 in respect or drugs specified from serial number 538 to serial number 551 inserted vide Notification number G.S.R. 277(E), dated 23rd March, 2018 published in the Gazette of India, Extraordinary, Part II, Section
Central Drugs Standard Control Organization, Ministry of Health and Family Welfare, Govt. of India Page 510 of 963
(3), Sub-section (i) shall be on voluntary basis for a period commencing on the day on which this notification shall come into force and ending on the 31st March, 2019 and thereafter shall be mandatory.]",
223,Gemcitabine,SCHEDULE H,(See rules 65 and 97),G.S.R. 360(E),01-07-2024,,502-509,"Note: —1. Preparations exempted under proviso to para 2 of Note to Schedule X shall also be covered by this Schedule.
2. The salts, esters, derivatives and preparations containing the above substances excluding those intended for topical or external use (except ophthalmic and ear/nose preparations containing antibiotics and/or steroids) are also covered by this Schedule.
3. The inclusion of a substance in this Schedule does not imply or convey that the substance is exempted from the provisions of Rule 122A/122B.]
1122[4. The salts, esters, derivatives and preparations containing 1123[steroids or Hydroquinone] for topical or external use shall also be covered under this Schedule.
1124[5. Notwithstanding anything contained in these rules, the provisions of rule 65 and rule 97 in respect or drugs specified from serial number 538 to serial number 551 inserted vide Notification number G.S.R. 277(E), dated 23rd March, 2018 published in the Gazette of India, Extraordinary, Part II, Section
Central Drugs Standard Control Organization, Ministry of Health and Family Welfare, Govt. of India Page 510 of 963
(3), Sub-section (i) shall be on voluntary basis for a period commencing on the day on which this notification shall come into force and ending on the 31st March, 2019 and thereafter shall be mandatory.]",
224,Gemfibrozil,SCHEDULE H,(See rules 65 and 97),G.S.R. 360(E),01-07-2024,,502-509,"Note: —1. Preparations exempted under proviso to para 2 of Note to Schedule X shall also be covered by this Schedule.
2. The salts, esters, derivatives and preparations containing the above substances excluding those intended for topical or external use (except ophthalmic and ear/nose preparations containing antibiotics and/or steroids) are also covered by this Schedule.
3. The inclusion of a substance in this Schedule does not imply or convey that the substance is exempted from the provisions of Rule 122A/122B.]
1122[4. The salts, esters, derivatives and preparations containing 1123[steroids or Hydroquinone] for topical or external use shall also be covered under this Schedule.
1124[5. Notwithstanding anything contained in these rules, the provisions of rule 65 and rule 97 in respect or drugs specified from serial number 538 to serial number 551 inserted vide Notification number G.S.R. 277(E), dated 23rd March, 2018 published in the Gazette of India, Extraordinary, Part II, Section
Central Drugs Standard Control Organization, Ministry of Health and Family Welfare, Govt. of India Page 510 of 963
(3), Sub-section (i) shall be on voluntary basis for a period commencing on the day on which this notification shall come into force and ending on the 31st March, 2019 and thereafter shall be mandatory.]",
225,Gemtuzumab,SCHEDULE H,(See rules 65 and 97),G.S.R. 360(E),01-07-2024,,502-509,"Note: —1. Preparations exempted under proviso to para 2 of Note to Schedule X shall also be covered by this Schedule.
2. The salts, esters, derivatives and preparations containing the above substances excluding those intended for topical or external use (except ophthalmic and ear/nose preparations containing antibiotics and/or steroids) are also covered by this Schedule.
3. The inclusion of a substance in this Schedule does not imply or convey that the substance is exempted from the provisions of Rule 122A/122B.]
1122[4. The salts, esters, derivatives and preparations containing 1123[steroids or Hydroquinone] for topical or external use shall also be covered under this Schedule.
1124[5. Notwithstanding anything contained in these rules, the provisions of rule 65 and rule 97 in respect or drugs specified from serial number 538 to serial number 551 inserted vide Notification number G.S.R. 277(E), dated 23rd March, 2018 published in the Gazette of India, Extraordinary, Part II, Section
Central Drugs Standard Control Organization, Ministry of Health and Family Welfare, Govt. of India Page 510 of 963
(3), Sub-section (i) shall be on voluntary basis for a period commencing on the day on which this notification shall come into force and ending on the 31st March, 2019 and thereafter shall be mandatory.]",
226,Genodeoxycholic Acid,SCHEDULE H,(See rules 65 and 97),G.S.R. 360(E),01-07-2024,,502-509,"Note: —1. Preparations exempted under proviso to para 2 of Note to Schedule X shall also be covered by this Schedule.
2. The salts, esters, derivatives and preparations containing the above substances excluding those intended for topical or external use (except ophthalmic and ear/nose preparations containing antibiotics and/or steroids) are also covered by this Schedule.
3. The inclusion of a substance in this Schedule does not imply or convey that the substance is exempted from the provisions of Rule 122A/122B.]
1122[4. The salts, esters, derivatives and preparations containing 1123[steroids or Hydroquinone] for topical or external use shall also be covered under this Schedule.
1124[5. Notwithstanding anything contained in these rules, the provisions of rule 65 and rule 97 in respect or drugs specified from serial number 538 to serial number 551 inserted vide Notification number G.S.R. 277(E), dated 23rd March, 2018 published in the Gazette of India, Extraordinary, Part II, Section
Central Drugs Standard Control Organization, Ministry of Health and Family Welfare, Govt. of India Page 510 of 963
(3), Sub-section (i) shall be on voluntary basis for a period commencing on the day on which this notification shall come into force and ending on the 31st March, 2019 and thereafter shall be mandatory.]",
227,Gliclazide,SCHEDULE H,(See rules 65 and 97),G.S.R. 360(E),01-07-2024,,502-509,"Note: —1. Preparations exempted under proviso to para 2 of Note to Schedule X shall also be covered by this Schedule.
2. The salts, esters, derivatives and preparations containing the above substances excluding those intended for topical or external use (except ophthalmic and ear/nose preparations containing antibiotics and/or steroids) are also covered by this Schedule.
3. The inclusion of a substance in this Schedule does not imply or convey that the substance is exempted from the provisions of Rule 122A/122B.]
1122[4. The salts, esters, derivatives and preparations containing 1123[steroids or Hydroquinone] for topical or external use shall also be covered under this Schedule.
1124[5. Notwithstanding anything contained in these rules, the provisions of rule 65 and rule 97 in respect or drugs specified from serial number 538 to serial number 551 inserted vide Notification number G.S.R. 277(E), dated 23rd March, 2018 published in the Gazette of India, Extraordinary, Part II, Section
Central Drugs Standard Control Organization, Ministry of Health and Family Welfare, Govt. of India Page 510 of 963
(3), Sub-section (i) shall be on voluntary basis for a period commencing on the day on which this notification shall come into force and ending on the 31st March, 2019 and thereafter shall be mandatory.]",
228,Glimepiride,SCHEDULE H,(See rules 65 and 97),G.S.R. 360(E),01-07-2024,,502-509,"Note: —1. Preparations exempted under proviso to para 2 of Note to Schedule X shall also be covered by this Schedule.
2. The salts, esters, derivatives and preparations containing the above substances excluding those intended for topical or external use (except ophthalmic and ear/nose preparations containing antibiotics and/or steroids) are also covered by this Schedule.
3. The inclusion of a substance in this Schedule does not imply or convey that the substance is exempted from the provisions of Rule 122A/122B.]
1122[4. The salts, esters, derivatives and preparations containing 1123[steroids or Hydroquinone] for topical or external use shall also be covered under this Schedule.
1124[5. Notwithstanding anything contained in these rules, the provisions of rule 65 and rule 97 in respect or drugs specified from serial number 538 to serial number 551 inserted vide Notification number G.S.R. 277(E), dated 23rd March, 2018 published in the Gazette of India, Extraordinary, Part II, Section
Central Drugs Standard Control Organization, Ministry of Health and Family Welfare, Govt. of India Page 510 of 963
(3), Sub-section (i) shall be on voluntary basis for a period commencing on the day on which this notification shall come into force and ending on the 31st March, 2019 and thereafter shall be mandatory.]",
229,Glucagon,SCHEDULE H,(See rules 65 and 97),G.S.R. 360(E),01-07-2024,,502-509,"Note: —1. Preparations exempted under proviso to para 2 of Note to Schedule X shall also be covered by this Schedule.
2. The salts, esters, derivatives and preparations containing the above substances excluding those intended for topical or external use (except ophthalmic and ear/nose preparations containing antibiotics and/or steroids) are also covered by this Schedule.
3. The inclusion of a substance in this Schedule does not imply or convey that the substance is exempted from the provisions of Rule 122A/122B.]
1122[4. The salts, esters, derivatives and preparations containing 1123[steroids or Hydroquinone] for topical or external use shall also be covered under this Schedule.
1124[5. Notwithstanding anything contained in these rules, the provisions of rule 65 and rule 97 in respect or drugs specified from serial number 538 to serial number 551 inserted vide Notification number G.S.R. 277(E), dated 23rd March, 2018 published in the Gazette of India, Extraordinary, Part II, Section
Central Drugs Standard Control Organization, Ministry of Health and Family Welfare, Govt. of India Page 510 of 963
(3), Sub-section (i) shall be on voluntary basis for a period commencing on the day on which this notification shall come into force and ending on the 31st March, 2019 and thereafter shall be mandatory.]",
230,Glycopyrrolate,SCHEDULE H,(See rules 65 and 97),G.S.R. 360(E),01-07-2024,,502-509,"Note: —1. Preparations exempted under proviso to para 2 of Note to Schedule X shall also be covered by this Schedule.
2. The salts, esters, derivatives and preparations containing the above substances excluding those intended for topical or external use (except ophthalmic and ear/nose preparations containing antibiotics and/or steroids) are also covered by this Schedule.
3. The inclusion of a substance in this Schedule does not imply or convey that the substance is exempted from the provisions of Rule 122A/122B.]
1122[4. The salts, esters, derivatives and preparations containing 1123[steroids or Hydroquinone] for topical or external use shall also be covered under this Schedule.
1124[5. Notwithstanding anything contained in these rules, the provisions of rule 65 and rule 97 in respect or drugs specified from serial number 538 to serial number 551 inserted vide Notification number G.S.R. 277(E), dated 23rd March, 2018 published in the Gazette of India, Extraordinary, Part II, Section
Central Drugs Standard Control Organization, Ministry of Health and Family Welfare, Govt. of India Page 510 of 963
(3), Sub-section (i) shall be on voluntary basis for a period commencing on the day on which this notification shall come into force and ending on the 31st March, 2019 and thereafter shall be mandatory.]",
231,Glydiazinamide,SCHEDULE H,(See rules 65 and 97),G.S.R. 360(E),01-07-2024,,502-509,"Note: —1. Preparations exempted under proviso to para 2 of Note to Schedule X shall also be covered by this Schedule.
2. The salts, esters, derivatives and preparations containing the above substances excluding those intended for topical or external use (except ophthalmic and ear/nose preparations containing antibiotics and/or steroids) are also covered by this Schedule.
3. The inclusion of a substance in this Schedule does not imply or convey that the substance is exempted from the provisions of Rule 122A/122B.]
1122[4. The salts, esters, derivatives and preparations containing 1123[steroids or Hydroquinone] for topical or external use shall also be covered under this Schedule.
1124[5. Notwithstanding anything contained in these rules, the provisions of rule 65 and rule 97 in respect or drugs specified from serial number 538 to serial number 551 inserted vide Notification number G.S.R. 277(E), dated 23rd March, 2018 published in the Gazette of India, Extraordinary, Part II, Section
Central Drugs Standard Control Organization, Ministry of Health and Family Welfare, Govt. of India Page 510 of 963
(3), Sub-section (i) shall be on voluntary basis for a period commencing on the day on which this notification shall come into force and ending on the 31st March, 2019 and thereafter shall be mandatory.]",
232,Goserelin Acetate,SCHEDULE H,(See rules 65 and 97),G.S.R. 360(E),01-07-2024,,502-509,"Note: —1. Preparations exempted under proviso to para 2 of Note to Schedule X shall also be covered by this Schedule.
2. The salts, esters, derivatives and preparations containing the above substances excluding those intended for topical or external use (except ophthalmic and ear/nose preparations containing antibiotics and/or steroids) are also covered by this Schedule.
3. The inclusion of a substance in this Schedule does not imply or convey that the substance is exempted from the provisions of Rule 122A/122B.]
1122[4. The salts, esters, derivatives and preparations containing 1123[steroids or Hydroquinone] for topical or external use shall also be covered under this Schedule.
1124[5. Notwithstanding anything contained in these rules, the provisions of rule 65 and rule 97 in respect or drugs specified from serial number 538 to serial number 551 inserted vide Notification number G.S.R. 277(E), dated 23rd March, 2018 published in the Gazette of India, Extraordinary, Part II, Section
Central Drugs Standard Control Organization, Ministry of Health and Family Welfare, Govt. of India Page 510 of 963
(3), Sub-section (i) shall be on voluntary basis for a period commencing on the day on which this notification shall come into force and ending on the 31st March, 2019 and thereafter shall be mandatory.]",
233,Granisetron,SCHEDULE H,(See rules 65 and 97),G.S.R. 360(E),01-07-2024,,502-509,"Note: —1. Preparations exempted under proviso to para 2 of Note to Schedule X shall also be covered by this Schedule.
2. The salts, esters, derivatives and preparations containing the above substances excluding those intended for topical or external use (except ophthalmic and ear/nose preparations containing antibiotics and/or steroids) are also covered by this Schedule.
3. The inclusion of a substance in this Schedule does not imply or convey that the substance is exempted from the provisions of Rule 122A/122B.]
1122[4. The salts, esters, derivatives and preparations containing 1123[steroids or Hydroquinone] for topical or external use shall also be covered under this Schedule.
1124[5. Notwithstanding anything contained in these rules, the provisions of rule 65 and rule 97 in respect or drugs specified from serial number 538 to serial number 551 inserted vide Notification number G.S.R. 277(E), dated 23rd March, 2018 published in the Gazette of India, Extraordinary, Part II, Section
Central Drugs Standard Control Organization, Ministry of Health and Family Welfare, Govt. of India Page 510 of 963
(3), Sub-section (i) shall be on voluntary basis for a period commencing on the day on which this notification shall come into force and ending on the 31st March, 2019 and thereafter shall be mandatory.]",
234,Guanethidine,SCHEDULE H,(See rules 65 and 97),G.S.R. 360(E),01-07-2024,,502-509,"Note: —1. Preparations exempted under proviso to para 2 of Note to Schedule X shall also be covered by this Schedule.
2. The salts, esters, derivatives and preparations containing the above substances excluding those intended for topical or external use (except ophthalmic and ear/nose preparations containing antibiotics and/or steroids) are also covered by this Schedule.
3. The inclusion of a substance in this Schedule does not imply or convey that the substance is exempted from the provisions of Rule 122A/122B.]
1122[4. The salts, esters, derivatives and preparations containing 1123[steroids or Hydroquinone] for topical or external use shall also be covered under this Schedule.
1124[5. Notwithstanding anything contained in these rules, the provisions of rule 65 and rule 97 in respect or drugs specified from serial number 538 to serial number 551 inserted vide Notification number G.S.R. 277(E), dated 23rd March, 2018 published in the Gazette of India, Extraordinary, Part II, Section
Central Drugs Standard Control Organization, Ministry of Health and Family Welfare, Govt. of India Page 510 of 963
(3), Sub-section (i) shall be on voluntary basis for a period commencing on the day on which this notification shall come into force and ending on the 31st March, 2019 and thereafter shall be mandatory.]",
235,Gugulipid,SCHEDULE H,(See rules 65 and 97),G.S.R. 360(E),01-07-2024,,502-509,"Note: —1. Preparations exempted under proviso to para 2 of Note to Schedule X shall also be covered by this Schedule.
2. The salts, esters, derivatives and preparations containing the above substances excluding those intended for topical or external use (except ophthalmic and ear/nose preparations containing antibiotics and/or steroids) are also covered by this Schedule.
3. The inclusion of a substance in this Schedule does not imply or convey that the substance is exempted from the provisions of Rule 122A/122B.]
1122[4. The salts, esters, derivatives and preparations containing 1123[steroids or Hydroquinone] for topical or external use shall also be covered under this Schedule.
1124[5. Notwithstanding anything contained in these rules, the provisions of rule 65 and rule 97 in respect or drugs specified from serial number 538 to serial number 551 inserted vide Notification number G.S.R. 277(E), dated 23rd March, 2018 published in the Gazette of India, Extraordinary, Part II, Section
Central Drugs Standard Control Organization, Ministry of Health and Family Welfare, Govt. of India Page 510 of 963
(3), Sub-section (i) shall be on voluntary basis for a period commencing on the day on which this notification shall come into force and ending on the 31st March, 2019 and thereafter shall be mandatory.]",
236,Halogenated Hydroxyquinolines,SCHEDULE H,(See rules 65 and 97),G.S.R. 360(E),01-07-2024,,502-509,"Note: —1. Preparations exempted under proviso to para 2 of Note to Schedule X shall also be covered by this Schedule.
2. The salts, esters, derivatives and preparations containing the above substances excluding those intended for topical or external use (except ophthalmic and ear/nose preparations containing antibiotics and/or steroids) are also covered by this Schedule.
3. The inclusion of a substance in this Schedule does not imply or convey that the substance is exempted from the provisions of Rule 122A/122B.]
1122[4. The salts, esters, derivatives and preparations containing 1123[steroids or Hydroquinone] for topical or external use shall also be covered under this Schedule.
1124[5. Notwithstanding anything contained in these rules, the provisions of rule 65 and rule 97 in respect or drugs specified from serial number 538 to serial number 551 inserted vide Notification number G.S.R. 277(E), dated 23rd March, 2018 published in the Gazette of India, Extraordinary, Part II, Section
Central Drugs Standard Control Organization, Ministry of Health and Family Welfare, Govt. of India Page 510 of 963
(3), Sub-section (i) shall be on voluntary basis for a period commencing on the day on which this notification shall come into force and ending on the 31st March, 2019 and thereafter shall be mandatory.]",
237,Haloperidol,SCHEDULE H,(See rules 65 and 97),G.S.R. 360(E),01-07-2024,,502-509,"Note: —1. Preparations exempted under proviso to para 2 of Note to Schedule X shall also be covered by this Schedule.
2. The salts, esters, derivatives and preparations containing the above substances excluding those intended for topical or external use (except ophthalmic and ear/nose preparations containing antibiotics and/or steroids) are also covered by this Schedule.
3. The inclusion of a substance in this Schedule does not imply or convey that the substance is exempted from the provisions of Rule 122A/122B.]
1122[4. The salts, esters, derivatives and preparations containing 1123[steroids or Hydroquinone] for topical or external use shall also be covered under this Schedule.
1124[5. Notwithstanding anything contained in these rules, the provisions of rule 65 and rule 97 in respect or drugs specified from serial number 538 to serial number 551 inserted vide Notification number G.S.R. 277(E), dated 23rd March, 2018 published in the Gazette of India, Extraordinary, Part II, Section
Central Drugs Standard Control Organization, Ministry of Health and Family Welfare, Govt. of India Page 510 of 963
(3), Sub-section (i) shall be on voluntary basis for a period commencing on the day on which this notification shall come into force and ending on the 31st March, 2019 and thereafter shall be mandatory.]",
238,Heparin,SCHEDULE H,(See rules 65 and 97),G.S.R. 360(E),01-07-2024,,502-509,"Note: —1. Preparations exempted under proviso to para 2 of Note to Schedule X shall also be covered by this Schedule.
2. The salts, esters, derivatives and preparations containing the above substances excluding those intended for topical or external use (except ophthalmic and ear/nose preparations containing antibiotics and/or steroids) are also covered by this Schedule.
3. The inclusion of a substance in this Schedule does not imply or convey that the substance is exempted from the provisions of Rule 122A/122B.]
1122[4. The salts, esters, derivatives and preparations containing 1123[steroids or Hydroquinone] for topical or external use shall also be covered under this Schedule.
1124[5. Notwithstanding anything contained in these rules, the provisions of rule 65 and rule 97 in respect or drugs specified from serial number 538 to serial number 551 inserted vide Notification number G.S.R. 277(E), dated 23rd March, 2018 published in the Gazette of India, Extraordinary, Part II, Section
Central Drugs Standard Control Organization, Ministry of Health and Family Welfare, Govt. of India Page 510 of 963
(3), Sub-section (i) shall be on voluntary basis for a period commencing on the day on which this notification shall come into force and ending on the 31st March, 2019 and thereafter shall be mandatory.]",
239,Hepatitis B. Vaccine,SCHEDULE H,(See rules 65 and 97),G.S.R. 360(E),01-07-2024,,502-509,"Note: —1. Preparations exempted under proviso to para 2 of Note to Schedule X shall also be covered by this Schedule.
2. The salts, esters, derivatives and preparations containing the above substances excluding those intended for topical or external use (except ophthalmic and ear/nose preparations containing antibiotics and/or steroids) are also covered by this Schedule.
3. The inclusion of a substance in this Schedule does not imply or convey that the substance is exempted from the provisions of Rule 122A/122B.]
1122[4. The salts, esters, derivatives and preparations containing 1123[steroids or Hydroquinone] for topical or external use shall also be covered under this Schedule.
1124[5. Notwithstanding anything contained in these rules, the provisions of rule 65 and rule 97 in respect or drugs specified from serial number 538 to serial number 551 inserted vide Notification number G.S.R. 277(E), dated 23rd March, 2018 published in the Gazette of India, Extraordinary, Part II, Section
Central Drugs Standard Control Organization, Ministry of Health and Family Welfare, Govt. of India Page 510 of 963
(3), Sub-section (i) shall be on voluntary basis for a period commencing on the day on which this notification shall come into force and ending on the 31st March, 2019 and thereafter shall be mandatory.]",
240,Hyaluronidase,SCHEDULE H,(See rules 65 and 97),G.S.R. 360(E),01-07-2024,,502-509,"Note: —1. Preparations exempted under proviso to para 2 of Note to Schedule X shall also be covered by this Schedule.
2. The salts, esters, derivatives and preparations containing the above substances excluding those intended for topical or external use (except ophthalmic and ear/nose preparations containing antibiotics and/or steroids) are also covered by this Schedule.
3. The inclusion of a substance in this Schedule does not imply or convey that the substance is exempted from the provisions of Rule 122A/122B.]
1122[4. The salts, esters, derivatives and preparations containing 1123[steroids or Hydroquinone] for topical or external use shall also be covered under this Schedule.
1124[5. Notwithstanding anything contained in these rules, the provisions of rule 65 and rule 97 in respect or drugs specified from serial number 538 to serial number 551 inserted vide Notification number G.S.R. 277(E), dated 23rd March, 2018 published in the Gazette of India, Extraordinary, Part II, Section
Central Drugs Standard Control Organization, Ministry of Health and Family Welfare, Govt. of India Page 510 of 963
(3), Sub-section (i) shall be on voluntary basis for a period commencing on the day on which this notification shall come into force and ending on the 31st March, 2019 and thereafter shall be mandatory.]",
241,Hydrocorisone 17-Butyrate,SCHEDULE H,(See rules 65 and 97),G.S.R. 360(E),01-07-2024,,502-509,"Note: —1. Preparations exempted under proviso to para 2 of Note to Schedule X shall also be covered by this Schedule.
2. The salts, esters, derivatives and preparations containing the above substances excluding those intended for topical or external use (except ophthalmic and ear/nose preparations containing antibiotics and/or steroids) are also covered by this Schedule.
3. The inclusion of a substance in this Schedule does not imply or convey that the substance is exempted from the provisions of Rule 122A/122B.]
1122[4. The salts, esters, derivatives and preparations containing 1123[steroids or Hydroquinone] for topical or external use shall also be covered under this Schedule.
1124[5. Notwithstanding anything contained in these rules, the provisions of rule 65 and rule 97 in respect or drugs specified from serial number 538 to serial number 551 inserted vide Notification number G.S.R. 277(E), dated 23rd March, 2018 published in the Gazette of India, Extraordinary, Part II, Section
Central Drugs Standard Control Organization, Ministry of Health and Family Welfare, Govt. of India Page 510 of 963
(3), Sub-section (i) shall be on voluntary basis for a period commencing on the day on which this notification shall come into force and ending on the 31st March, 2019 and thereafter shall be mandatory.]",
242,Hydrotalcite,SCHEDULE H,(See rules 65 and 97),G.S.R. 360(E),01-07-2024,,502-509,"Note: —1. Preparations exempted under proviso to para 2 of Note to Schedule X shall also be covered by this Schedule.
2. The salts, esters, derivatives and preparations containing the above substances excluding those intended for topical or external use (except ophthalmic and ear/nose preparations containing antibiotics and/or steroids) are also covered by this Schedule.
3. The inclusion of a substance in this Schedule does not imply or convey that the substance is exempted from the provisions of Rule 122A/122B.]
1122[4. The salts, esters, derivatives and preparations containing 1123[steroids or Hydroquinone] for topical or external use shall also be covered under this Schedule.
1124[5. Notwithstanding anything contained in these rules, the provisions of rule 65 and rule 97 in respect or drugs specified from serial number 538 to serial number 551 inserted vide Notification number G.S.R. 277(E), dated 23rd March, 2018 published in the Gazette of India, Extraordinary, Part II, Section
Central Drugs Standard Control Organization, Ministry of Health and Family Welfare, Govt. of India Page 510 of 963
(3), Sub-section (i) shall be on voluntary basis for a period commencing on the day on which this notification shall come into force and ending on the 31st March, 2019 and thereafter shall be mandatory.]",
243,Hydroxizine,SCHEDULE H,(See rules 65 and 97),G.S.R. 360(E),01-07-2024,,502-509,"Note: —1. Preparations exempted under proviso to para 2 of Note to Schedule X shall also be covered by this Schedule.
2. The salts, esters, derivatives and preparations containing the above substances excluding those intended for topical or external use (except ophthalmic and ear/nose preparations containing antibiotics and/or steroids) are also covered by this Schedule.
3. The inclusion of a substance in this Schedule does not imply or convey that the substance is exempted from the provisions of Rule 122A/122B.]
1122[4. The salts, esters, derivatives and preparations containing 1123[steroids or Hydroquinone] for topical or external use shall also be covered under this Schedule.
1124[5. Notwithstanding anything contained in these rules, the provisions of rule 65 and rule 97 in respect or drugs specified from serial number 538 to serial number 551 inserted vide Notification number G.S.R. 277(E), dated 23rd March, 2018 published in the Gazette of India, Extraordinary, Part II, Section
Central Drugs Standard Control Organization, Ministry of Health and Family Welfare, Govt. of India Page 510 of 963
(3), Sub-section (i) shall be on voluntary basis for a period commencing on the day on which this notification shall come into force and ending on the 31st March, 2019 and thereafter shall be mandatory.]",
244,Ibuprofen,SCHEDULE H,(See rules 65 and 97),G.S.R. 360(E),01-07-2024,,502-509,"Note: —1. Preparations exempted under proviso to para 2 of Note to Schedule X shall also be covered by this Schedule.
2. The salts, esters, derivatives and preparations containing the above substances excluding those intended for topical or external use (except ophthalmic and ear/nose preparations containing antibiotics and/or steroids) are also covered by this Schedule.
3. The inclusion of a substance in this Schedule does not imply or convey that the substance is exempted from the provisions of Rule 122A/122B.]
1122[4. The salts, esters, derivatives and preparations containing 1123[steroids or Hydroquinone] for topical or external use shall also be covered under this Schedule.
1124[5. Notwithstanding anything contained in these rules, the provisions of rule 65 and rule 97 in respect or drugs specified from serial number 538 to serial number 551 inserted vide Notification number G.S.R. 277(E), dated 23rd March, 2018 published in the Gazette of India, Extraordinary, Part II, Section
Central Drugs Standard Control Organization, Ministry of Health and Family Welfare, Govt. of India Page 510 of 963
(3), Sub-section (i) shall be on voluntary basis for a period commencing on the day on which this notification shall come into force and ending on the 31st March, 2019 and thereafter shall be mandatory.]",
245,Idebenone,SCHEDULE H,(See rules 65 and 97),G.S.R. 360(E),01-07-2024,,502-509,"Note: —1. Preparations exempted under proviso to para 2 of Note to Schedule X shall also be covered by this Schedule.
2. The salts, esters, derivatives and preparations containing the above substances excluding those intended for topical or external use (except ophthalmic and ear/nose preparations containing antibiotics and/or steroids) are also covered by this Schedule.
3. The inclusion of a substance in this Schedule does not imply or convey that the substance is exempted from the provisions of Rule 122A/122B.]
1122[4. The salts, esters, derivatives and preparations containing 1123[steroids or Hydroquinone] for topical or external use shall also be covered under this Schedule.
1124[5. Notwithstanding anything contained in these rules, the provisions of rule 65 and rule 97 in respect or drugs specified from serial number 538 to serial number 551 inserted vide Notification number G.S.R. 277(E), dated 23rd March, 2018 published in the Gazette of India, Extraordinary, Part II, Section
Central Drugs Standard Control Organization, Ministry of Health and Family Welfare, Govt. of India Page 510 of 963
(3), Sub-section (i) shall be on voluntary basis for a period commencing on the day on which this notification shall come into force and ending on the 31st March, 2019 and thereafter shall be mandatory.]",
246,Iindapamide,SCHEDULE H,(See rules 65 and 97),G.S.R. 360(E),01-07-2024,,502-509,"Note: —1. Preparations exempted under proviso to para 2 of Note to Schedule X shall also be covered by this Schedule.
2. The salts, esters, derivatives and preparations containing the above substances excluding those intended for topical or external use (except ophthalmic and ear/nose preparations containing antibiotics and/or steroids) are also covered by this Schedule.
3. The inclusion of a substance in this Schedule does not imply or convey that the substance is exempted from the provisions of Rule 122A/122B.]
1122[4. The salts, esters, derivatives and preparations containing 1123[steroids or Hydroquinone] for topical or external use shall also be covered under this Schedule.
1124[5. Notwithstanding anything contained in these rules, the provisions of rule 65 and rule 97 in respect or drugs specified from serial number 538 to serial number 551 inserted vide Notification number G.S.R. 277(E), dated 23rd March, 2018 published in the Gazette of India, Extraordinary, Part II, Section
Central Drugs Standard Control Organization, Ministry of Health and Family Welfare, Govt. of India Page 510 of 963
(3), Sub-section (i) shall be on voluntary basis for a period commencing on the day on which this notification shall come into force and ending on the 31st March, 2019 and thereafter shall be mandatory.]",
247,Imipramine,SCHEDULE H,(See rules 65 and 97),G.S.R. 360(E),01-07-2024,,502-509,"Note: —1. Preparations exempted under proviso to para 2 of Note to Schedule X shall also be covered by this Schedule.
2. The salts, esters, derivatives and preparations containing the above substances excluding those intended for topical or external use (except ophthalmic and ear/nose preparations containing antibiotics and/or steroids) are also covered by this Schedule.
3. The inclusion of a substance in this Schedule does not imply or convey that the substance is exempted from the provisions of Rule 122A/122B.]
1122[4. The salts, esters, derivatives and preparations containing 1123[steroids or Hydroquinone] for topical or external use shall also be covered under this Schedule.
1124[5. Notwithstanding anything contained in these rules, the provisions of rule 65 and rule 97 in respect or drugs specified from serial number 538 to serial number 551 inserted vide Notification number G.S.R. 277(E), dated 23rd March, 2018 published in the Gazette of India, Extraordinary, Part II, Section
Central Drugs Standard Control Organization, Ministry of Health and Family Welfare, Govt. of India Page 510 of 963
(3), Sub-section (i) shall be on voluntary basis for a period commencing on the day on which this notification shall come into force and ending on the 31st March, 2019 and thereafter shall be mandatory.]",
248,Indinavir Sulphate,SCHEDULE H,(See rules 65 and 97),G.S.R. 360(E),01-07-2024,,502-509,"Note: —1. Preparations exempted under proviso to para 2 of Note to Schedule X shall also be covered by this Schedule.
2. The salts, esters, derivatives and preparations containing the above substances excluding those intended for topical or external use (except ophthalmic and ear/nose preparations containing antibiotics and/or steroids) are also covered by this Schedule.
3. The inclusion of a substance in this Schedule does not imply or convey that the substance is exempted from the provisions of Rule 122A/122B.]
1122[4. The salts, esters, derivatives and preparations containing 1123[steroids or Hydroquinone] for topical or external use shall also be covered under this Schedule.
1124[5. Notwithstanding anything contained in these rules, the provisions of rule 65 and rule 97 in respect or drugs specified from serial number 538 to serial number 551 inserted vide Notification number G.S.R. 277(E), dated 23rd March, 2018 published in the Gazette of India, Extraordinary, Part II, Section
Central Drugs Standard Control Organization, Ministry of Health and Family Welfare, Govt. of India Page 510 of 963
(3), Sub-section (i) shall be on voluntary basis for a period commencing on the day on which this notification shall come into force and ending on the 31st March, 2019 and thereafter shall be mandatory.]",
249,Indomethacin,SCHEDULE H,(See rules 65 and 97),G.S.R. 360(E),01-07-2024,,502-509,"Note: —1. Preparations exempted under proviso to para 2 of Note to Schedule X shall also be covered by this Schedule.
2. The salts, esters, derivatives and preparations containing the above substances excluding those intended for topical or external use (except ophthalmic and ear/nose preparations containing antibiotics and/or steroids) are also covered by this Schedule.
3. The inclusion of a substance in this Schedule does not imply or convey that the substance is exempted from the provisions of Rule 122A/122B.]
1122[4. The salts, esters, derivatives and preparations containing 1123[steroids or Hydroquinone] for topical or external use shall also be covered under this Schedule.
1124[5. Notwithstanding anything contained in these rules, the provisions of rule 65 and rule 97 in respect or drugs specified from serial number 538 to serial number 551 inserted vide Notification number G.S.R. 277(E), dated 23rd March, 2018 published in the Gazette of India, Extraordinary, Part II, Section
Central Drugs Standard Control Organization, Ministry of Health and Family Welfare, Govt. of India Page 510 of 963
(3), Sub-section (i) shall be on voluntary basis for a period commencing on the day on which this notification shall come into force and ending on the 31st March, 2019 and thereafter shall be mandatory.]",
250,Insulin Human,SCHEDULE H,(See rules 65 and 97),G.S.R. 360(E),01-07-2024,,502-509,"Note: —1. Preparations exempted under proviso to para 2 of Note to Schedule X shall also be covered by this Schedule.
2. The salts, esters, derivatives and preparations containing the above substances excluding those intended for topical or external use (except ophthalmic and ear/nose preparations containing antibiotics and/or steroids) are also covered by this Schedule.
3. The inclusion of a substance in this Schedule does not imply or convey that the substance is exempted from the provisions of Rule 122A/122B.]
1122[4. The salts, esters, derivatives and preparations containing 1123[steroids or Hydroquinone] for topical or external use shall also be covered under this Schedule.
1124[5. Notwithstanding anything contained in these rules, the provisions of rule 65 and rule 97 in respect or drugs specified from serial number 538 to serial number 551 inserted vide Notification number G.S.R. 277(E), dated 23rd March, 2018 published in the Gazette of India, Extraordinary, Part II, Section
Central Drugs Standard Control Organization, Ministry of Health and Family Welfare, Govt. of India Page 510 of 963
(3), Sub-section (i) shall be on voluntary basis for a period commencing on the day on which this notification shall come into force and ending on the 31st March, 2019 and thereafter shall be mandatory.]",
251,Interferon,SCHEDULE H,(See rules 65 and 97),G.S.R. 360(E),01-07-2024,,502-509,"Note: —1. Preparations exempted under proviso to para 2 of Note to Schedule X shall also be covered by this Schedule.
2. The salts, esters, derivatives and preparations containing the above substances excluding those intended for topical or external use (except ophthalmic and ear/nose preparations containing antibiotics and/or steroids) are also covered by this Schedule.
3. The inclusion of a substance in this Schedule does not imply or convey that the substance is exempted from the provisions of Rule 122A/122B.]
1122[4. The salts, esters, derivatives and preparations containing 1123[steroids or Hydroquinone] for topical or external use shall also be covered under this Schedule.
1124[5. Notwithstanding anything contained in these rules, the provisions of rule 65 and rule 97 in respect or drugs specified from serial number 538 to serial number 551 inserted vide Notification number G.S.R. 277(E), dated 23rd March, 2018 published in the Gazette of India, Extraordinary, Part II, Section
Central Drugs Standard Control Organization, Ministry of Health and Family Welfare, Govt. of India Page 510 of 963
(3), Sub-section (i) shall be on voluntary basis for a period commencing on the day on which this notification shall come into force and ending on the 31st March, 2019 and thereafter shall be mandatory.]",
252,Intravenous Fat Emulsion,SCHEDULE H,(See rules 65 and 97),G.S.R. 360(E),01-07-2024,,502-509,"Note: —1. Preparations exempted under proviso to para 2 of Note to Schedule X shall also be covered by this Schedule.
2. The salts, esters, derivatives and preparations containing the above substances excluding those intended for topical or external use (except ophthalmic and ear/nose preparations containing antibiotics and/or steroids) are also covered by this Schedule.
3. The inclusion of a substance in this Schedule does not imply or convey that the substance is exempted from the provisions of Rule 122A/122B.]
1122[4. The salts, esters, derivatives and preparations containing 1123[steroids or Hydroquinone] for topical or external use shall also be covered under this Schedule.
1124[5. Notwithstanding anything contained in these rules, the provisions of rule 65 and rule 97 in respect or drugs specified from serial number 538 to serial number 551 inserted vide Notification number G.S.R. 277(E), dated 23rd March, 2018 published in the Gazette of India, Extraordinary, Part II, Section
Central Drugs Standard Control Organization, Ministry of Health and Family Welfare, Govt. of India Page 510 of 963
(3), Sub-section (i) shall be on voluntary basis for a period commencing on the day on which this notification shall come into force and ending on the 31st March, 2019 and thereafter shall be mandatory.]",
253,Iobitridol,SCHEDULE H,(See rules 65 and 97),G.S.R. 360(E),01-07-2024,,502-509,"Note: —1. Preparations exempted under proviso to para 2 of Note to Schedule X shall also be covered by this Schedule.
2. The salts, esters, derivatives and preparations containing the above substances excluding those intended for topical or external use (except ophthalmic and ear/nose preparations containing antibiotics and/or steroids) are also covered by this Schedule.
3. The inclusion of a substance in this Schedule does not imply or convey that the substance is exempted from the provisions of Rule 122A/122B.]
1122[4. The salts, esters, derivatives and preparations containing 1123[steroids or Hydroquinone] for topical or external use shall also be covered under this Schedule.
1124[5. Notwithstanding anything contained in these rules, the provisions of rule 65 and rule 97 in respect or drugs specified from serial number 538 to serial number 551 inserted vide Notification number G.S.R. 277(E), dated 23rd March, 2018 published in the Gazette of India, Extraordinary, Part II, Section
Central Drugs Standard Control Organization, Ministry of Health and Family Welfare, Govt. of India Page 510 of 963
(3), Sub-section (i) shall be on voluntary basis for a period commencing on the day on which this notification shall come into force and ending on the 31st March, 2019 and thereafter shall be mandatory.]",
254,Iohexol,SCHEDULE H,(See rules 65 and 97),G.S.R. 360(E),01-07-2024,,502-509,"Note: —1. Preparations exempted under proviso to para 2 of Note to Schedule X shall also be covered by this Schedule.
2. The salts, esters, derivatives and preparations containing the above substances excluding those intended for topical or external use (except ophthalmic and ear/nose preparations containing antibiotics and/or steroids) are also covered by this Schedule.
3. The inclusion of a substance in this Schedule does not imply or convey that the substance is exempted from the provisions of Rule 122A/122B.]
1122[4. The salts, esters, derivatives and preparations containing 1123[steroids or Hydroquinone] for topical or external use shall also be covered under this Schedule.
1124[5. Notwithstanding anything contained in these rules, the provisions of rule 65 and rule 97 in respect or drugs specified from serial number 538 to serial number 551 inserted vide Notification number G.S.R. 277(E), dated 23rd March, 2018 published in the Gazette of India, Extraordinary, Part II, Section
Central Drugs Standard Control Organization, Ministry of Health and Family Welfare, Govt. of India Page 510 of 963
(3), Sub-section (i) shall be on voluntary basis for a period commencing on the day on which this notification shall come into force and ending on the 31st March, 2019 and thereafter shall be mandatory.]",
255,Iopamidol,SCHEDULE H,(See rules 65 and 97),G.S.R. 360(E),01-07-2024,,502-509,"Note: —1. Preparations exempted under proviso to para 2 of Note to Schedule X shall also be covered by this Schedule.
2. The salts, esters, derivatives and preparations containing the above substances excluding those intended for topical or external use (except ophthalmic and ear/nose preparations containing antibiotics and/or steroids) are also covered by this Schedule.
3. The inclusion of a substance in this Schedule does not imply or convey that the substance is exempted from the provisions of Rule 122A/122B.]
1122[4. The salts, esters, derivatives and preparations containing 1123[steroids or Hydroquinone] for topical or external use shall also be covered under this Schedule.
1124[5. Notwithstanding anything contained in these rules, the provisions of rule 65 and rule 97 in respect or drugs specified from serial number 538 to serial number 551 inserted vide Notification number G.S.R. 277(E), dated 23rd March, 2018 published in the Gazette of India, Extraordinary, Part II, Section
Central Drugs Standard Control Organization, Ministry of Health and Family Welfare, Govt. of India Page 510 of 963
(3), Sub-section (i) shall be on voluntary basis for a period commencing on the day on which this notification shall come into force and ending on the 31st March, 2019 and thereafter shall be mandatory.]",
256,Iomeprol,SCHEDULE H,(See rules 65 and 97),G.S.R. 360(E),01-07-2024,,502-509,"Note: —1. Preparations exempted under proviso to para 2 of Note to Schedule X shall also be covered by this Schedule.
2. The salts, esters, derivatives and preparations containing the above substances excluding those intended for topical or external use (except ophthalmic and ear/nose preparations containing antibiotics and/or steroids) are also covered by this Schedule.
3. The inclusion of a substance in this Schedule does not imply or convey that the substance is exempted from the provisions of Rule 122A/122B.]
1122[4. The salts, esters, derivatives and preparations containing 1123[steroids or Hydroquinone] for topical or external use shall also be covered under this Schedule.
1124[5. Notwithstanding anything contained in these rules, the provisions of rule 65 and rule 97 in respect or drugs specified from serial number 538 to serial number 551 inserted vide Notification number G.S.R. 277(E), dated 23rd March, 2018 published in the Gazette of India, Extraordinary, Part II, Section
Central Drugs Standard Control Organization, Ministry of Health and Family Welfare, Govt. of India Page 510 of 963
(3), Sub-section (i) shall be on voluntary basis for a period commencing on the day on which this notification shall come into force and ending on the 31st March, 2019 and thereafter shall be mandatory.]",
257,Iopromide,SCHEDULE H,(See rules 65 and 97),G.S.R. 360(E),01-07-2024,,502-509,"Note: —1. Preparations exempted under proviso to para 2 of Note to Schedule X shall also be covered by this Schedule.
2. The salts, esters, derivatives and preparations containing the above substances excluding those intended for topical or external use (except ophthalmic and ear/nose preparations containing antibiotics and/or steroids) are also covered by this Schedule.
3. The inclusion of a substance in this Schedule does not imply or convey that the substance is exempted from the provisions of Rule 122A/122B.]
1122[4. The salts, esters, derivatives and preparations containing 1123[steroids or Hydroquinone] for topical or external use shall also be covered under this Schedule.
1124[5. Notwithstanding anything contained in these rules, the provisions of rule 65 and rule 97 in respect or drugs specified from serial number 538 to serial number 551 inserted vide Notification number G.S.R. 277(E), dated 23rd March, 2018 published in the Gazette of India, Extraordinary, Part II, Section
Central Drugs Standard Control Organization, Ministry of Health and Family Welfare, Govt. of India Page 510 of 963
(3), Sub-section (i) shall be on voluntary basis for a period commencing on the day on which this notification shall come into force and ending on the 31st March, 2019 and thereafter shall be mandatory.]",
258,Irbesartan,SCHEDULE H,(See rules 65 and 97),G.S.R. 360(E),01-07-2024,,502-509,"Note: —1. Preparations exempted under proviso to para 2 of Note to Schedule X shall also be covered by this Schedule.
2. The salts, esters, derivatives and preparations containing the above substances excluding those intended for topical or external use (except ophthalmic and ear/nose preparations containing antibiotics and/or steroids) are also covered by this Schedule.
3. The inclusion of a substance in this Schedule does not imply or convey that the substance is exempted from the provisions of Rule 122A/122B.]
1122[4. The salts, esters, derivatives and preparations containing 1123[steroids or Hydroquinone] for topical or external use shall also be covered under this Schedule.
1124[5. Notwithstanding anything contained in these rules, the provisions of rule 65 and rule 97 in respect or drugs specified from serial number 538 to serial number 551 inserted vide Notification number G.S.R. 277(E), dated 23rd March, 2018 published in the Gazette of India, Extraordinary, Part II, Section
Central Drugs Standard Control Organization, Ministry of Health and Family Welfare, Govt. of India Page 510 of 963
(3), Sub-section (i) shall be on voluntary basis for a period commencing on the day on which this notification shall come into force and ending on the 31st March, 2019 and thereafter shall be mandatory.]",
259,Irinotecan Hydrochloride,SCHEDULE H,(See rules 65 and 97),G.S.R. 360(E),01-07-2024,,502-509,"Note: —1. Preparations exempted under proviso to para 2 of Note to Schedule X shall also be covered by this Schedule.
2. The salts, esters, derivatives and preparations containing the above substances excluding those intended for topical or external use (except ophthalmic and ear/nose preparations containing antibiotics and/or steroids) are also covered by this Schedule.
3. The inclusion of a substance in this Schedule does not imply or convey that the substance is exempted from the provisions of Rule 122A/122B.]
1122[4. The salts, esters, derivatives and preparations containing 1123[steroids or Hydroquinone] for topical or external use shall also be covered under this Schedule.
1124[5. Notwithstanding anything contained in these rules, the provisions of rule 65 and rule 97 in respect or drugs specified from serial number 538 to serial number 551 inserted vide Notification number G.S.R. 277(E), dated 23rd March, 2018 published in the Gazette of India, Extraordinary, Part II, Section
Central Drugs Standard Control Organization, Ministry of Health and Family Welfare, Govt. of India Page 510 of 963
(3), Sub-section (i) shall be on voluntary basis for a period commencing on the day on which this notification shall come into force and ending on the 31st March, 2019 and thereafter shall be mandatory.]",
260,Iron Preparation for Parenteral use,SCHEDULE H,(See rules 65 and 97),G.S.R. 360(E),01-07-2024,,502-509,"Note: —1. Preparations exempted under proviso to para 2 of Note to Schedule X shall also be covered by this Schedule.
2. The salts, esters, derivatives and preparations containing the above substances excluding those intended for topical or external use (except ophthalmic and ear/nose preparations containing antibiotics and/or steroids) are also covered by this Schedule.
3. The inclusion of a substance in this Schedule does not imply or convey that the substance is exempted from the provisions of Rule 122A/122B.]
1122[4. The salts, esters, derivatives and preparations containing 1123[steroids or Hydroquinone] for topical or external use shall also be covered under this Schedule.
1124[5. Notwithstanding anything contained in these rules, the provisions of rule 65 and rule 97 in respect or drugs specified from serial number 538 to serial number 551 inserted vide Notification number G.S.R. 277(E), dated 23rd March, 2018 published in the Gazette of India, Extraordinary, Part II, Section
Central Drugs Standard Control Organization, Ministry of Health and Family Welfare, Govt. of India Page 510 of 963
(3), Sub-section (i) shall be on voluntary basis for a period commencing on the day on which this notification shall come into force and ending on the 31st March, 2019 and thereafter shall be mandatory.]",
261,Isepamicine,SCHEDULE H,(See rules 65 and 97),G.S.R. 360(E),01-07-2024,,502-509,"Note: —1. Preparations exempted under proviso to para 2 of Note to Schedule X shall also be covered by this Schedule.
2. The salts, esters, derivatives and preparations containing the above substances excluding those intended for topical or external use (except ophthalmic and ear/nose preparations containing antibiotics and/or steroids) are also covered by this Schedule.
3. The inclusion of a substance in this Schedule does not imply or convey that the substance is exempted from the provisions of Rule 122A/122B.]
1122[4. The salts, esters, derivatives and preparations containing 1123[steroids or Hydroquinone] for topical or external use shall also be covered under this Schedule.
1124[5. Notwithstanding anything contained in these rules, the provisions of rule 65 and rule 97 in respect or drugs specified from serial number 538 to serial number 551 inserted vide Notification number G.S.R. 277(E), dated 23rd March, 2018 published in the Gazette of India, Extraordinary, Part II, Section
Central Drugs Standard Control Organization, Ministry of Health and Family Welfare, Govt. of India Page 510 of 963
(3), Sub-section (i) shall be on voluntary basis for a period commencing on the day on which this notification shall come into force and ending on the 31st March, 2019 and thereafter shall be mandatory.]",
262,Isocarboxside,SCHEDULE H,(See rules 65 and 97),G.S.R. 360(E),01-07-2024,,502-509,"Note: —1. Preparations exempted under proviso to para 2 of Note to Schedule X shall also be covered by this Schedule.
2. The salts, esters, derivatives and preparations containing the above substances excluding those intended for topical or external use (except ophthalmic and ear/nose preparations containing antibiotics and/or steroids) are also covered by this Schedule.
3. The inclusion of a substance in this Schedule does not imply or convey that the substance is exempted from the provisions of Rule 122A/122B.]
1122[4. The salts, esters, derivatives and preparations containing 1123[steroids or Hydroquinone] for topical or external use shall also be covered under this Schedule.
1124[5. Notwithstanding anything contained in these rules, the provisions of rule 65 and rule 97 in respect or drugs specified from serial number 538 to serial number 551 inserted vide Notification number G.S.R. 277(E), dated 23rd March, 2018 published in the Gazette of India, Extraordinary, Part II, Section
Central Drugs Standard Control Organization, Ministry of Health and Family Welfare, Govt. of India Page 510 of 963
(3), Sub-section (i) shall be on voluntary basis for a period commencing on the day on which this notification shall come into force and ending on the 31st March, 2019 and thereafter shall be mandatory.]",
263,Isoflurane,SCHEDULE H,(See rules 65 and 97),G.S.R. 360(E),01-07-2024,,502-509,"Note: —1. Preparations exempted under proviso to para 2 of Note to Schedule X shall also be covered by this Schedule.
2. The salts, esters, derivatives and preparations containing the above substances excluding those intended for topical or external use (except ophthalmic and ear/nose preparations containing antibiotics and/or steroids) are also covered by this Schedule.
3. The inclusion of a substance in this Schedule does not imply or convey that the substance is exempted from the provisions of Rule 122A/122B.]
1122[4. The salts, esters, derivatives and preparations containing 1123[steroids or Hydroquinone] for topical or external use shall also be covered under this Schedule.
1124[5. Notwithstanding anything contained in these rules, the provisions of rule 65 and rule 97 in respect or drugs specified from serial number 538 to serial number 551 inserted vide Notification number G.S.R. 277(E), dated 23rd March, 2018 published in the Gazette of India, Extraordinary, Part II, Section
Central Drugs Standard Control Organization, Ministry of Health and Family Welfare, Govt. of India Page 510 of 963
(3), Sub-section (i) shall be on voluntary basis for a period commencing on the day on which this notification shall come into force and ending on the 31st March, 2019 and thereafter shall be mandatory.]",
264,Isonicotnic Acid Hydrazine and other Hydragine Derivatives of Isonicotinic Acid,SCHEDULE H,(See rules 65 and 97),G.S.R. 360(E),01-07-2024,,502-509,"Note: —1. Preparations exempted under proviso to para 2 of Note to Schedule X shall also be covered by this Schedule.
2. The salts, esters, derivatives and preparations containing the above substances excluding those intended for topical or external use (except ophthalmic and ear/nose preparations containing antibiotics and/or steroids) are also covered by this Schedule.
3. The inclusion of a substance in this Schedule does not imply or convey that the substance is exempted from the provisions of Rule 122A/122B.]
1122[4. The salts, esters, derivatives and preparations containing 1123[steroids or Hydroquinone] for topical or external use shall also be covered under this Schedule.
1124[5. Notwithstanding anything contained in these rules, the provisions of rule 65 and rule 97 in respect or drugs specified from serial number 538 to serial number 551 inserted vide Notification number G.S.R. 277(E), dated 23rd March, 2018 published in the Gazette of India, Extraordinary, Part II, Section
Central Drugs Standard Control Organization, Ministry of Health and Family Welfare, Govt. of India Page 510 of 963
(3), Sub-section (i) shall be on voluntary basis for a period commencing on the day on which this notification shall come into force and ending on the 31st March, 2019 and thereafter shall be mandatory.]",
265,Isosorbide Dinitrate/Mononitrate,SCHEDULE H,(See rules 65 and 97),G.S.R. 360(E),01-07-2024,,502-509,"Note: —1. Preparations exempted under proviso to para 2 of Note to Schedule X shall also be covered by this Schedule.
2. The salts, esters, derivatives and preparations containing the above substances excluding those intended for topical or external use (except ophthalmic and ear/nose preparations containing antibiotics and/or steroids) are also covered by this Schedule.
3. The inclusion of a substance in this Schedule does not imply or convey that the substance is exempted from the provisions of Rule 122A/122B.]
1122[4. The salts, esters, derivatives and preparations containing 1123[steroids or Hydroquinone] for topical or external use shall also be covered under this Schedule.
1124[5. Notwithstanding anything contained in these rules, the provisions of rule 65 and rule 97 in respect or drugs specified from serial number 538 to serial number 551 inserted vide Notification number G.S.R. 277(E), dated 23rd March, 2018 published in the Gazette of India, Extraordinary, Part II, Section
Central Drugs Standard Control Organization, Ministry of Health and Family Welfare, Govt. of India Page 510 of 963
(3), Sub-section (i) shall be on voluntary basis for a period commencing on the day on which this notification shall come into force and ending on the 31st March, 2019 and thereafter shall be mandatory.]",
266,Isotretinoin,SCHEDULE H,(See rules 65 and 97),G.S.R. 360(E),01-07-2024,,502-509,"Note: —1. Preparations exempted under proviso to para 2 of Note to Schedule X shall also be covered by this Schedule.
2. The salts, esters, derivatives and preparations containing the above substances excluding those intended for topical or external use (except ophthalmic and ear/nose preparations containing antibiotics and/or steroids) are also covered by this Schedule.
3. The inclusion of a substance in this Schedule does not imply or convey that the substance is exempted from the provisions of Rule 122A/122B.]
1122[4. The salts, esters, derivatives and preparations containing 1123[steroids or Hydroquinone] for topical or external use shall also be covered under this Schedule.
1124[5. Notwithstanding anything contained in these rules, the provisions of rule 65 and rule 97 in respect or drugs specified from serial number 538 to serial number 551 inserted vide Notification number G.S.R. 277(E), dated 23rd March, 2018 published in the Gazette of India, Extraordinary, Part II, Section
Central Drugs Standard Control Organization, Ministry of Health and Family Welfare, Govt. of India Page 510 of 963
(3), Sub-section (i) shall be on voluntary basis for a period commencing on the day on which this notification shall come into force and ending on the 31st March, 2019 and thereafter shall be mandatory.]",
267,Isoxsuprine,SCHEDULE H,(See rules 65 and 97),G.S.R. 360(E),01-07-2024,,502-509,"Note: —1. Preparations exempted under proviso to para 2 of Note to Schedule X shall also be covered by this Schedule.
2. The salts, esters, derivatives and preparations containing the above substances excluding those intended for topical or external use (except ophthalmic and ear/nose preparations containing antibiotics and/or steroids) are also covered by this Schedule.
3. The inclusion of a substance in this Schedule does not imply or convey that the substance is exempted from the provisions of Rule 122A/122B.]
1122[4. The salts, esters, derivatives and preparations containing 1123[steroids or Hydroquinone] for topical or external use shall also be covered under this Schedule.
1124[5. Notwithstanding anything contained in these rules, the provisions of rule 65 and rule 97 in respect or drugs specified from serial number 538 to serial number 551 inserted vide Notification number G.S.R. 277(E), dated 23rd March, 2018 published in the Gazette of India, Extraordinary, Part II, Section
Central Drugs Standard Control Organization, Ministry of Health and Family Welfare, Govt. of India Page 510 of 963
(3), Sub-section (i) shall be on voluntary basis for a period commencing on the day on which this notification shall come into force and ending on the 31st March, 2019 and thereafter shall be mandatory.]",
268,Itopride,SCHEDULE H,(See rules 65 and 97),G.S.R. 360(E),01-07-2024,,502-509,"Note: —1. Preparations exempted under proviso to para 2 of Note to Schedule X shall also be covered by this Schedule.
2. The salts, esters, derivatives and preparations containing the above substances excluding those intended for topical or external use (except ophthalmic and ear/nose preparations containing antibiotics and/or steroids) are also covered by this Schedule.
3. The inclusion of a substance in this Schedule does not imply or convey that the substance is exempted from the provisions of Rule 122A/122B.]
1122[4. The salts, esters, derivatives and preparations containing 1123[steroids or Hydroquinone] for topical or external use shall also be covered under this Schedule.
1124[5. Notwithstanding anything contained in these rules, the provisions of rule 65 and rule 97 in respect or drugs specified from serial number 538 to serial number 551 inserted vide Notification number G.S.R. 277(E), dated 23rd March, 2018 published in the Gazette of India, Extraordinary, Part II, Section
Central Drugs Standard Control Organization, Ministry of Health and Family Welfare, Govt. of India Page 510 of 963
(3), Sub-section (i) shall be on voluntary basis for a period commencing on the day on which this notification shall come into force and ending on the 31st March, 2019 and thereafter shall be mandatory.]",
269,1116[***],SCHEDULE H,(See rules 65 and 97),G.S.R. 360(E),01-07-2024,,502-509,"Note: —1. Preparations exempted under proviso to para 2 of Note to Schedule X shall also be covered by this Schedule.
2. The salts, esters, derivatives and preparations containing the above substances excluding those intended for topical or external use (except ophthalmic and ear/nose preparations containing antibiotics and/or steroids) are also covered by this Schedule.
3. The inclusion of a substance in this Schedule does not imply or convey that the substance is exempted from the provisions of Rule 122A/122B.]
1122[4. The salts, esters, derivatives and preparations containing 1123[steroids or Hydroquinone] for topical or external use shall also be covered under this Schedule.
1124[5. Notwithstanding anything contained in these rules, the provisions of rule 65 and rule 97 in respect or drugs specified from serial number 538 to serial number 551 inserted vide Notification number G.S.R. 277(E), dated 23rd March, 2018 published in the Gazette of India, Extraordinary, Part II, Section
Central Drugs Standard Control Organization, Ministry of Health and Family Welfare, Govt. of India Page 510 of 963
(3), Sub-section (i) shall be on voluntary basis for a period commencing on the day on which this notification shall come into force and ending on the 31st March, 2019 and thereafter shall be mandatory.]","Serial No. 269 (Ketamine Hrydrochloride) omitted by G.S.R. 724(E) dated 7th November, 2013 (w.e.f. 7-11-2013)."
270,Ketoconazole,SCHEDULE H,(See rules 65 and 97),G.S.R. 360(E),01-07-2024,,502-509,"Note: —1. Preparations exempted under proviso to para 2 of Note to Schedule X shall also be covered by this Schedule.
2. The salts, esters, derivatives and preparations containing the above substances excluding those intended for topical or external use (except ophthalmic and ear/nose preparations containing antibiotics and/or steroids) are also covered by this Schedule.
3. The inclusion of a substance in this Schedule does not imply or convey that the substance is exempted from the provisions of Rule 122A/122B.]
1122[4. The salts, esters, derivatives and preparations containing 1123[steroids or Hydroquinone] for topical or external use shall also be covered under this Schedule.
1124[5. Notwithstanding anything contained in these rules, the provisions of rule 65 and rule 97 in respect or drugs specified from serial number 538 to serial number 551 inserted vide Notification number G.S.R. 277(E), dated 23rd March, 2018 published in the Gazette of India, Extraordinary, Part II, Section
Central Drugs Standard Control Organization, Ministry of Health and Family Welfare, Govt. of India Page 510 of 963
(3), Sub-section (i) shall be on voluntary basis for a period commencing on the day on which this notification shall come into force and ending on the 31st March, 2019 and thereafter shall be mandatory.]",
271,Ketoprofen,SCHEDULE H,(See rules 65 and 97),G.S.R. 360(E),01-07-2024,,502-509,"Note: —1. Preparations exempted under proviso to para 2 of Note to Schedule X shall also be covered by this Schedule.
2. The salts, esters, derivatives and preparations containing the above substances excluding those intended for topical or external use (except ophthalmic and ear/nose preparations containing antibiotics and/or steroids) are also covered by this Schedule.
3. The inclusion of a substance in this Schedule does not imply or convey that the substance is exempted from the provisions of Rule 122A/122B.]
1122[4. The salts, esters, derivatives and preparations containing 1123[steroids or Hydroquinone] for topical or external use shall also be covered under this Schedule.
1124[5. Notwithstanding anything contained in these rules, the provisions of rule 65 and rule 97 in respect or drugs specified from serial number 538 to serial number 551 inserted vide Notification number G.S.R. 277(E), dated 23rd March, 2018 published in the Gazette of India, Extraordinary, Part II, Section
Central Drugs Standard Control Organization, Ministry of Health and Family Welfare, Govt. of India Page 510 of 963
(3), Sub-section (i) shall be on voluntary basis for a period commencing on the day on which this notification shall come into force and ending on the 31st March, 2019 and thereafter shall be mandatory.]",
272,Ketorolac Tromethamine,SCHEDULE H,(See rules 65 and 97),G.S.R. 360(E),01-07-2024,,502-509,"Note: —1. Preparations exempted under proviso to para 2 of Note to Schedule X shall also be covered by this Schedule.
2. The salts, esters, derivatives and preparations containing the above substances excluding those intended for topical or external use (except ophthalmic and ear/nose preparations containing antibiotics and/or steroids) are also covered by this Schedule.
3. The inclusion of a substance in this Schedule does not imply or convey that the substance is exempted from the provisions of Rule 122A/122B.]
1122[4. The salts, esters, derivatives and preparations containing 1123[steroids or Hydroquinone] for topical or external use shall also be covered under this Schedule.
1124[5. Notwithstanding anything contained in these rules, the provisions of rule 65 and rule 97 in respect or drugs specified from serial number 538 to serial number 551 inserted vide Notification number G.S.R. 277(E), dated 23rd March, 2018 published in the Gazette of India, Extraordinary, Part II, Section
Central Drugs Standard Control Organization, Ministry of Health and Family Welfare, Govt. of India Page 510 of 963
(3), Sub-section (i) shall be on voluntary basis for a period commencing on the day on which this notification shall come into force and ending on the 31st March, 2019 and thereafter shall be mandatory.]",
273,Labetalol Hydrochloride,SCHEDULE H,(See rules 65 and 97),G.S.R. 360(E),01-07-2024,,502-509,"Note: —1. Preparations exempted under proviso to para 2 of Note to Schedule X shall also be covered by this Schedule.
2. The salts, esters, derivatives and preparations containing the above substances excluding those intended for topical or external use (except ophthalmic and ear/nose preparations containing antibiotics and/or steroids) are also covered by this Schedule.
3. The inclusion of a substance in this Schedule does not imply or convey that the substance is exempted from the provisions of Rule 122A/122B.]
1122[4. The salts, esters, derivatives and preparations containing 1123[steroids or Hydroquinone] for topical or external use shall also be covered under this Schedule.
1124[5. Notwithstanding anything contained in these rules, the provisions of rule 65 and rule 97 in respect or drugs specified from serial number 538 to serial number 551 inserted vide Notification number G.S.R. 277(E), dated 23rd March, 2018 published in the Gazette of India, Extraordinary, Part II, Section
Central Drugs Standard Control Organization, Ministry of Health and Family Welfare, Govt. of India Page 510 of 963
(3), Sub-section (i) shall be on voluntary basis for a period commencing on the day on which this notification shall come into force and ending on the 31st March, 2019 and thereafter shall be mandatory.]",
274,Lacidipine,SCHEDULE H,(See rules 65 and 97),G.S.R. 360(E),01-07-2024,,502-509,"Note: —1. Preparations exempted under proviso to para 2 of Note to Schedule X shall also be covered by this Schedule.
2. The salts, esters, derivatives and preparations containing the above substances excluding those intended for topical or external use (except ophthalmic and ear/nose preparations containing antibiotics and/or steroids) are also covered by this Schedule.
3. The inclusion of a substance in this Schedule does not imply or convey that the substance is exempted from the provisions of Rule 122A/122B.]
1122[4. The salts, esters, derivatives and preparations containing 1123[steroids or Hydroquinone] for topical or external use shall also be covered under this Schedule.
1124[5. Notwithstanding anything contained in these rules, the provisions of rule 65 and rule 97 in respect or drugs specified from serial number 538 to serial number 551 inserted vide Notification number G.S.R. 277(E), dated 23rd March, 2018 published in the Gazette of India, Extraordinary, Part II, Section
Central Drugs Standard Control Organization, Ministry of Health and Family Welfare, Govt. of India Page 510 of 963
(3), Sub-section (i) shall be on voluntary basis for a period commencing on the day on which this notification shall come into force and ending on the 31st March, 2019 and thereafter shall be mandatory.]",
275,Lamivudine,SCHEDULE H,(See rules 65 and 97),G.S.R. 360(E),01-07-2024,,502-509,"Note: —1. Preparations exempted under proviso to para 2 of Note to Schedule X shall also be covered by this Schedule.
2. The salts, esters, derivatives and preparations containing the above substances excluding those intended for topical or external use (except ophthalmic and ear/nose preparations containing antibiotics and/or steroids) are also covered by this Schedule.
3. The inclusion of a substance in this Schedule does not imply or convey that the substance is exempted from the provisions of Rule 122A/122B.]
1122[4. The salts, esters, derivatives and preparations containing 1123[steroids or Hydroquinone] for topical or external use shall also be covered under this Schedule.
1124[5. Notwithstanding anything contained in these rules, the provisions of rule 65 and rule 97 in respect or drugs specified from serial number 538 to serial number 551 inserted vide Notification number G.S.R. 277(E), dated 23rd March, 2018 published in the Gazette of India, Extraordinary, Part II, Section
Central Drugs Standard Control Organization, Ministry of Health and Family Welfare, Govt. of India Page 510 of 963
(3), Sub-section (i) shall be on voluntary basis for a period commencing on the day on which this notification shall come into force and ending on the 31st March, 2019 and thereafter shall be mandatory.]",
276,Lamotrigine,SCHEDULE H,(See rules 65 and 97),G.S.R. 360(E),01-07-2024,,502-509,"Note: —1. Preparations exempted under proviso to para 2 of Note to Schedule X shall also be covered by this Schedule.
2. The salts, esters, derivatives and preparations containing the above substances excluding those intended for topical or external use (except ophthalmic and ear/nose preparations containing antibiotics and/or steroids) are also covered by this Schedule.
3. The inclusion of a substance in this Schedule does not imply or convey that the substance is exempted from the provisions of Rule 122A/122B.]
1122[4. The salts, esters, derivatives and preparations containing 1123[steroids or Hydroquinone] for topical or external use shall also be covered under this Schedule.
1124[5. Notwithstanding anything contained in these rules, the provisions of rule 65 and rule 97 in respect or drugs specified from serial number 538 to serial number 551 inserted vide Notification number G.S.R. 277(E), dated 23rd March, 2018 published in the Gazette of India, Extraordinary, Part II, Section
Central Drugs Standard Control Organization, Ministry of Health and Family Welfare, Govt. of India Page 510 of 963
(3), Sub-section (i) shall be on voluntary basis for a period commencing on the day on which this notification shall come into force and ending on the 31st March, 2019 and thereafter shall be mandatory.]",
277,Latanoprost,SCHEDULE H,(See rules 65 and 97),G.S.R. 360(E),01-07-2024,,502-509,"Note: —1. Preparations exempted under proviso to para 2 of Note to Schedule X shall also be covered by this Schedule.
2. The salts, esters, derivatives and preparations containing the above substances excluding those intended for topical or external use (except ophthalmic and ear/nose preparations containing antibiotics and/or steroids) are also covered by this Schedule.
3. The inclusion of a substance in this Schedule does not imply or convey that the substance is exempted from the provisions of Rule 122A/122B.]
1122[4. The salts, esters, derivatives and preparations containing 1123[steroids or Hydroquinone] for topical or external use shall also be covered under this Schedule.
1124[5. Notwithstanding anything contained in these rules, the provisions of rule 65 and rule 97 in respect or drugs specified from serial number 538 to serial number 551 inserted vide Notification number G.S.R. 277(E), dated 23rd March, 2018 published in the Gazette of India, Extraordinary, Part II, Section
Central Drugs Standard Control Organization, Ministry of Health and Family Welfare, Govt. of India Page 510 of 963
(3), Sub-section (i) shall be on voluntary basis for a period commencing on the day on which this notification shall come into force and ending on the 31st March, 2019 and thereafter shall be mandatory.]",
278,Lefunomide,SCHEDULE H,(See rules 65 and 97),G.S.R. 360(E),01-07-2024,,502-509,"Note: —1. Preparations exempted under proviso to para 2 of Note to Schedule X shall also be covered by this Schedule.
2. The salts, esters, derivatives and preparations containing the above substances excluding those intended for topical or external use (except ophthalmic and ear/nose preparations containing antibiotics and/or steroids) are also covered by this Schedule.
3. The inclusion of a substance in this Schedule does not imply or convey that the substance is exempted from the provisions of Rule 122A/122B.]
1122[4. The salts, esters, derivatives and preparations containing 1123[steroids or Hydroquinone] for topical or external use shall also be covered under this Schedule.
1124[5. Notwithstanding anything contained in these rules, the provisions of rule 65 and rule 97 in respect or drugs specified from serial number 538 to serial number 551 inserted vide Notification number G.S.R. 277(E), dated 23rd March, 2018 published in the Gazette of India, Extraordinary, Part II, Section
Central Drugs Standard Control Organization, Ministry of Health and Family Welfare, Govt. of India Page 510 of 963
(3), Sub-section (i) shall be on voluntary basis for a period commencing on the day on which this notification shall come into force and ending on the 31st March, 2019 and thereafter shall be mandatory.]",
279,Lercanidipine Hydrochloride,SCHEDULE H,(See rules 65 and 97),G.S.R. 360(E),01-07-2024,,502-509,"Note: —1. Preparations exempted under proviso to para 2 of Note to Schedule X shall also be covered by this Schedule.
2. The salts, esters, derivatives and preparations containing the above substances excluding those intended for topical or external use (except ophthalmic and ear/nose preparations containing antibiotics and/or steroids) are also covered by this Schedule.
3. The inclusion of a substance in this Schedule does not imply or convey that the substance is exempted from the provisions of Rule 122A/122B.]
1122[4. The salts, esters, derivatives and preparations containing 1123[steroids or Hydroquinone] for topical or external use shall also be covered under this Schedule.
1124[5. Notwithstanding anything contained in these rules, the provisions of rule 65 and rule 97 in respect or drugs specified from serial number 538 to serial number 551 inserted vide Notification number G.S.R. 277(E), dated 23rd March, 2018 published in the Gazette of India, Extraordinary, Part II, Section
Central Drugs Standard Control Organization, Ministry of Health and Family Welfare, Govt. of India Page 510 of 963
(3), Sub-section (i) shall be on voluntary basis for a period commencing on the day on which this notification shall come into force and ending on the 31st March, 2019 and thereafter shall be mandatory.]",
280,Letrozole,SCHEDULE H,(See rules 65 and 97),G.S.R. 360(E),01-07-2024,,502-509,"Note: —1. Preparations exempted under proviso to para 2 of Note to Schedule X shall also be covered by this Schedule.
2. The salts, esters, derivatives and preparations containing the above substances excluding those intended for topical or external use (except ophthalmic and ear/nose preparations containing antibiotics and/or steroids) are also covered by this Schedule.
3. The inclusion of a substance in this Schedule does not imply or convey that the substance is exempted from the provisions of Rule 122A/122B.]
1122[4. The salts, esters, derivatives and preparations containing 1123[steroids or Hydroquinone] for topical or external use shall also be covered under this Schedule.
1124[5. Notwithstanding anything contained in these rules, the provisions of rule 65 and rule 97 in respect or drugs specified from serial number 538 to serial number 551 inserted vide Notification number G.S.R. 277(E), dated 23rd March, 2018 published in the Gazette of India, Extraordinary, Part II, Section
Central Drugs Standard Control Organization, Ministry of Health and Family Welfare, Govt. of India Page 510 of 963
(3), Sub-section (i) shall be on voluntary basis for a period commencing on the day on which this notification shall come into force and ending on the 31st March, 2019 and thereafter shall be mandatory.]",
281,Leuprolide Acetate,SCHEDULE H,(See rules 65 and 97),G.S.R. 360(E),01-07-2024,,502-509,"Note: —1. Preparations exempted under proviso to para 2 of Note to Schedule X shall also be covered by this Schedule.
2. The salts, esters, derivatives and preparations containing the above substances excluding those intended for topical or external use (except ophthalmic and ear/nose preparations containing antibiotics and/or steroids) are also covered by this Schedule.
3. The inclusion of a substance in this Schedule does not imply or convey that the substance is exempted from the provisions of Rule 122A/122B.]
1122[4. The salts, esters, derivatives and preparations containing 1123[steroids or Hydroquinone] for topical or external use shall also be covered under this Schedule.
1124[5. Notwithstanding anything contained in these rules, the provisions of rule 65 and rule 97 in respect or drugs specified from serial number 538 to serial number 551 inserted vide Notification number G.S.R. 277(E), dated 23rd March, 2018 published in the Gazette of India, Extraordinary, Part II, Section
Central Drugs Standard Control Organization, Ministry of Health and Family Welfare, Govt. of India Page 510 of 963
(3), Sub-section (i) shall be on voluntary basis for a period commencing on the day on which this notification shall come into force and ending on the 31st March, 2019 and thereafter shall be mandatory.]",
282,Levamesole,SCHEDULE H,(See rules 65 and 97),G.S.R. 360(E),01-07-2024,,502-509,"Note: —1. Preparations exempted under proviso to para 2 of Note to Schedule X shall also be covered by this Schedule.
2. The salts, esters, derivatives and preparations containing the above substances excluding those intended for topical or external use (except ophthalmic and ear/nose preparations containing antibiotics and/or steroids) are also covered by this Schedule.
3. The inclusion of a substance in this Schedule does not imply or convey that the substance is exempted from the provisions of Rule 122A/122B.]
1122[4. The salts, esters, derivatives and preparations containing 1123[steroids or Hydroquinone] for topical or external use shall also be covered under this Schedule.
1124[5. Notwithstanding anything contained in these rules, the provisions of rule 65 and rule 97 in respect or drugs specified from serial number 538 to serial number 551 inserted vide Notification number G.S.R. 277(E), dated 23rd March, 2018 published in the Gazette of India, Extraordinary, Part II, Section
Central Drugs Standard Control Organization, Ministry of Health and Family Welfare, Govt. of India Page 510 of 963
(3), Sub-section (i) shall be on voluntary basis for a period commencing on the day on which this notification shall come into force and ending on the 31st March, 2019 and thereafter shall be mandatory.]",
283,Levarterenol,SCHEDULE H,(See rules 65 and 97),G.S.R. 360(E),01-07-2024,,502-509,"Note: —1. Preparations exempted under proviso to para 2 of Note to Schedule X shall also be covered by this Schedule.
2. The salts, esters, derivatives and preparations containing the above substances excluding those intended for topical or external use (except ophthalmic and ear/nose preparations containing antibiotics and/or steroids) are also covered by this Schedule.
3. The inclusion of a substance in this Schedule does not imply or convey that the substance is exempted from the provisions of Rule 122A/122B.]
1122[4. The salts, esters, derivatives and preparations containing 1123[steroids or Hydroquinone] for topical or external use shall also be covered under this Schedule.
1124[5. Notwithstanding anything contained in these rules, the provisions of rule 65 and rule 97 in respect or drugs specified from serial number 538 to serial number 551 inserted vide Notification number G.S.R. 277(E), dated 23rd March, 2018 published in the Gazette of India, Extraordinary, Part II, Section
Central Drugs Standard Control Organization, Ministry of Health and Family Welfare, Govt. of India Page 510 of 963
(3), Sub-section (i) shall be on voluntary basis for a period commencing on the day on which this notification shall come into force and ending on the 31st March, 2019 and thereafter shall be mandatory.]",
284,Levobunolol,SCHEDULE H,(See rules 65 and 97),G.S.R. 360(E),01-07-2024,,502-509,"Note: —1. Preparations exempted under proviso to para 2 of Note to Schedule X shall also be covered by this Schedule.
2. The salts, esters, derivatives and preparations containing the above substances excluding those intended for topical or external use (except ophthalmic and ear/nose preparations containing antibiotics and/or steroids) are also covered by this Schedule.
3. The inclusion of a substance in this Schedule does not imply or convey that the substance is exempted from the provisions of Rule 122A/122B.]
1122[4. The salts, esters, derivatives and preparations containing 1123[steroids or Hydroquinone] for topical or external use shall also be covered under this Schedule.
1124[5. Notwithstanding anything contained in these rules, the provisions of rule 65 and rule 97 in respect or drugs specified from serial number 538 to serial number 551 inserted vide Notification number G.S.R. 277(E), dated 23rd March, 2018 published in the Gazette of India, Extraordinary, Part II, Section
Central Drugs Standard Control Organization, Ministry of Health and Family Welfare, Govt. of India Page 510 of 963
(3), Sub-section (i) shall be on voluntary basis for a period commencing on the day on which this notification shall come into force and ending on the 31st March, 2019 and thereafter shall be mandatory.]",
285,Levocetirizine,SCHEDULE H,(See rules 65 and 97),G.S.R. 360(E),01-07-2024,,502-509,"Note: —1. Preparations exempted under proviso to para 2 of Note to Schedule X shall also be covered by this Schedule.
2. The salts, esters, derivatives and preparations containing the above substances excluding those intended for topical or external use (except ophthalmic and ear/nose preparations containing antibiotics and/or steroids) are also covered by this Schedule.
3. The inclusion of a substance in this Schedule does not imply or convey that the substance is exempted from the provisions of Rule 122A/122B.]
1122[4. The salts, esters, derivatives and preparations containing 1123[steroids or Hydroquinone] for topical or external use shall also be covered under this Schedule.
1124[5. Notwithstanding anything contained in these rules, the provisions of rule 65 and rule 97 in respect or drugs specified from serial number 538 to serial number 551 inserted vide Notification number G.S.R. 277(E), dated 23rd March, 2018 published in the Gazette of India, Extraordinary, Part II, Section
Central Drugs Standard Control Organization, Ministry of Health and Family Welfare, Govt. of India Page 510 of 963
(3), Sub-section (i) shall be on voluntary basis for a period commencing on the day on which this notification shall come into force and ending on the 31st March, 2019 and thereafter shall be mandatory.]",
286,Levodopa,SCHEDULE H,(See rules 65 and 97),G.S.R. 360(E),01-07-2024,,502-509,"Note: —1. Preparations exempted under proviso to para 2 of Note to Schedule X shall also be covered by this Schedule.
2. The salts, esters, derivatives and preparations containing the above substances excluding those intended for topical or external use (except ophthalmic and ear/nose preparations containing antibiotics and/or steroids) are also covered by this Schedule.
3. The inclusion of a substance in this Schedule does not imply or convey that the substance is exempted from the provisions of Rule 122A/122B.]
1122[4. The salts, esters, derivatives and preparations containing 1123[steroids or Hydroquinone] for topical or external use shall also be covered under this Schedule.
1124[5. Notwithstanding anything contained in these rules, the provisions of rule 65 and rule 97 in respect or drugs specified from serial number 538 to serial number 551 inserted vide Notification number G.S.R. 277(E), dated 23rd March, 2018 published in the Gazette of India, Extraordinary, Part II, Section
Central Drugs Standard Control Organization, Ministry of Health and Family Welfare, Govt. of India Page 510 of 963
(3), Sub-section (i) shall be on voluntary basis for a period commencing on the day on which this notification shall come into force and ending on the 31st March, 2019 and thereafter shall be mandatory.]",
287,1115[***],SCHEDULE H,(See rules 65 and 97),G.S.R. 360(E),01-07-2024,,502-509,"Note: —1. Preparations exempted under proviso to para 2 of Note to Schedule X shall also be covered by this Schedule.
2. The salts, esters, derivatives and preparations containing the above substances excluding those intended for topical or external use (except ophthalmic and ear/nose preparations containing antibiotics and/or steroids) are also covered by this Schedule.
3. The inclusion of a substance in this Schedule does not imply or convey that the substance is exempted from the provisions of Rule 122A/122B.]
1122[4. The salts, esters, derivatives and preparations containing 1123[steroids or Hydroquinone] for topical or external use shall also be covered under this Schedule.
1124[5. Notwithstanding anything contained in these rules, the provisions of rule 65 and rule 97 in respect or drugs specified from serial number 538 to serial number 551 inserted vide Notification number G.S.R. 277(E), dated 23rd March, 2018 published in the Gazette of India, Extraordinary, Part II, Section
Central Drugs Standard Control Organization, Ministry of Health and Family Welfare, Govt. of India Page 510 of 963
(3), Sub-section (i) shall be on voluntary basis for a period commencing on the day on which this notification shall come into force and ending on the 31st March, 2019 and thereafter shall be mandatory.]","Entries No. 184, 187 and 287 (relating to Ethambutol Hydrochloride, Ethionamide and Levofloxacin) omitted by G.S.R. 588(E) dated 30th August, 2013 (w.e.f. 27-2-2014)."
288,Levovist,SCHEDULE H,(See rules 65 and 97),G.S.R. 360(E),01-07-2024,,502-509,"Note: —1. Preparations exempted under proviso to para 2 of Note to Schedule X shall also be covered by this Schedule.
2. The salts, esters, derivatives and preparations containing the above substances excluding those intended for topical or external use (except ophthalmic and ear/nose preparations containing antibiotics and/or steroids) are also covered by this Schedule.
3. The inclusion of a substance in this Schedule does not imply or convey that the substance is exempted from the provisions of Rule 122A/122B.]
1122[4. The salts, esters, derivatives and preparations containing 1123[steroids or Hydroquinone] for topical or external use shall also be covered under this Schedule.
1124[5. Notwithstanding anything contained in these rules, the provisions of rule 65 and rule 97 in respect or drugs specified from serial number 538 to serial number 551 inserted vide Notification number G.S.R. 277(E), dated 23rd March, 2018 published in the Gazette of India, Extraordinary, Part II, Section
Central Drugs Standard Control Organization, Ministry of Health and Family Welfare, Govt. of India Page 510 of 963
(3), Sub-section (i) shall be on voluntary basis for a period commencing on the day on which this notification shall come into force and ending on the 31st March, 2019 and thereafter shall be mandatory.]",
289,Lidoflazine,SCHEDULE H,(See rules 65 and 97),G.S.R. 360(E),01-07-2024,,502-509,"Note: —1. Preparations exempted under proviso to para 2 of Note to Schedule X shall also be covered by this Schedule.
2. The salts, esters, derivatives and preparations containing the above substances excluding those intended for topical or external use (except ophthalmic and ear/nose preparations containing antibiotics and/or steroids) are also covered by this Schedule.
3. The inclusion of a substance in this Schedule does not imply or convey that the substance is exempted from the provisions of Rule 122A/122B.]
1122[4. The salts, esters, derivatives and preparations containing 1123[steroids or Hydroquinone] for topical or external use shall also be covered under this Schedule.
1124[5. Notwithstanding anything contained in these rules, the provisions of rule 65 and rule 97 in respect or drugs specified from serial number 538 to serial number 551 inserted vide Notification number G.S.R. 277(E), dated 23rd March, 2018 published in the Gazette of India, Extraordinary, Part II, Section
Central Drugs Standard Control Organization, Ministry of Health and Family Welfare, Govt. of India Page 510 of 963
(3), Sub-section (i) shall be on voluntary basis for a period commencing on the day on which this notification shall come into force and ending on the 31st March, 2019 and thereafter shall be mandatory.]",
290,Linezplid,SCHEDULE H,(See rules 65 and 97),G.S.R. 360(E),01-07-2024,,502-509,"Note: —1. Preparations exempted under proviso to para 2 of Note to Schedule X shall also be covered by this Schedule.
2. The salts, esters, derivatives and preparations containing the above substances excluding those intended for topical or external use (except ophthalmic and ear/nose preparations containing antibiotics and/or steroids) are also covered by this Schedule.
3. The inclusion of a substance in this Schedule does not imply or convey that the substance is exempted from the provisions of Rule 122A/122B.]
1122[4. The salts, esters, derivatives and preparations containing 1123[steroids or Hydroquinone] for topical or external use shall also be covered under this Schedule.
1124[5. Notwithstanding anything contained in these rules, the provisions of rule 65 and rule 97 in respect or drugs specified from serial number 538 to serial number 551 inserted vide Notification number G.S.R. 277(E), dated 23rd March, 2018 published in the Gazette of India, Extraordinary, Part II, Section
Central Drugs Standard Control Organization, Ministry of Health and Family Welfare, Govt. of India Page 510 of 963
(3), Sub-section (i) shall be on voluntary basis for a period commencing on the day on which this notification shall come into force and ending on the 31st March, 2019 and thereafter shall be mandatory.]",
291,Lithium Carbonate,SCHEDULE H,(See rules 65 and 97),G.S.R. 360(E),01-07-2024,,502-509,"Note: —1. Preparations exempted under proviso to para 2 of Note to Schedule X shall also be covered by this Schedule.
2. The salts, esters, derivatives and preparations containing the above substances excluding those intended for topical or external use (except ophthalmic and ear/nose preparations containing antibiotics and/or steroids) are also covered by this Schedule.
3. The inclusion of a substance in this Schedule does not imply or convey that the substance is exempted from the provisions of Rule 122A/122B.]
1122[4. The salts, esters, derivatives and preparations containing 1123[steroids or Hydroquinone] for topical or external use shall also be covered under this Schedule.
1124[5. Notwithstanding anything contained in these rules, the provisions of rule 65 and rule 97 in respect or drugs specified from serial number 538 to serial number 551 inserted vide Notification number G.S.R. 277(E), dated 23rd March, 2018 published in the Gazette of India, Extraordinary, Part II, Section
Central Drugs Standard Control Organization, Ministry of Health and Family Welfare, Govt. of India Page 510 of 963
(3), Sub-section (i) shall be on voluntary basis for a period commencing on the day on which this notification shall come into force and ending on the 31st March, 2019 and thereafter shall be mandatory.]",
292,Lofepramine Decanoate,SCHEDULE H,(See rules 65 and 97),G.S.R. 360(E),01-07-2024,,502-509,"Note: —1. Preparations exempted under proviso to para 2 of Note to Schedule X shall also be covered by this Schedule.
2. The salts, esters, derivatives and preparations containing the above substances excluding those intended for topical or external use (except ophthalmic and ear/nose preparations containing antibiotics and/or steroids) are also covered by this Schedule.
3. The inclusion of a substance in this Schedule does not imply or convey that the substance is exempted from the provisions of Rule 122A/122B.]
1122[4. The salts, esters, derivatives and preparations containing 1123[steroids or Hydroquinone] for topical or external use shall also be covered under this Schedule.
1124[5. Notwithstanding anything contained in these rules, the provisions of rule 65 and rule 97 in respect or drugs specified from serial number 538 to serial number 551 inserted vide Notification number G.S.R. 277(E), dated 23rd March, 2018 published in the Gazette of India, Extraordinary, Part II, Section
Central Drugs Standard Control Organization, Ministry of Health and Family Welfare, Govt. of India Page 510 of 963
(3), Sub-section (i) shall be on voluntary basis for a period commencing on the day on which this notification shall come into force and ending on the 31st March, 2019 and thereafter shall be mandatory.]",
293,Loperamide,SCHEDULE H,(See rules 65 and 97),G.S.R. 360(E),01-07-2024,,502-509,"Note: —1. Preparations exempted under proviso to para 2 of Note to Schedule X shall also be covered by this Schedule.
2. The salts, esters, derivatives and preparations containing the above substances excluding those intended for topical or external use (except ophthalmic and ear/nose preparations containing antibiotics and/or steroids) are also covered by this Schedule.
3. The inclusion of a substance in this Schedule does not imply or convey that the substance is exempted from the provisions of Rule 122A/122B.]
1122[4. The salts, esters, derivatives and preparations containing 1123[steroids or Hydroquinone] for topical or external use shall also be covered under this Schedule.
1124[5. Notwithstanding anything contained in these rules, the provisions of rule 65 and rule 97 in respect or drugs specified from serial number 538 to serial number 551 inserted vide Notification number G.S.R. 277(E), dated 23rd March, 2018 published in the Gazette of India, Extraordinary, Part II, Section
Central Drugs Standard Control Organization, Ministry of Health and Family Welfare, Govt. of India Page 510 of 963
(3), Sub-section (i) shall be on voluntary basis for a period commencing on the day on which this notification shall come into force and ending on the 31st March, 2019 and thereafter shall be mandatory.]",
294,Lorazepam,SCHEDULE H,(See rules 65 and 97),G.S.R. 360(E),01-07-2024,,502-509,"Note: —1. Preparations exempted under proviso to para 2 of Note to Schedule X shall also be covered by this Schedule.
2. The salts, esters, derivatives and preparations containing the above substances excluding those intended for topical or external use (except ophthalmic and ear/nose preparations containing antibiotics and/or steroids) are also covered by this Schedule.
3. The inclusion of a substance in this Schedule does not imply or convey that the substance is exempted from the provisions of Rule 122A/122B.]
1122[4. The salts, esters, derivatives and preparations containing 1123[steroids or Hydroquinone] for topical or external use shall also be covered under this Schedule.
1124[5. Notwithstanding anything contained in these rules, the provisions of rule 65 and rule 97 in respect or drugs specified from serial number 538 to serial number 551 inserted vide Notification number G.S.R. 277(E), dated 23rd March, 2018 published in the Gazette of India, Extraordinary, Part II, Section
Central Drugs Standard Control Organization, Ministry of Health and Family Welfare, Govt. of India Page 510 of 963
(3), Sub-section (i) shall be on voluntary basis for a period commencing on the day on which this notification shall come into force and ending on the 31st March, 2019 and thereafter shall be mandatory.]",
295,Losartan Potassium,SCHEDULE H,(See rules 65 and 97),G.S.R. 360(E),01-07-2024,,502-509,"Note: —1. Preparations exempted under proviso to para 2 of Note to Schedule X shall also be covered by this Schedule.
2. The salts, esters, derivatives and preparations containing the above substances excluding those intended for topical or external use (except ophthalmic and ear/nose preparations containing antibiotics and/or steroids) are also covered by this Schedule.
3. The inclusion of a substance in this Schedule does not imply or convey that the substance is exempted from the provisions of Rule 122A/122B.]
1122[4. The salts, esters, derivatives and preparations containing 1123[steroids or Hydroquinone] for topical or external use shall also be covered under this Schedule.
1124[5. Notwithstanding anything contained in these rules, the provisions of rule 65 and rule 97 in respect or drugs specified from serial number 538 to serial number 551 inserted vide Notification number G.S.R. 277(E), dated 23rd March, 2018 published in the Gazette of India, Extraordinary, Part II, Section
Central Drugs Standard Control Organization, Ministry of Health and Family Welfare, Govt. of India Page 510 of 963
(3), Sub-section (i) shall be on voluntary basis for a period commencing on the day on which this notification shall come into force and ending on the 31st March, 2019 and thereafter shall be mandatory.]",
296,Loteprednol,SCHEDULE H,(See rules 65 and 97),G.S.R. 360(E),01-07-2024,,502-509,"Note: —1. Preparations exempted under proviso to para 2 of Note to Schedule X shall also be covered by this Schedule.
2. The salts, esters, derivatives and preparations containing the above substances excluding those intended for topical or external use (except ophthalmic and ear/nose preparations containing antibiotics and/or steroids) are also covered by this Schedule.
3. The inclusion of a substance in this Schedule does not imply or convey that the substance is exempted from the provisions of Rule 122A/122B.]
1122[4. The salts, esters, derivatives and preparations containing 1123[steroids or Hydroquinone] for topical or external use shall also be covered under this Schedule.
1124[5. Notwithstanding anything contained in these rules, the provisions of rule 65 and rule 97 in respect or drugs specified from serial number 538 to serial number 551 inserted vide Notification number G.S.R. 277(E), dated 23rd March, 2018 published in the Gazette of India, Extraordinary, Part II, Section
Central Drugs Standard Control Organization, Ministry of Health and Family Welfare, Govt. of India Page 510 of 963
(3), Sub-section (i) shall be on voluntary basis for a period commencing on the day on which this notification shall come into force and ending on the 31st March, 2019 and thereafter shall be mandatory.]",
297,Lovastatin,SCHEDULE H,(See rules 65 and 97),G.S.R. 360(E),01-07-2024,,502-509,"Note: —1. Preparations exempted under proviso to para 2 of Note to Schedule X shall also be covered by this Schedule.
2. The salts, esters, derivatives and preparations containing the above substances excluding those intended for topical or external use (except ophthalmic and ear/nose preparations containing antibiotics and/or steroids) are also covered by this Schedule.
3. The inclusion of a substance in this Schedule does not imply or convey that the substance is exempted from the provisions of Rule 122A/122B.]
1122[4. The salts, esters, derivatives and preparations containing 1123[steroids or Hydroquinone] for topical or external use shall also be covered under this Schedule.
1124[5. Notwithstanding anything contained in these rules, the provisions of rule 65 and rule 97 in respect or drugs specified from serial number 538 to serial number 551 inserted vide Notification number G.S.R. 277(E), dated 23rd March, 2018 published in the Gazette of India, Extraordinary, Part II, Section
Central Drugs Standard Control Organization, Ministry of Health and Family Welfare, Govt. of India Page 510 of 963
(3), Sub-section (i) shall be on voluntary basis for a period commencing on the day on which this notification shall come into force and ending on the 31st March, 2019 and thereafter shall be mandatory.]",
298,Loxapine,SCHEDULE H,(See rules 65 and 97),G.S.R. 360(E),01-07-2024,,502-509,"Note: —1. Preparations exempted under proviso to para 2 of Note to Schedule X shall also be covered by this Schedule.
2. The salts, esters, derivatives and preparations containing the above substances excluding those intended for topical or external use (except ophthalmic and ear/nose preparations containing antibiotics and/or steroids) are also covered by this Schedule.
3. The inclusion of a substance in this Schedule does not imply or convey that the substance is exempted from the provisions of Rule 122A/122B.]
1122[4. The salts, esters, derivatives and preparations containing 1123[steroids or Hydroquinone] for topical or external use shall also be covered under this Schedule.
1124[5. Notwithstanding anything contained in these rules, the provisions of rule 65 and rule 97 in respect or drugs specified from serial number 538 to serial number 551 inserted vide Notification number G.S.R. 277(E), dated 23rd March, 2018 published in the Gazette of India, Extraordinary, Part II, Section
Central Drugs Standard Control Organization, Ministry of Health and Family Welfare, Govt. of India Page 510 of 963
(3), Sub-section (i) shall be on voluntary basis for a period commencing on the day on which this notification shall come into force and ending on the 31st March, 2019 and thereafter shall be mandatory.]",
299,Mebendazole,SCHEDULE H,(See rules 65 and 97),G.S.R. 360(E),01-07-2024,,502-509,"Note: —1. Preparations exempted under proviso to para 2 of Note to Schedule X shall also be covered by this Schedule.
2. The salts, esters, derivatives and preparations containing the above substances excluding those intended for topical or external use (except ophthalmic and ear/nose preparations containing antibiotics and/or steroids) are also covered by this Schedule.
3. The inclusion of a substance in this Schedule does not imply or convey that the substance is exempted from the provisions of Rule 122A/122B.]
1122[4. The salts, esters, derivatives and preparations containing 1123[steroids or Hydroquinone] for topical or external use shall also be covered under this Schedule.
1124[5. Notwithstanding anything contained in these rules, the provisions of rule 65 and rule 97 in respect or drugs specified from serial number 538 to serial number 551 inserted vide Notification number G.S.R. 277(E), dated 23rd March, 2018 published in the Gazette of India, Extraordinary, Part II, Section
Central Drugs Standard Control Organization, Ministry of Health and Family Welfare, Govt. of India Page 510 of 963
(3), Sub-section (i) shall be on voluntary basis for a period commencing on the day on which this notification shall come into force and ending on the 31st March, 2019 and thereafter shall be mandatory.]",
300,Mebeverine Hydrochloride,SCHEDULE H,(See rules 65 and 97),G.S.R. 360(E),01-07-2024,,502-509,"Note: —1. Preparations exempted under proviso to para 2 of Note to Schedule X shall also be covered by this Schedule.
2. The salts, esters, derivatives and preparations containing the above substances excluding those intended for topical or external use (except ophthalmic and ear/nose preparations containing antibiotics and/or steroids) are also covered by this Schedule.
3. The inclusion of a substance in this Schedule does not imply or convey that the substance is exempted from the provisions of Rule 122A/122B.]
1122[4. The salts, esters, derivatives and preparations containing 1123[steroids or Hydroquinone] for topical or external use shall also be covered under this Schedule.
1124[5. Notwithstanding anything contained in these rules, the provisions of rule 65 and rule 97 in respect or drugs specified from serial number 538 to serial number 551 inserted vide Notification number G.S.R. 277(E), dated 23rd March, 2018 published in the Gazette of India, Extraordinary, Part II, Section
Central Drugs Standard Control Organization, Ministry of Health and Family Welfare, Govt. of India Page 510 of 963
(3), Sub-section (i) shall be on voluntary basis for a period commencing on the day on which this notification shall come into force and ending on the 31st March, 2019 and thereafter shall be mandatory.]",
301,Medroxy Progesterone Acetate,SCHEDULE H,(See rules 65 and 97),G.S.R. 360(E),01-07-2024,,502-509,"Note: —1. Preparations exempted under proviso to para 2 of Note to Schedule X shall also be covered by this Schedule.
2. The salts, esters, derivatives and preparations containing the above substances excluding those intended for topical or external use (except ophthalmic and ear/nose preparations containing antibiotics and/or steroids) are also covered by this Schedule.
3. The inclusion of a substance in this Schedule does not imply or convey that the substance is exempted from the provisions of Rule 122A/122B.]
1122[4. The salts, esters, derivatives and preparations containing 1123[steroids or Hydroquinone] for topical or external use shall also be covered under this Schedule.
1124[5. Notwithstanding anything contained in these rules, the provisions of rule 65 and rule 97 in respect or drugs specified from serial number 538 to serial number 551 inserted vide Notification number G.S.R. 277(E), dated 23rd March, 2018 published in the Gazette of India, Extraordinary, Part II, Section
Central Drugs Standard Control Organization, Ministry of Health and Family Welfare, Govt. of India Page 510 of 963
(3), Sub-section (i) shall be on voluntary basis for a period commencing on the day on which this notification shall come into force and ending on the 31st March, 2019 and thereafter shall be mandatory.]",
302,Mefenamic Acid,SCHEDULE H,(See rules 65 and 97),G.S.R. 360(E),01-07-2024,,502-509,"Note: —1. Preparations exempted under proviso to para 2 of Note to Schedule X shall also be covered by this Schedule.
2. The salts, esters, derivatives and preparations containing the above substances excluding those intended for topical or external use (except ophthalmic and ear/nose preparations containing antibiotics and/or steroids) are also covered by this Schedule.
3. The inclusion of a substance in this Schedule does not imply or convey that the substance is exempted from the provisions of Rule 122A/122B.]
1122[4. The salts, esters, derivatives and preparations containing 1123[steroids or Hydroquinone] for topical or external use shall also be covered under this Schedule.
1124[5. Notwithstanding anything contained in these rules, the provisions of rule 65 and rule 97 in respect or drugs specified from serial number 538 to serial number 551 inserted vide Notification number G.S.R. 277(E), dated 23rd March, 2018 published in the Gazette of India, Extraordinary, Part II, Section
Central Drugs Standard Control Organization, Ministry of Health and Family Welfare, Govt. of India Page 510 of 963
(3), Sub-section (i) shall be on voluntary basis for a period commencing on the day on which this notification shall come into force and ending on the 31st March, 2019 and thereafter shall be mandatory.]",
303,Mefloquine Hydrochloride,SCHEDULE H,(See rules 65 and 97),G.S.R. 360(E),01-07-2024,,502-509,"Note: —1. Preparations exempted under proviso to para 2 of Note to Schedule X shall also be covered by this Schedule.
2. The salts, esters, derivatives and preparations containing the above substances excluding those intended for topical or external use (except ophthalmic and ear/nose preparations containing antibiotics and/or steroids) are also covered by this Schedule.
3. The inclusion of a substance in this Schedule does not imply or convey that the substance is exempted from the provisions of Rule 122A/122B.]
1122[4. The salts, esters, derivatives and preparations containing 1123[steroids or Hydroquinone] for topical or external use shall also be covered under this Schedule.
1124[5. Notwithstanding anything contained in these rules, the provisions of rule 65 and rule 97 in respect or drugs specified from serial number 538 to serial number 551 inserted vide Notification number G.S.R. 277(E), dated 23rd March, 2018 published in the Gazette of India, Extraordinary, Part II, Section
Central Drugs Standard Control Organization, Ministry of Health and Family Welfare, Govt. of India Page 510 of 963
(3), Sub-section (i) shall be on voluntary basis for a period commencing on the day on which this notification shall come into force and ending on the 31st March, 2019 and thereafter shall be mandatory.]",
304,Megestrol Acetate,SCHEDULE H,(See rules 65 and 97),G.S.R. 360(E),01-07-2024,,502-509,"Note: —1. Preparations exempted under proviso to para 2 of Note to Schedule X shall also be covered by this Schedule.
2. The salts, esters, derivatives and preparations containing the above substances excluding those intended for topical or external use (except ophthalmic and ear/nose preparations containing antibiotics and/or steroids) are also covered by this Schedule.
3. The inclusion of a substance in this Schedule does not imply or convey that the substance is exempted from the provisions of Rule 122A/122B.]
1122[4. The salts, esters, derivatives and preparations containing 1123[steroids or Hydroquinone] for topical or external use shall also be covered under this Schedule.
1124[5. Notwithstanding anything contained in these rules, the provisions of rule 65 and rule 97 in respect or drugs specified from serial number 538 to serial number 551 inserted vide Notification number G.S.R. 277(E), dated 23rd March, 2018 published in the Gazette of India, Extraordinary, Part II, Section
Central Drugs Standard Control Organization, Ministry of Health and Family Welfare, Govt. of India Page 510 of 963
(3), Sub-section (i) shall be on voluntary basis for a period commencing on the day on which this notification shall come into force and ending on the 31st March, 2019 and thereafter shall be mandatory.]",
305,Meglumine Iocarmate,SCHEDULE H,(See rules 65 and 97),G.S.R. 360(E),01-07-2024,,502-509,"Note: —1. Preparations exempted under proviso to para 2 of Note to Schedule X shall also be covered by this Schedule.
2. The salts, esters, derivatives and preparations containing the above substances excluding those intended for topical or external use (except ophthalmic and ear/nose preparations containing antibiotics and/or steroids) are also covered by this Schedule.
3. The inclusion of a substance in this Schedule does not imply or convey that the substance is exempted from the provisions of Rule 122A/122B.]
1122[4. The salts, esters, derivatives and preparations containing 1123[steroids or Hydroquinone] for topical or external use shall also be covered under this Schedule.
1124[5. Notwithstanding anything contained in these rules, the provisions of rule 65 and rule 97 in respect or drugs specified from serial number 538 to serial number 551 inserted vide Notification number G.S.R. 277(E), dated 23rd March, 2018 published in the Gazette of India, Extraordinary, Part II, Section
Central Drugs Standard Control Organization, Ministry of Health and Family Welfare, Govt. of India Page 510 of 963
(3), Sub-section (i) shall be on voluntary basis for a period commencing on the day on which this notification shall come into force and ending on the 31st March, 2019 and thereafter shall be mandatory.]",
306,Melagenina,SCHEDULE H,(See rules 65 and 97),G.S.R. 360(E),01-07-2024,,502-509,"Note: —1. Preparations exempted under proviso to para 2 of Note to Schedule X shall also be covered by this Schedule.
2. The salts, esters, derivatives and preparations containing the above substances excluding those intended for topical or external use (except ophthalmic and ear/nose preparations containing antibiotics and/or steroids) are also covered by this Schedule.
3. The inclusion of a substance in this Schedule does not imply or convey that the substance is exempted from the provisions of Rule 122A/122B.]
1122[4. The salts, esters, derivatives and preparations containing 1123[steroids or Hydroquinone] for topical or external use shall also be covered under this Schedule.
1124[5. Notwithstanding anything contained in these rules, the provisions of rule 65 and rule 97 in respect or drugs specified from serial number 538 to serial number 551 inserted vide Notification number G.S.R. 277(E), dated 23rd March, 2018 published in the Gazette of India, Extraordinary, Part II, Section
Central Drugs Standard Control Organization, Ministry of Health and Family Welfare, Govt. of India Page 510 of 963
(3), Sub-section (i) shall be on voluntary basis for a period commencing on the day on which this notification shall come into force and ending on the 31st March, 2019 and thereafter shall be mandatory.]",
307,Melitracen Hydrochloride,SCHEDULE H,(See rules 65 and 97),G.S.R. 360(E),01-07-2024,,502-509,"Note: —1. Preparations exempted under proviso to para 2 of Note to Schedule X shall also be covered by this Schedule.
2. The salts, esters, derivatives and preparations containing the above substances excluding those intended for topical or external use (except ophthalmic and ear/nose preparations containing antibiotics and/or steroids) are also covered by this Schedule.
3. The inclusion of a substance in this Schedule does not imply or convey that the substance is exempted from the provisions of Rule 122A/122B.]
1122[4. The salts, esters, derivatives and preparations containing 1123[steroids or Hydroquinone] for topical or external use shall also be covered under this Schedule.
1124[5. Notwithstanding anything contained in these rules, the provisions of rule 65 and rule 97 in respect or drugs specified from serial number 538 to serial number 551 inserted vide Notification number G.S.R. 277(E), dated 23rd March, 2018 published in the Gazette of India, Extraordinary, Part II, Section
Central Drugs Standard Control Organization, Ministry of Health and Family Welfare, Govt. of India Page 510 of 963
(3), Sub-section (i) shall be on voluntary basis for a period commencing on the day on which this notification shall come into force and ending on the 31st March, 2019 and thereafter shall be mandatory.]",
308,Meloxicam,SCHEDULE H,(See rules 65 and 97),G.S.R. 360(E),01-07-2024,,502-509,"Note: —1. Preparations exempted under proviso to para 2 of Note to Schedule X shall also be covered by this Schedule.
2. The salts, esters, derivatives and preparations containing the above substances excluding those intended for topical or external use (except ophthalmic and ear/nose preparations containing antibiotics and/or steroids) are also covered by this Schedule.
3. The inclusion of a substance in this Schedule does not imply or convey that the substance is exempted from the provisions of Rule 122A/122B.]
1122[4. The salts, esters, derivatives and preparations containing 1123[steroids or Hydroquinone] for topical or external use shall also be covered under this Schedule.
1124[5. Notwithstanding anything contained in these rules, the provisions of rule 65 and rule 97 in respect or drugs specified from serial number 538 to serial number 551 inserted vide Notification number G.S.R. 277(E), dated 23rd March, 2018 published in the Gazette of India, Extraordinary, Part II, Section
Central Drugs Standard Control Organization, Ministry of Health and Family Welfare, Govt. of India Page 510 of 963
(3), Sub-section (i) shall be on voluntary basis for a period commencing on the day on which this notification shall come into force and ending on the 31st March, 2019 and thereafter shall be mandatory.]",
309,"Mephenesin, its Esters",SCHEDULE H,(See rules 65 and 97),G.S.R. 360(E),01-07-2024,,502-509,"Note: —1. Preparations exempted under proviso to para 2 of Note to Schedule X shall also be covered by this Schedule.
2. The salts, esters, derivatives and preparations containing the above substances excluding those intended for topical or external use (except ophthalmic and ear/nose preparations containing antibiotics and/or steroids) are also covered by this Schedule.
3. The inclusion of a substance in this Schedule does not imply or convey that the substance is exempted from the provisions of Rule 122A/122B.]
1122[4. The salts, esters, derivatives and preparations containing 1123[steroids or Hydroquinone] for topical or external use shall also be covered under this Schedule.
1124[5. Notwithstanding anything contained in these rules, the provisions of rule 65 and rule 97 in respect or drugs specified from serial number 538 to serial number 551 inserted vide Notification number G.S.R. 277(E), dated 23rd March, 2018 published in the Gazette of India, Extraordinary, Part II, Section
Central Drugs Standard Control Organization, Ministry of Health and Family Welfare, Govt. of India Page 510 of 963
(3), Sub-section (i) shall be on voluntary basis for a period commencing on the day on which this notification shall come into force and ending on the 31st March, 2019 and thereafter shall be mandatory.]",
310,Mephentermine,SCHEDULE H,(See rules 65 and 97),G.S.R. 360(E),01-07-2024,,502-509,"Note: —1. Preparations exempted under proviso to para 2 of Note to Schedule X shall also be covered by this Schedule.
2. The salts, esters, derivatives and preparations containing the above substances excluding those intended for topical or external use (except ophthalmic and ear/nose preparations containing antibiotics and/or steroids) are also covered by this Schedule.
3. The inclusion of a substance in this Schedule does not imply or convey that the substance is exempted from the provisions of Rule 122A/122B.]
1122[4. The salts, esters, derivatives and preparations containing 1123[steroids or Hydroquinone] for topical or external use shall also be covered under this Schedule.
1124[5. Notwithstanding anything contained in these rules, the provisions of rule 65 and rule 97 in respect or drugs specified from serial number 538 to serial number 551 inserted vide Notification number G.S.R. 277(E), dated 23rd March, 2018 published in the Gazette of India, Extraordinary, Part II, Section
Central Drugs Standard Control Organization, Ministry of Health and Family Welfare, Govt. of India Page 510 of 963
(3), Sub-section (i) shall be on voluntary basis for a period commencing on the day on which this notification shall come into force and ending on the 31st March, 2019 and thereafter shall be mandatory.]",
311,1117[***],SCHEDULE H,(See rules 65 and 97),G.S.R. 360(E),01-07-2024,,502-509,"Note: —1. Preparations exempted under proviso to para 2 of Note to Schedule X shall also be covered by this Schedule.
2. The salts, esters, derivatives and preparations containing the above substances excluding those intended for topical or external use (except ophthalmic and ear/nose preparations containing antibiotics and/or steroids) are also covered by this Schedule.
3. The inclusion of a substance in this Schedule does not imply or convey that the substance is exempted from the provisions of Rule 122A/122B.]
1122[4. The salts, esters, derivatives and preparations containing 1123[steroids or Hydroquinone] for topical or external use shall also be covered under this Schedule.
1124[5. Notwithstanding anything contained in these rules, the provisions of rule 65 and rule 97 in respect or drugs specified from serial number 538 to serial number 551 inserted vide Notification number G.S.R. 277(E), dated 23rd March, 2018 published in the Gazette of India, Extraordinary, Part II, Section
Central Drugs Standard Control Organization, Ministry of Health and Family Welfare, Govt. of India Page 510 of 963
(3), Sub-section (i) shall be on voluntary basis for a period commencing on the day on which this notification shall come into force and ending on the 31st March, 2019 and thereafter shall be mandatory.]","Entries No. 311, 324, 339, 360, 392 and 418 (relating to Meropenam, Midazolam, Moxifloxacin, Nitrazepam, Pentazocine and Pyrazinamide) omitted by G.S.R. 588(E) dated 30th August, 2013 (w.e.f. 27-2-2014)"
312,Mesterolone,SCHEDULE H,(See rules 65 and 97),G.S.R. 360(E),01-07-2024,,502-509,"Note: —1. Preparations exempted under proviso to para 2 of Note to Schedule X shall also be covered by this Schedule.
2. The salts, esters, derivatives and preparations containing the above substances excluding those intended for topical or external use (except ophthalmic and ear/nose preparations containing antibiotics and/or steroids) are also covered by this Schedule.
3. The inclusion of a substance in this Schedule does not imply or convey that the substance is exempted from the provisions of Rule 122A/122B.]
1122[4. The salts, esters, derivatives and preparations containing 1123[steroids or Hydroquinone] for topical or external use shall also be covered under this Schedule.
1124[5. Notwithstanding anything contained in these rules, the provisions of rule 65 and rule 97 in respect or drugs specified from serial number 538 to serial number 551 inserted vide Notification number G.S.R. 277(E), dated 23rd March, 2018 published in the Gazette of India, Extraordinary, Part II, Section
Central Drugs Standard Control Organization, Ministry of Health and Family Welfare, Govt. of India Page 510 of 963
(3), Sub-section (i) shall be on voluntary basis for a period commencing on the day on which this notification shall come into force and ending on the 31st March, 2019 and thereafter shall be mandatory.]",
313,Metaxalone,SCHEDULE H,(See rules 65 and 97),G.S.R. 360(E),01-07-2024,,502-509,"Note: —1. Preparations exempted under proviso to para 2 of Note to Schedule X shall also be covered by this Schedule.
2. The salts, esters, derivatives and preparations containing the above substances excluding those intended for topical or external use (except ophthalmic and ear/nose preparations containing antibiotics and/or steroids) are also covered by this Schedule.
3. The inclusion of a substance in this Schedule does not imply or convey that the substance is exempted from the provisions of Rule 122A/122B.]
1122[4. The salts, esters, derivatives and preparations containing 1123[steroids or Hydroquinone] for topical or external use shall also be covered under this Schedule.
1124[5. Notwithstanding anything contained in these rules, the provisions of rule 65 and rule 97 in respect or drugs specified from serial number 538 to serial number 551 inserted vide Notification number G.S.R. 277(E), dated 23rd March, 2018 published in the Gazette of India, Extraordinary, Part II, Section
Central Drugs Standard Control Organization, Ministry of Health and Family Welfare, Govt. of India Page 510 of 963
(3), Sub-section (i) shall be on voluntary basis for a period commencing on the day on which this notification shall come into force and ending on the 31st March, 2019 and thereafter shall be mandatory.]",
314,Methicillin Sodium,SCHEDULE H,(See rules 65 and 97),G.S.R. 360(E),01-07-2024,,502-509,"Note: —1. Preparations exempted under proviso to para 2 of Note to Schedule X shall also be covered by this Schedule.
2. The salts, esters, derivatives and preparations containing the above substances excluding those intended for topical or external use (except ophthalmic and ear/nose preparations containing antibiotics and/or steroids) are also covered by this Schedule.
3. The inclusion of a substance in this Schedule does not imply or convey that the substance is exempted from the provisions of Rule 122A/122B.]
1122[4. The salts, esters, derivatives and preparations containing 1123[steroids or Hydroquinone] for topical or external use shall also be covered under this Schedule.
1124[5. Notwithstanding anything contained in these rules, the provisions of rule 65 and rule 97 in respect or drugs specified from serial number 538 to serial number 551 inserted vide Notification number G.S.R. 277(E), dated 23rd March, 2018 published in the Gazette of India, Extraordinary, Part II, Section
Central Drugs Standard Control Organization, Ministry of Health and Family Welfare, Govt. of India Page 510 of 963
(3), Sub-section (i) shall be on voluntary basis for a period commencing on the day on which this notification shall come into force and ending on the 31st March, 2019 and thereafter shall be mandatory.]",
315,Methocarbamol,SCHEDULE H,(See rules 65 and 97),G.S.R. 360(E),01-07-2024,,502-509,"Note: —1. Preparations exempted under proviso to para 2 of Note to Schedule X shall also be covered by this Schedule.
2. The salts, esters, derivatives and preparations containing the above substances excluding those intended for topical or external use (except ophthalmic and ear/nose preparations containing antibiotics and/or steroids) are also covered by this Schedule.
3. The inclusion of a substance in this Schedule does not imply or convey that the substance is exempted from the provisions of Rule 122A/122B.]
1122[4. The salts, esters, derivatives and preparations containing 1123[steroids or Hydroquinone] for topical or external use shall also be covered under this Schedule.
1124[5. Notwithstanding anything contained in these rules, the provisions of rule 65 and rule 97 in respect or drugs specified from serial number 538 to serial number 551 inserted vide Notification number G.S.R. 277(E), dated 23rd March, 2018 published in the Gazette of India, Extraordinary, Part II, Section
Central Drugs Standard Control Organization, Ministry of Health and Family Welfare, Govt. of India Page 510 of 963
(3), Sub-section (i) shall be on voluntary basis for a period commencing on the day on which this notification shall come into force and ending on the 31st March, 2019 and thereafter shall be mandatory.]",
316,Methotraxate,SCHEDULE H,(See rules 65 and 97),G.S.R. 360(E),01-07-2024,,502-509,"Note: —1. Preparations exempted under proviso to para 2 of Note to Schedule X shall also be covered by this Schedule.
2. The salts, esters, derivatives and preparations containing the above substances excluding those intended for topical or external use (except ophthalmic and ear/nose preparations containing antibiotics and/or steroids) are also covered by this Schedule.
3. The inclusion of a substance in this Schedule does not imply or convey that the substance is exempted from the provisions of Rule 122A/122B.]
1122[4. The salts, esters, derivatives and preparations containing 1123[steroids or Hydroquinone] for topical or external use shall also be covered under this Schedule.
1124[5. Notwithstanding anything contained in these rules, the provisions of rule 65 and rule 97 in respect or drugs specified from serial number 538 to serial number 551 inserted vide Notification number G.S.R. 277(E), dated 23rd March, 2018 published in the Gazette of India, Extraordinary, Part II, Section
Central Drugs Standard Control Organization, Ministry of Health and Family Welfare, Govt. of India Page 510 of 963
(3), Sub-section (i) shall be on voluntary basis for a period commencing on the day on which this notification shall come into force and ending on the 31st March, 2019 and thereafter shall be mandatory.]",
317,Metoclopramide,SCHEDULE H,(See rules 65 and 97),G.S.R. 360(E),01-07-2024,,502-509,"Note: —1. Preparations exempted under proviso to para 2 of Note to Schedule X shall also be covered by this Schedule.
2. The salts, esters, derivatives and preparations containing the above substances excluding those intended for topical or external use (except ophthalmic and ear/nose preparations containing antibiotics and/or steroids) are also covered by this Schedule.
3. The inclusion of a substance in this Schedule does not imply or convey that the substance is exempted from the provisions of Rule 122A/122B.]
1122[4. The salts, esters, derivatives and preparations containing 1123[steroids or Hydroquinone] for topical or external use shall also be covered under this Schedule.
1124[5. Notwithstanding anything contained in these rules, the provisions of rule 65 and rule 97 in respect or drugs specified from serial number 538 to serial number 551 inserted vide Notification number G.S.R. 277(E), dated 23rd March, 2018 published in the Gazette of India, Extraordinary, Part II, Section
Central Drugs Standard Control Organization, Ministry of Health and Family Welfare, Govt. of India Page 510 of 963
(3), Sub-section (i) shall be on voluntary basis for a period commencing on the day on which this notification shall come into force and ending on the 31st March, 2019 and thereafter shall be mandatory.]",
318,Metoprolol Tartrate,SCHEDULE H,(See rules 65 and 97),G.S.R. 360(E),01-07-2024,,502-509,"Note: —1. Preparations exempted under proviso to para 2 of Note to Schedule X shall also be covered by this Schedule.
2. The salts, esters, derivatives and preparations containing the above substances excluding those intended for topical or external use (except ophthalmic and ear/nose preparations containing antibiotics and/or steroids) are also covered by this Schedule.
3. The inclusion of a substance in this Schedule does not imply or convey that the substance is exempted from the provisions of Rule 122A/122B.]
1122[4. The salts, esters, derivatives and preparations containing 1123[steroids or Hydroquinone] for topical or external use shall also be covered under this Schedule.
1124[5. Notwithstanding anything contained in these rules, the provisions of rule 65 and rule 97 in respect or drugs specified from serial number 538 to serial number 551 inserted vide Notification number G.S.R. 277(E), dated 23rd March, 2018 published in the Gazette of India, Extraordinary, Part II, Section
Central Drugs Standard Control Organization, Ministry of Health and Family Welfare, Govt. of India Page 510 of 963
(3), Sub-section (i) shall be on voluntary basis for a period commencing on the day on which this notification shall come into force and ending on the 31st March, 2019 and thereafter shall be mandatory.]",
319,Metrizamide,SCHEDULE H,(See rules 65 and 97),G.S.R. 360(E),01-07-2024,,502-509,"Note: —1. Preparations exempted under proviso to para 2 of Note to Schedule X shall also be covered by this Schedule.
2. The salts, esters, derivatives and preparations containing the above substances excluding those intended for topical or external use (except ophthalmic and ear/nose preparations containing antibiotics and/or steroids) are also covered by this Schedule.
3. The inclusion of a substance in this Schedule does not imply or convey that the substance is exempted from the provisions of Rule 122A/122B.]
1122[4. The salts, esters, derivatives and preparations containing 1123[steroids or Hydroquinone] for topical or external use shall also be covered under this Schedule.
1124[5. Notwithstanding anything contained in these rules, the provisions of rule 65 and rule 97 in respect or drugs specified from serial number 538 to serial number 551 inserted vide Notification number G.S.R. 277(E), dated 23rd March, 2018 published in the Gazette of India, Extraordinary, Part II, Section
Central Drugs Standard Control Organization, Ministry of Health and Family Welfare, Govt. of India Page 510 of 963
(3), Sub-section (i) shall be on voluntary basis for a period commencing on the day on which this notification shall come into force and ending on the 31st March, 2019 and thereafter shall be mandatory.]",
320,Metronidazole,SCHEDULE H,(See rules 65 and 97),G.S.R. 360(E),01-07-2024,,502-509,"Note: —1. Preparations exempted under proviso to para 2 of Note to Schedule X shall also be covered by this Schedule.
2. The salts, esters, derivatives and preparations containing the above substances excluding those intended for topical or external use (except ophthalmic and ear/nose preparations containing antibiotics and/or steroids) are also covered by this Schedule.
3. The inclusion of a substance in this Schedule does not imply or convey that the substance is exempted from the provisions of Rule 122A/122B.]
1122[4. The salts, esters, derivatives and preparations containing 1123[steroids or Hydroquinone] for topical or external use shall also be covered under this Schedule.
1124[5. Notwithstanding anything contained in these rules, the provisions of rule 65 and rule 97 in respect or drugs specified from serial number 538 to serial number 551 inserted vide Notification number G.S.R. 277(E), dated 23rd March, 2018 published in the Gazette of India, Extraordinary, Part II, Section
Central Drugs Standard Control Organization, Ministry of Health and Family Welfare, Govt. of India Page 510 of 963
(3), Sub-section (i) shall be on voluntary basis for a period commencing on the day on which this notification shall come into force and ending on the 31st March, 2019 and thereafter shall be mandatory.]",
321,Mexiletine Hydrochloride,SCHEDULE H,(See rules 65 and 97),G.S.R. 360(E),01-07-2024,,502-509,"Note: —1. Preparations exempted under proviso to para 2 of Note to Schedule X shall also be covered by this Schedule.
2. The salts, esters, derivatives and preparations containing the above substances excluding those intended for topical or external use (except ophthalmic and ear/nose preparations containing antibiotics and/or steroids) are also covered by this Schedule.
3. The inclusion of a substance in this Schedule does not imply or convey that the substance is exempted from the provisions of Rule 122A/122B.]
1122[4. The salts, esters, derivatives and preparations containing 1123[steroids or Hydroquinone] for topical or external use shall also be covered under this Schedule.
1124[5. Notwithstanding anything contained in these rules, the provisions of rule 65 and rule 97 in respect or drugs specified from serial number 538 to serial number 551 inserted vide Notification number G.S.R. 277(E), dated 23rd March, 2018 published in the Gazette of India, Extraordinary, Part II, Section
Central Drugs Standard Control Organization, Ministry of Health and Family Welfare, Govt. of India Page 510 of 963
(3), Sub-section (i) shall be on voluntary basis for a period commencing on the day on which this notification shall come into force and ending on the 31st March, 2019 and thereafter shall be mandatory.]",
322,Mianserin Hydrochloride,SCHEDULE H,(See rules 65 and 97),G.S.R. 360(E),01-07-2024,,502-509,"Note: —1. Preparations exempted under proviso to para 2 of Note to Schedule X shall also be covered by this Schedule.
2. The salts, esters, derivatives and preparations containing the above substances excluding those intended for topical or external use (except ophthalmic and ear/nose preparations containing antibiotics and/or steroids) are also covered by this Schedule.
3. The inclusion of a substance in this Schedule does not imply or convey that the substance is exempted from the provisions of Rule 122A/122B.]
1122[4. The salts, esters, derivatives and preparations containing 1123[steroids or Hydroquinone] for topical or external use shall also be covered under this Schedule.
1124[5. Notwithstanding anything contained in these rules, the provisions of rule 65 and rule 97 in respect or drugs specified from serial number 538 to serial number 551 inserted vide Notification number G.S.R. 277(E), dated 23rd March, 2018 published in the Gazette of India, Extraordinary, Part II, Section
Central Drugs Standard Control Organization, Ministry of Health and Family Welfare, Govt. of India Page 510 of 963
(3), Sub-section (i) shall be on voluntary basis for a period commencing on the day on which this notification shall come into force and ending on the 31st March, 2019 and thereafter shall be mandatory.]",
323,Miconazole,SCHEDULE H,(See rules 65 and 97),G.S.R. 360(E),01-07-2024,,502-509,"Note: —1. Preparations exempted under proviso to para 2 of Note to Schedule X shall also be covered by this Schedule.
2. The salts, esters, derivatives and preparations containing the above substances excluding those intended for topical or external use (except ophthalmic and ear/nose preparations containing antibiotics and/or steroids) are also covered by this Schedule.
3. The inclusion of a substance in this Schedule does not imply or convey that the substance is exempted from the provisions of Rule 122A/122B.]
1122[4. The salts, esters, derivatives and preparations containing 1123[steroids or Hydroquinone] for topical or external use shall also be covered under this Schedule.
1124[5. Notwithstanding anything contained in these rules, the provisions of rule 65 and rule 97 in respect or drugs specified from serial number 538 to serial number 551 inserted vide Notification number G.S.R. 277(E), dated 23rd March, 2018 published in the Gazette of India, Extraordinary, Part II, Section
Central Drugs Standard Control Organization, Ministry of Health and Family Welfare, Govt. of India Page 510 of 963
(3), Sub-section (i) shall be on voluntary basis for a period commencing on the day on which this notification shall come into force and ending on the 31st March, 2019 and thereafter shall be mandatory.]",
324,1117[***],SCHEDULE H,(See rules 65 and 97),G.S.R. 360(E),01-07-2024,,502-509,"Note: —1. Preparations exempted under proviso to para 2 of Note to Schedule X shall also be covered by this Schedule.
2. The salts, esters, derivatives and preparations containing the above substances excluding those intended for topical or external use (except ophthalmic and ear/nose preparations containing antibiotics and/or steroids) are also covered by this Schedule.
3. The inclusion of a substance in this Schedule does not imply or convey that the substance is exempted from the provisions of Rule 122A/122B.]
1122[4. The salts, esters, derivatives and preparations containing 1123[steroids or Hydroquinone] for topical or external use shall also be covered under this Schedule.
1124[5. Notwithstanding anything contained in these rules, the provisions of rule 65 and rule 97 in respect or drugs specified from serial number 538 to serial number 551 inserted vide Notification number G.S.R. 277(E), dated 23rd March, 2018 published in the Gazette of India, Extraordinary, Part II, Section
Central Drugs Standard Control Organization, Ministry of Health and Family Welfare, Govt. of India Page 510 of 963
(3), Sub-section (i) shall be on voluntary basis for a period commencing on the day on which this notification shall come into force and ending on the 31st March, 2019 and thereafter shall be mandatory.]","Entries No. 311, 324, 339, 360, 392 and 418 (relating to Meropenam, Midazolam, Moxifloxacin, Nitrazepam, Pentazocine and Pyrazinamide) omitted by G.S.R. 588(E) dated 30th August, 2013 (w.e.f. 27-2-2014)"
325,Mifepristone,SCHEDULE H,(See rules 65 and 97),G.S.R. 360(E),01-07-2024,,502-509,"Note: —1. Preparations exempted under proviso to para 2 of Note to Schedule X shall also be covered by this Schedule.
2. The salts, esters, derivatives and preparations containing the above substances excluding those intended for topical or external use (except ophthalmic and ear/nose preparations containing antibiotics and/or steroids) are also covered by this Schedule.
3. The inclusion of a substance in this Schedule does not imply or convey that the substance is exempted from the provisions of Rule 122A/122B.]
1122[4. The salts, esters, derivatives and preparations containing 1123[steroids or Hydroquinone] for topical or external use shall also be covered under this Schedule.
1124[5. Notwithstanding anything contained in these rules, the provisions of rule 65 and rule 97 in respect or drugs specified from serial number 538 to serial number 551 inserted vide Notification number G.S.R. 277(E), dated 23rd March, 2018 published in the Gazette of India, Extraordinary, Part II, Section
Central Drugs Standard Control Organization, Ministry of Health and Family Welfare, Govt. of India Page 510 of 963
(3), Sub-section (i) shall be on voluntary basis for a period commencing on the day on which this notification shall come into force and ending on the 31st March, 2019 and thereafter shall be mandatory.]",
326,Milrinone Lactate,SCHEDULE H,(See rules 65 and 97),G.S.R. 360(E),01-07-2024,,502-509,"Note: —1. Preparations exempted under proviso to para 2 of Note to Schedule X shall also be covered by this Schedule.
2. The salts, esters, derivatives and preparations containing the above substances excluding those intended for topical or external use (except ophthalmic and ear/nose preparations containing antibiotics and/or steroids) are also covered by this Schedule.
3. The inclusion of a substance in this Schedule does not imply or convey that the substance is exempted from the provisions of Rule 122A/122B.]
1122[4. The salts, esters, derivatives and preparations containing 1123[steroids or Hydroquinone] for topical or external use shall also be covered under this Schedule.
1124[5. Notwithstanding anything contained in these rules, the provisions of rule 65 and rule 97 in respect or drugs specified from serial number 538 to serial number 551 inserted vide Notification number G.S.R. 277(E), dated 23rd March, 2018 published in the Gazette of India, Extraordinary, Part II, Section
Central Drugs Standard Control Organization, Ministry of Health and Family Welfare, Govt. of India Page 510 of 963
(3), Sub-section (i) shall be on voluntary basis for a period commencing on the day on which this notification shall come into force and ending on the 31st March, 2019 and thereafter shall be mandatory.]",
327,Miltefosine,SCHEDULE H,(See rules 65 and 97),G.S.R. 360(E),01-07-2024,,502-509,"Note: —1. Preparations exempted under proviso to para 2 of Note to Schedule X shall also be covered by this Schedule.
2. The salts, esters, derivatives and preparations containing the above substances excluding those intended for topical or external use (except ophthalmic and ear/nose preparations containing antibiotics and/or steroids) are also covered by this Schedule.
3. The inclusion of a substance in this Schedule does not imply or convey that the substance is exempted from the provisions of Rule 122A/122B.]
1122[4. The salts, esters, derivatives and preparations containing 1123[steroids or Hydroquinone] for topical or external use shall also be covered under this Schedule.
1124[5. Notwithstanding anything contained in these rules, the provisions of rule 65 and rule 97 in respect or drugs specified from serial number 538 to serial number 551 inserted vide Notification number G.S.R. 277(E), dated 23rd March, 2018 published in the Gazette of India, Extraordinary, Part II, Section
Central Drugs Standard Control Organization, Ministry of Health and Family Welfare, Govt. of India Page 510 of 963
(3), Sub-section (i) shall be on voluntary basis for a period commencing on the day on which this notification shall come into force and ending on the 31st March, 2019 and thereafter shall be mandatory.]",
328,Minocycline,SCHEDULE H,(See rules 65 and 97),G.S.R. 360(E),01-07-2024,,502-509,"Note: —1. Preparations exempted under proviso to para 2 of Note to Schedule X shall also be covered by this Schedule.
2. The salts, esters, derivatives and preparations containing the above substances excluding those intended for topical or external use (except ophthalmic and ear/nose preparations containing antibiotics and/or steroids) are also covered by this Schedule.
3. The inclusion of a substance in this Schedule does not imply or convey that the substance is exempted from the provisions of Rule 122A/122B.]
1122[4. The salts, esters, derivatives and preparations containing 1123[steroids or Hydroquinone] for topical or external use shall also be covered under this Schedule.
1124[5. Notwithstanding anything contained in these rules, the provisions of rule 65 and rule 97 in respect or drugs specified from serial number 538 to serial number 551 inserted vide Notification number G.S.R. 277(E), dated 23rd March, 2018 published in the Gazette of India, Extraordinary, Part II, Section
Central Drugs Standard Control Organization, Ministry of Health and Family Welfare, Govt. of India Page 510 of 963
(3), Sub-section (i) shall be on voluntary basis for a period commencing on the day on which this notification shall come into force and ending on the 31st March, 2019 and thereafter shall be mandatory.]",
329,Minoxidil,SCHEDULE H,(See rules 65 and 97),G.S.R. 360(E),01-07-2024,,502-509,"Note: —1. Preparations exempted under proviso to para 2 of Note to Schedule X shall also be covered by this Schedule.
2. The salts, esters, derivatives and preparations containing the above substances excluding those intended for topical or external use (except ophthalmic and ear/nose preparations containing antibiotics and/or steroids) are also covered by this Schedule.
3. The inclusion of a substance in this Schedule does not imply or convey that the substance is exempted from the provisions of Rule 122A/122B.]
1122[4. The salts, esters, derivatives and preparations containing 1123[steroids or Hydroquinone] for topical or external use shall also be covered under this Schedule.
1124[5. Notwithstanding anything contained in these rules, the provisions of rule 65 and rule 97 in respect or drugs specified from serial number 538 to serial number 551 inserted vide Notification number G.S.R. 277(E), dated 23rd March, 2018 published in the Gazette of India, Extraordinary, Part II, Section
Central Drugs Standard Control Organization, Ministry of Health and Family Welfare, Govt. of India Page 510 of 963
(3), Sub-section (i) shall be on voluntary basis for a period commencing on the day on which this notification shall come into force and ending on the 31st March, 2019 and thereafter shall be mandatory.]",
330,Mirtazapine,SCHEDULE H,(See rules 65 and 97),G.S.R. 360(E),01-07-2024,,502-509,"Note: —1. Preparations exempted under proviso to para 2 of Note to Schedule X shall also be covered by this Schedule.
2. The salts, esters, derivatives and preparations containing the above substances excluding those intended for topical or external use (except ophthalmic and ear/nose preparations containing antibiotics and/or steroids) are also covered by this Schedule.
3. The inclusion of a substance in this Schedule does not imply or convey that the substance is exempted from the provisions of Rule 122A/122B.]
1122[4. The salts, esters, derivatives and preparations containing 1123[steroids or Hydroquinone] for topical or external use shall also be covered under this Schedule.
1124[5. Notwithstanding anything contained in these rules, the provisions of rule 65 and rule 97 in respect or drugs specified from serial number 538 to serial number 551 inserted vide Notification number G.S.R. 277(E), dated 23rd March, 2018 published in the Gazette of India, Extraordinary, Part II, Section
Central Drugs Standard Control Organization, Ministry of Health and Family Welfare, Govt. of India Page 510 of 963
(3), Sub-section (i) shall be on voluntary basis for a period commencing on the day on which this notification shall come into force and ending on the 31st March, 2019 and thereafter shall be mandatory.]",
331,Misoprostol,SCHEDULE H,(See rules 65 and 97),G.S.R. 360(E),01-07-2024,,502-509,"Note: —1. Preparations exempted under proviso to para 2 of Note to Schedule X shall also be covered by this Schedule.
2. The salts, esters, derivatives and preparations containing the above substances excluding those intended for topical or external use (except ophthalmic and ear/nose preparations containing antibiotics and/or steroids) are also covered by this Schedule.
3. The inclusion of a substance in this Schedule does not imply or convey that the substance is exempted from the provisions of Rule 122A/122B.]
1122[4. The salts, esters, derivatives and preparations containing 1123[steroids or Hydroquinone] for topical or external use shall also be covered under this Schedule.
1124[5. Notwithstanding anything contained in these rules, the provisions of rule 65 and rule 97 in respect or drugs specified from serial number 538 to serial number 551 inserted vide Notification number G.S.R. 277(E), dated 23rd March, 2018 published in the Gazette of India, Extraordinary, Part II, Section
Central Drugs Standard Control Organization, Ministry of Health and Family Welfare, Govt. of India Page 510 of 963
(3), Sub-section (i) shall be on voluntary basis for a period commencing on the day on which this notification shall come into force and ending on the 31st March, 2019 and thereafter shall be mandatory.]",
332,Mitoxantrone Hydrochloride,SCHEDULE H,(See rules 65 and 97),G.S.R. 360(E),01-07-2024,,502-509,"Note: —1. Preparations exempted under proviso to para 2 of Note to Schedule X shall also be covered by this Schedule.
2. The salts, esters, derivatives and preparations containing the above substances excluding those intended for topical or external use (except ophthalmic and ear/nose preparations containing antibiotics and/or steroids) are also covered by this Schedule.
3. The inclusion of a substance in this Schedule does not imply or convey that the substance is exempted from the provisions of Rule 122A/122B.]
1122[4. The salts, esters, derivatives and preparations containing 1123[steroids or Hydroquinone] for topical or external use shall also be covered under this Schedule.
1124[5. Notwithstanding anything contained in these rules, the provisions of rule 65 and rule 97 in respect or drugs specified from serial number 538 to serial number 551 inserted vide Notification number G.S.R. 277(E), dated 23rd March, 2018 published in the Gazette of India, Extraordinary, Part II, Section
Central Drugs Standard Control Organization, Ministry of Health and Family Welfare, Govt. of India Page 510 of 963
(3), Sub-section (i) shall be on voluntary basis for a period commencing on the day on which this notification shall come into force and ending on the 31st March, 2019 and thereafter shall be mandatory.]",
333,Mizolastine,SCHEDULE H,(See rules 65 and 97),G.S.R. 360(E),01-07-2024,,502-509,"Note: —1. Preparations exempted under proviso to para 2 of Note to Schedule X shall also be covered by this Schedule.
2. The salts, esters, derivatives and preparations containing the above substances excluding those intended for topical or external use (except ophthalmic and ear/nose preparations containing antibiotics and/or steroids) are also covered by this Schedule.
3. The inclusion of a substance in this Schedule does not imply or convey that the substance is exempted from the provisions of Rule 122A/122B.]
1122[4. The salts, esters, derivatives and preparations containing 1123[steroids or Hydroquinone] for topical or external use shall also be covered under this Schedule.
1124[5. Notwithstanding anything contained in these rules, the provisions of rule 65 and rule 97 in respect or drugs specified from serial number 538 to serial number 551 inserted vide Notification number G.S.R. 277(E), dated 23rd March, 2018 published in the Gazette of India, Extraordinary, Part II, Section
Central Drugs Standard Control Organization, Ministry of Health and Family Welfare, Govt. of India Page 510 of 963
(3), Sub-section (i) shall be on voluntary basis for a period commencing on the day on which this notification shall come into force and ending on the 31st March, 2019 and thereafter shall be mandatory.]",
334,Moclobemide,SCHEDULE H,(See rules 65 and 97),G.S.R. 360(E),01-07-2024,,502-509,"Note: —1. Preparations exempted under proviso to para 2 of Note to Schedule X shall also be covered by this Schedule.
2. The salts, esters, derivatives and preparations containing the above substances excluding those intended for topical or external use (except ophthalmic and ear/nose preparations containing antibiotics and/or steroids) are also covered by this Schedule.
3. The inclusion of a substance in this Schedule does not imply or convey that the substance is exempted from the provisions of Rule 122A/122B.]
1122[4. The salts, esters, derivatives and preparations containing 1123[steroids or Hydroquinone] for topical or external use shall also be covered under this Schedule.
1124[5. Notwithstanding anything contained in these rules, the provisions of rule 65 and rule 97 in respect or drugs specified from serial number 538 to serial number 551 inserted vide Notification number G.S.R. 277(E), dated 23rd March, 2018 published in the Gazette of India, Extraordinary, Part II, Section
Central Drugs Standard Control Organization, Ministry of Health and Family Welfare, Govt. of India Page 510 of 963
(3), Sub-section (i) shall be on voluntary basis for a period commencing on the day on which this notification shall come into force and ending on the 31st March, 2019 and thereafter shall be mandatory.]",
335,Mometasone Furoate,SCHEDULE H,(See rules 65 and 97),G.S.R. 360(E),01-07-2024,,502-509,"Note: —1. Preparations exempted under proviso to para 2 of Note to Schedule X shall also be covered by this Schedule.
2. The salts, esters, derivatives and preparations containing the above substances excluding those intended for topical or external use (except ophthalmic and ear/nose preparations containing antibiotics and/or steroids) are also covered by this Schedule.
3. The inclusion of a substance in this Schedule does not imply or convey that the substance is exempted from the provisions of Rule 122A/122B.]
1122[4. The salts, esters, derivatives and preparations containing 1123[steroids or Hydroquinone] for topical or external use shall also be covered under this Schedule.
1124[5. Notwithstanding anything contained in these rules, the provisions of rule 65 and rule 97 in respect or drugs specified from serial number 538 to serial number 551 inserted vide Notification number G.S.R. 277(E), dated 23rd March, 2018 published in the Gazette of India, Extraordinary, Part II, Section
Central Drugs Standard Control Organization, Ministry of Health and Family Welfare, Govt. of India Page 510 of 963
(3), Sub-section (i) shall be on voluntary basis for a period commencing on the day on which this notification shall come into force and ending on the 31st March, 2019 and thereafter shall be mandatory.]",
336,Monteiukast Sodium,SCHEDULE H,(See rules 65 and 97),G.S.R. 360(E),01-07-2024,,502-509,"Note: —1. Preparations exempted under proviso to para 2 of Note to Schedule X shall also be covered by this Schedule.
2. The salts, esters, derivatives and preparations containing the above substances excluding those intended for topical or external use (except ophthalmic and ear/nose preparations containing antibiotics and/or steroids) are also covered by this Schedule.
3. The inclusion of a substance in this Schedule does not imply or convey that the substance is exempted from the provisions of Rule 122A/122B.]
1122[4. The salts, esters, derivatives and preparations containing 1123[steroids or Hydroquinone] for topical or external use shall also be covered under this Schedule.
1124[5. Notwithstanding anything contained in these rules, the provisions of rule 65 and rule 97 in respect or drugs specified from serial number 538 to serial number 551 inserted vide Notification number G.S.R. 277(E), dated 23rd March, 2018 published in the Gazette of India, Extraordinary, Part II, Section
Central Drugs Standard Control Organization, Ministry of Health and Family Welfare, Govt. of India Page 510 of 963
(3), Sub-section (i) shall be on voluntary basis for a period commencing on the day on which this notification shall come into force and ending on the 31st March, 2019 and thereafter shall be mandatory.]",
337,Morphazinamide Hydrochloride,SCHEDULE H,(See rules 65 and 97),G.S.R. 360(E),01-07-2024,,502-509,"Note: —1. Preparations exempted under proviso to para 2 of Note to Schedule X shall also be covered by this Schedule.
2. The salts, esters, derivatives and preparations containing the above substances excluding those intended for topical or external use (except ophthalmic and ear/nose preparations containing antibiotics and/or steroids) are also covered by this Schedule.
3. The inclusion of a substance in this Schedule does not imply or convey that the substance is exempted from the provisions of Rule 122A/122B.]
1122[4. The salts, esters, derivatives and preparations containing 1123[steroids or Hydroquinone] for topical or external use shall also be covered under this Schedule.
1124[5. Notwithstanding anything contained in these rules, the provisions of rule 65 and rule 97 in respect or drugs specified from serial number 538 to serial number 551 inserted vide Notification number G.S.R. 277(E), dated 23rd March, 2018 published in the Gazette of India, Extraordinary, Part II, Section
Central Drugs Standard Control Organization, Ministry of Health and Family Welfare, Govt. of India Page 510 of 963
(3), Sub-section (i) shall be on voluntary basis for a period commencing on the day on which this notification shall come into force and ending on the 31st March, 2019 and thereafter shall be mandatory.]",
338,Mosapride,SCHEDULE H,(See rules 65 and 97),G.S.R. 360(E),01-07-2024,,502-509,"Note: —1. Preparations exempted under proviso to para 2 of Note to Schedule X shall also be covered by this Schedule.
2. The salts, esters, derivatives and preparations containing the above substances excluding those intended for topical or external use (except ophthalmic and ear/nose preparations containing antibiotics and/or steroids) are also covered by this Schedule.
3. The inclusion of a substance in this Schedule does not imply or convey that the substance is exempted from the provisions of Rule 122A/122B.]
1122[4. The salts, esters, derivatives and preparations containing 1123[steroids or Hydroquinone] for topical or external use shall also be covered under this Schedule.
1124[5. Notwithstanding anything contained in these rules, the provisions of rule 65 and rule 97 in respect or drugs specified from serial number 538 to serial number 551 inserted vide Notification number G.S.R. 277(E), dated 23rd March, 2018 published in the Gazette of India, Extraordinary, Part II, Section
Central Drugs Standard Control Organization, Ministry of Health and Family Welfare, Govt. of India Page 510 of 963
(3), Sub-section (i) shall be on voluntary basis for a period commencing on the day on which this notification shall come into force and ending on the 31st March, 2019 and thereafter shall be mandatory.]",
339,1117[***],SCHEDULE H,(See rules 65 and 97),G.S.R. 360(E),01-07-2024,,502-509,"Note: —1. Preparations exempted under proviso to para 2 of Note to Schedule X shall also be covered by this Schedule.
2. The salts, esters, derivatives and preparations containing the above substances excluding those intended for topical or external use (except ophthalmic and ear/nose preparations containing antibiotics and/or steroids) are also covered by this Schedule.
3. The inclusion of a substance in this Schedule does not imply or convey that the substance is exempted from the provisions of Rule 122A/122B.]
1122[4. The salts, esters, derivatives and preparations containing 1123[steroids or Hydroquinone] for topical or external use shall also be covered under this Schedule.
1124[5. Notwithstanding anything contained in these rules, the provisions of rule 65 and rule 97 in respect or drugs specified from serial number 538 to serial number 551 inserted vide Notification number G.S.R. 277(E), dated 23rd March, 2018 published in the Gazette of India, Extraordinary, Part II, Section
Central Drugs Standard Control Organization, Ministry of Health and Family Welfare, Govt. of India Page 510 of 963
(3), Sub-section (i) shall be on voluntary basis for a period commencing on the day on which this notification shall come into force and ending on the 31st March, 2019 and thereafter shall be mandatory.]","Entries No. 311, 324, 339, 360, 392 and 418 (relating to Meropenam, Midazolam, Moxifloxacin, Nitrazepam, Pentazocine and Pyrazinamide) omitted by G.S.R. 588(E) dated 30th August, 2013 (w.e.f. 27-2-2014)"
340,Mycophenolate Mofetil,SCHEDULE H,(See rules 65 and 97),G.S.R. 360(E),01-07-2024,,502-509,"Note: —1. Preparations exempted under proviso to para 2 of Note to Schedule X shall also be covered by this Schedule.
2. The salts, esters, derivatives and preparations containing the above substances excluding those intended for topical or external use (except ophthalmic and ear/nose preparations containing antibiotics and/or steroids) are also covered by this Schedule.
3. The inclusion of a substance in this Schedule does not imply or convey that the substance is exempted from the provisions of Rule 122A/122B.]
1122[4. The salts, esters, derivatives and preparations containing 1123[steroids or Hydroquinone] for topical or external use shall also be covered under this Schedule.
1124[5. Notwithstanding anything contained in these rules, the provisions of rule 65 and rule 97 in respect or drugs specified from serial number 538 to serial number 551 inserted vide Notification number G.S.R. 277(E), dated 23rd March, 2018 published in the Gazette of India, Extraordinary, Part II, Section
Central Drugs Standard Control Organization, Ministry of Health and Family Welfare, Govt. of India Page 510 of 963
(3), Sub-section (i) shall be on voluntary basis for a period commencing on the day on which this notification shall come into force and ending on the 31st March, 2019 and thereafter shall be mandatory.]",
341,Nadifloxacin,SCHEDULE H,(See rules 65 and 97),G.S.R. 360(E),01-07-2024,,502-509,"Note: —1. Preparations exempted under proviso to para 2 of Note to Schedule X shall also be covered by this Schedule.
2. The salts, esters, derivatives and preparations containing the above substances excluding those intended for topical or external use (except ophthalmic and ear/nose preparations containing antibiotics and/or steroids) are also covered by this Schedule.
3. The inclusion of a substance in this Schedule does not imply or convey that the substance is exempted from the provisions of Rule 122A/122B.]
1122[4. The salts, esters, derivatives and preparations containing 1123[steroids or Hydroquinone] for topical or external use shall also be covered under this Schedule.
1124[5. Notwithstanding anything contained in these rules, the provisions of rule 65 and rule 97 in respect or drugs specified from serial number 538 to serial number 551 inserted vide Notification number G.S.R. 277(E), dated 23rd March, 2018 published in the Gazette of India, Extraordinary, Part II, Section
Central Drugs Standard Control Organization, Ministry of Health and Family Welfare, Govt. of India Page 510 of 963
(3), Sub-section (i) shall be on voluntary basis for a period commencing on the day on which this notification shall come into force and ending on the 31st March, 2019 and thereafter shall be mandatory.]",
342,Nadolol,SCHEDULE H,(See rules 65 and 97),G.S.R. 360(E),01-07-2024,,502-509,"Note: —1. Preparations exempted under proviso to para 2 of Note to Schedule X shall also be covered by this Schedule.
2. The salts, esters, derivatives and preparations containing the above substances excluding those intended for topical or external use (except ophthalmic and ear/nose preparations containing antibiotics and/or steroids) are also covered by this Schedule.
3. The inclusion of a substance in this Schedule does not imply or convey that the substance is exempted from the provisions of Rule 122A/122B.]
1122[4. The salts, esters, derivatives and preparations containing 1123[steroids or Hydroquinone] for topical or external use shall also be covered under this Schedule.
1124[5. Notwithstanding anything contained in these rules, the provisions of rule 65 and rule 97 in respect or drugs specified from serial number 538 to serial number 551 inserted vide Notification number G.S.R. 277(E), dated 23rd March, 2018 published in the Gazette of India, Extraordinary, Part II, Section
Central Drugs Standard Control Organization, Ministry of Health and Family Welfare, Govt. of India Page 510 of 963
(3), Sub-section (i) shall be on voluntary basis for a period commencing on the day on which this notification shall come into force and ending on the 31st March, 2019 and thereafter shall be mandatory.]",
343,Nafarelin Acetate,SCHEDULE H,(See rules 65 and 97),G.S.R. 360(E),01-07-2024,,502-509,"Note: —1. Preparations exempted under proviso to para 2 of Note to Schedule X shall also be covered by this Schedule.
2. The salts, esters, derivatives and preparations containing the above substances excluding those intended for topical or external use (except ophthalmic and ear/nose preparations containing antibiotics and/or steroids) are also covered by this Schedule.
3. The inclusion of a substance in this Schedule does not imply or convey that the substance is exempted from the provisions of Rule 122A/122B.]
1122[4. The salts, esters, derivatives and preparations containing 1123[steroids or Hydroquinone] for topical or external use shall also be covered under this Schedule.
1124[5. Notwithstanding anything contained in these rules, the provisions of rule 65 and rule 97 in respect or drugs specified from serial number 538 to serial number 551 inserted vide Notification number G.S.R. 277(E), dated 23rd March, 2018 published in the Gazette of India, Extraordinary, Part II, Section
Central Drugs Standard Control Organization, Ministry of Health and Family Welfare, Govt. of India Page 510 of 963
(3), Sub-section (i) shall be on voluntary basis for a period commencing on the day on which this notification shall come into force and ending on the 31st March, 2019 and thereafter shall be mandatory.]",
344,Nalidixic Acid,SCHEDULE H,(See rules 65 and 97),G.S.R. 360(E),01-07-2024,,502-509,"Note: —1. Preparations exempted under proviso to para 2 of Note to Schedule X shall also be covered by this Schedule.
2. The salts, esters, derivatives and preparations containing the above substances excluding those intended for topical or external use (except ophthalmic and ear/nose preparations containing antibiotics and/or steroids) are also covered by this Schedule.
3. The inclusion of a substance in this Schedule does not imply or convey that the substance is exempted from the provisions of Rule 122A/122B.]
1122[4. The salts, esters, derivatives and preparations containing 1123[steroids or Hydroquinone] for topical or external use shall also be covered under this Schedule.
1124[5. Notwithstanding anything contained in these rules, the provisions of rule 65 and rule 97 in respect or drugs specified from serial number 538 to serial number 551 inserted vide Notification number G.S.R. 277(E), dated 23rd March, 2018 published in the Gazette of India, Extraordinary, Part II, Section
Central Drugs Standard Control Organization, Ministry of Health and Family Welfare, Govt. of India Page 510 of 963
(3), Sub-section (i) shall be on voluntary basis for a period commencing on the day on which this notification shall come into force and ending on the 31st March, 2019 and thereafter shall be mandatory.]",
345,Naproxen,SCHEDULE H,(See rules 65 and 97),G.S.R. 360(E),01-07-2024,,502-509,"Note: —1. Preparations exempted under proviso to para 2 of Note to Schedule X shall also be covered by this Schedule.
2. The salts, esters, derivatives and preparations containing the above substances excluding those intended for topical or external use (except ophthalmic and ear/nose preparations containing antibiotics and/or steroids) are also covered by this Schedule.
3. The inclusion of a substance in this Schedule does not imply or convey that the substance is exempted from the provisions of Rule 122A/122B.]
1122[4. The salts, esters, derivatives and preparations containing 1123[steroids or Hydroquinone] for topical or external use shall also be covered under this Schedule.
1124[5. Notwithstanding anything contained in these rules, the provisions of rule 65 and rule 97 in respect or drugs specified from serial number 538 to serial number 551 inserted vide Notification number G.S.R. 277(E), dated 23rd March, 2018 published in the Gazette of India, Extraordinary, Part II, Section
Central Drugs Standard Control Organization, Ministry of Health and Family Welfare, Govt. of India Page 510 of 963
(3), Sub-section (i) shall be on voluntary basis for a period commencing on the day on which this notification shall come into force and ending on the 31st March, 2019 and thereafter shall be mandatory.]",
346,"Narcotic Drugs listed in Narcotic Drugs & Psychotropic Substances Act, 1985",SCHEDULE H,(See rules 65 and 97),G.S.R. 360(E),01-07-2024,,502-509,"Note: —1. Preparations exempted under proviso to para 2 of Note to Schedule X shall also be covered by this Schedule.
2. The salts, esters, derivatives and preparations containing the above substances excluding those intended for topical or external use (except ophthalmic and ear/nose preparations containing antibiotics and/or steroids) are also covered by this Schedule.
3. The inclusion of a substance in this Schedule does not imply or convey that the substance is exempted from the provisions of Rule 122A/122B.]
1122[4. The salts, esters, derivatives and preparations containing 1123[steroids or Hydroquinone] for topical or external use shall also be covered under this Schedule.
1124[5. Notwithstanding anything contained in these rules, the provisions of rule 65 and rule 97 in respect or drugs specified from serial number 538 to serial number 551 inserted vide Notification number G.S.R. 277(E), dated 23rd March, 2018 published in the Gazette of India, Extraordinary, Part II, Section
Central Drugs Standard Control Organization, Ministry of Health and Family Welfare, Govt. of India Page 510 of 963
(3), Sub-section (i) shall be on voluntary basis for a period commencing on the day on which this notification shall come into force and ending on the 31st March, 2019 and thereafter shall be mandatory.]",
347,Natamycin,SCHEDULE H,(See rules 65 and 97),G.S.R. 360(E),01-07-2024,,502-509,"Note: —1. Preparations exempted under proviso to para 2 of Note to Schedule X shall also be covered by this Schedule.
2. The salts, esters, derivatives and preparations containing the above substances excluding those intended for topical or external use (except ophthalmic and ear/nose preparations containing antibiotics and/or steroids) are also covered by this Schedule.
3. The inclusion of a substance in this Schedule does not imply or convey that the substance is exempted from the provisions of Rule 122A/122B.]
1122[4. The salts, esters, derivatives and preparations containing 1123[steroids or Hydroquinone] for topical or external use shall also be covered under this Schedule.
1124[5. Notwithstanding anything contained in these rules, the provisions of rule 65 and rule 97 in respect or drugs specified from serial number 538 to serial number 551 inserted vide Notification number G.S.R. 277(E), dated 23rd March, 2018 published in the Gazette of India, Extraordinary, Part II, Section
Central Drugs Standard Control Organization, Ministry of Health and Family Welfare, Govt. of India Page 510 of 963
(3), Sub-section (i) shall be on voluntary basis for a period commencing on the day on which this notification shall come into force and ending on the 31st March, 2019 and thereafter shall be mandatory.]",
348,Nateglinide,SCHEDULE H,(See rules 65 and 97),G.S.R. 360(E),01-07-2024,,502-509,"Note: —1. Preparations exempted under proviso to para 2 of Note to Schedule X shall also be covered by this Schedule.
2. The salts, esters, derivatives and preparations containing the above substances excluding those intended for topical or external use (except ophthalmic and ear/nose preparations containing antibiotics and/or steroids) are also covered by this Schedule.
3. The inclusion of a substance in this Schedule does not imply or convey that the substance is exempted from the provisions of Rule 122A/122B.]
1122[4. The salts, esters, derivatives and preparations containing 1123[steroids or Hydroquinone] for topical or external use shall also be covered under this Schedule.
1124[5. Notwithstanding anything contained in these rules, the provisions of rule 65 and rule 97 in respect or drugs specified from serial number 538 to serial number 551 inserted vide Notification number G.S.R. 277(E), dated 23rd March, 2018 published in the Gazette of India, Extraordinary, Part II, Section
Central Drugs Standard Control Organization, Ministry of Health and Family Welfare, Govt. of India Page 510 of 963
(3), Sub-section (i) shall be on voluntary basis for a period commencing on the day on which this notification shall come into force and ending on the 31st March, 2019 and thereafter shall be mandatory.]",
349,N-butyI-2-cyanoacrylate,SCHEDULE H,(See rules 65 and 97),G.S.R. 360(E),01-07-2024,,502-509,"Note: —1. Preparations exempted under proviso to para 2 of Note to Schedule X shall also be covered by this Schedule.
2. The salts, esters, derivatives and preparations containing the above substances excluding those intended for topical or external use (except ophthalmic and ear/nose preparations containing antibiotics and/or steroids) are also covered by this Schedule.
3. The inclusion of a substance in this Schedule does not imply or convey that the substance is exempted from the provisions of Rule 122A/122B.]
1122[4. The salts, esters, derivatives and preparations containing 1123[steroids or Hydroquinone] for topical or external use shall also be covered under this Schedule.
1124[5. Notwithstanding anything contained in these rules, the provisions of rule 65 and rule 97 in respect or drugs specified from serial number 538 to serial number 551 inserted vide Notification number G.S.R. 277(E), dated 23rd March, 2018 published in the Gazette of India, Extraordinary, Part II, Section
Central Drugs Standard Control Organization, Ministry of Health and Family Welfare, Govt. of India Page 510 of 963
(3), Sub-section (i) shall be on voluntary basis for a period commencing on the day on which this notification shall come into force and ending on the 31st March, 2019 and thereafter shall be mandatory.]",
350,Nebivolol,SCHEDULE H,(See rules 65 and 97),G.S.R. 360(E),01-07-2024,,502-509,"Note: —1. Preparations exempted under proviso to para 2 of Note to Schedule X shall also be covered by this Schedule.
2. The salts, esters, derivatives and preparations containing the above substances excluding those intended for topical or external use (except ophthalmic and ear/nose preparations containing antibiotics and/or steroids) are also covered by this Schedule.
3. The inclusion of a substance in this Schedule does not imply or convey that the substance is exempted from the provisions of Rule 122A/122B.]
1122[4. The salts, esters, derivatives and preparations containing 1123[steroids or Hydroquinone] for topical or external use shall also be covered under this Schedule.
1124[5. Notwithstanding anything contained in these rules, the provisions of rule 65 and rule 97 in respect or drugs specified from serial number 538 to serial number 551 inserted vide Notification number G.S.R. 277(E), dated 23rd March, 2018 published in the Gazette of India, Extraordinary, Part II, Section
Central Drugs Standard Control Organization, Ministry of Health and Family Welfare, Govt. of India Page 510 of 963
(3), Sub-section (i) shall be on voluntary basis for a period commencing on the day on which this notification shall come into force and ending on the 31st March, 2019 and thereafter shall be mandatory.]",
351,Nebumetone,SCHEDULE H,(See rules 65 and 97),G.S.R. 360(E),01-07-2024,,502-509,"Note: —1. Preparations exempted under proviso to para 2 of Note to Schedule X shall also be covered by this Schedule.
2. The salts, esters, derivatives and preparations containing the above substances excluding those intended for topical or external use (except ophthalmic and ear/nose preparations containing antibiotics and/or steroids) are also covered by this Schedule.
3. The inclusion of a substance in this Schedule does not imply or convey that the substance is exempted from the provisions of Rule 122A/122B.]
1122[4. The salts, esters, derivatives and preparations containing 1123[steroids or Hydroquinone] for topical or external use shall also be covered under this Schedule.
1124[5. Notwithstanding anything contained in these rules, the provisions of rule 65 and rule 97 in respect or drugs specified from serial number 538 to serial number 551 inserted vide Notification number G.S.R. 277(E), dated 23rd March, 2018 published in the Gazette of India, Extraordinary, Part II, Section
Central Drugs Standard Control Organization, Ministry of Health and Family Welfare, Govt. of India Page 510 of 963
(3), Sub-section (i) shall be on voluntary basis for a period commencing on the day on which this notification shall come into force and ending on the 31st March, 2019 and thereafter shall be mandatory.]",
352,Nelfinavir Mesilate,SCHEDULE H,(See rules 65 and 97),G.S.R. 360(E),01-07-2024,,502-509,"Note: —1. Preparations exempted under proviso to para 2 of Note to Schedule X shall also be covered by this Schedule.
2. The salts, esters, derivatives and preparations containing the above substances excluding those intended for topical or external use (except ophthalmic and ear/nose preparations containing antibiotics and/or steroids) are also covered by this Schedule.
3. The inclusion of a substance in this Schedule does not imply or convey that the substance is exempted from the provisions of Rule 122A/122B.]
1122[4. The salts, esters, derivatives and preparations containing 1123[steroids or Hydroquinone] for topical or external use shall also be covered under this Schedule.
1124[5. Notwithstanding anything contained in these rules, the provisions of rule 65 and rule 97 in respect or drugs specified from serial number 538 to serial number 551 inserted vide Notification number G.S.R. 277(E), dated 23rd March, 2018 published in the Gazette of India, Extraordinary, Part II, Section
Central Drugs Standard Control Organization, Ministry of Health and Family Welfare, Govt. of India Page 510 of 963
(3), Sub-section (i) shall be on voluntary basis for a period commencing on the day on which this notification shall come into force and ending on the 31st March, 2019 and thereafter shall be mandatory.]",
353,Netilmicin Sulphate,SCHEDULE H,(See rules 65 and 97),G.S.R. 360(E),01-07-2024,,502-509,"Note: —1. Preparations exempted under proviso to para 2 of Note to Schedule X shall also be covered by this Schedule.
2. The salts, esters, derivatives and preparations containing the above substances excluding those intended for topical or external use (except ophthalmic and ear/nose preparations containing antibiotics and/or steroids) are also covered by this Schedule.
3. The inclusion of a substance in this Schedule does not imply or convey that the substance is exempted from the provisions of Rule 122A/122B.]
1122[4. The salts, esters, derivatives and preparations containing 1123[steroids or Hydroquinone] for topical or external use shall also be covered under this Schedule.
1124[5. Notwithstanding anything contained in these rules, the provisions of rule 65 and rule 97 in respect or drugs specified from serial number 538 to serial number 551 inserted vide Notification number G.S.R. 277(E), dated 23rd March, 2018 published in the Gazette of India, Extraordinary, Part II, Section
Central Drugs Standard Control Organization, Ministry of Health and Family Welfare, Govt. of India Page 510 of 963
(3), Sub-section (i) shall be on voluntary basis for a period commencing on the day on which this notification shall come into force and ending on the 31st March, 2019 and thereafter shall be mandatory.]",
354,Nevirapine,SCHEDULE H,(See rules 65 and 97),G.S.R. 360(E),01-07-2024,,502-509,"Note: —1. Preparations exempted under proviso to para 2 of Note to Schedule X shall also be covered by this Schedule.
2. The salts, esters, derivatives and preparations containing the above substances excluding those intended for topical or external use (except ophthalmic and ear/nose preparations containing antibiotics and/or steroids) are also covered by this Schedule.
3. The inclusion of a substance in this Schedule does not imply or convey that the substance is exempted from the provisions of Rule 122A/122B.]
1122[4. The salts, esters, derivatives and preparations containing 1123[steroids or Hydroquinone] for topical or external use shall also be covered under this Schedule.
1124[5. Notwithstanding anything contained in these rules, the provisions of rule 65 and rule 97 in respect or drugs specified from serial number 538 to serial number 551 inserted vide Notification number G.S.R. 277(E), dated 23rd March, 2018 published in the Gazette of India, Extraordinary, Part II, Section
Central Drugs Standard Control Organization, Ministry of Health and Family Welfare, Govt. of India Page 510 of 963
(3), Sub-section (i) shall be on voluntary basis for a period commencing on the day on which this notification shall come into force and ending on the 31st March, 2019 and thereafter shall be mandatory.]",
355,Nicergoline,SCHEDULE H,(See rules 65 and 97),G.S.R. 360(E),01-07-2024,,502-509,"Note: —1. Preparations exempted under proviso to para 2 of Note to Schedule X shall also be covered by this Schedule.
2. The salts, esters, derivatives and preparations containing the above substances excluding those intended for topical or external use (except ophthalmic and ear/nose preparations containing antibiotics and/or steroids) are also covered by this Schedule.
3. The inclusion of a substance in this Schedule does not imply or convey that the substance is exempted from the provisions of Rule 122A/122B.]
1122[4. The salts, esters, derivatives and preparations containing 1123[steroids or Hydroquinone] for topical or external use shall also be covered under this Schedule.
1124[5. Notwithstanding anything contained in these rules, the provisions of rule 65 and rule 97 in respect or drugs specified from serial number 538 to serial number 551 inserted vide Notification number G.S.R. 277(E), dated 23rd March, 2018 published in the Gazette of India, Extraordinary, Part II, Section
Central Drugs Standard Control Organization, Ministry of Health and Family Welfare, Govt. of India Page 510 of 963
(3), Sub-section (i) shall be on voluntary basis for a period commencing on the day on which this notification shall come into force and ending on the 31st March, 2019 and thereafter shall be mandatory.]",
356,Nicorandil,SCHEDULE H,(See rules 65 and 97),G.S.R. 360(E),01-07-2024,,502-509,"Note: —1. Preparations exempted under proviso to para 2 of Note to Schedule X shall also be covered by this Schedule.
2. The salts, esters, derivatives and preparations containing the above substances excluding those intended for topical or external use (except ophthalmic and ear/nose preparations containing antibiotics and/or steroids) are also covered by this Schedule.
3. The inclusion of a substance in this Schedule does not imply or convey that the substance is exempted from the provisions of Rule 122A/122B.]
1122[4. The salts, esters, derivatives and preparations containing 1123[steroids or Hydroquinone] for topical or external use shall also be covered under this Schedule.
1124[5. Notwithstanding anything contained in these rules, the provisions of rule 65 and rule 97 in respect or drugs specified from serial number 538 to serial number 551 inserted vide Notification number G.S.R. 277(E), dated 23rd March, 2018 published in the Gazette of India, Extraordinary, Part II, Section
Central Drugs Standard Control Organization, Ministry of Health and Family Welfare, Govt. of India Page 510 of 963
(3), Sub-section (i) shall be on voluntary basis for a period commencing on the day on which this notification shall come into force and ending on the 31st March, 2019 and thereafter shall be mandatory.]",
357,Nifedipine,SCHEDULE H,(See rules 65 and 97),G.S.R. 360(E),01-07-2024,,502-509,"Note: —1. Preparations exempted under proviso to para 2 of Note to Schedule X shall also be covered by this Schedule.
2. The salts, esters, derivatives and preparations containing the above substances excluding those intended for topical or external use (except ophthalmic and ear/nose preparations containing antibiotics and/or steroids) are also covered by this Schedule.
3. The inclusion of a substance in this Schedule does not imply or convey that the substance is exempted from the provisions of Rule 122A/122B.]
1122[4. The salts, esters, derivatives and preparations containing 1123[steroids or Hydroquinone] for topical or external use shall also be covered under this Schedule.
1124[5. Notwithstanding anything contained in these rules, the provisions of rule 65 and rule 97 in respect or drugs specified from serial number 538 to serial number 551 inserted vide Notification number G.S.R. 277(E), dated 23rd March, 2018 published in the Gazette of India, Extraordinary, Part II, Section
Central Drugs Standard Control Organization, Ministry of Health and Family Welfare, Govt. of India Page 510 of 963
(3), Sub-section (i) shall be on voluntary basis for a period commencing on the day on which this notification shall come into force and ending on the 31st March, 2019 and thereafter shall be mandatory.]",
358,Nimesulide,SCHEDULE H,(See rules 65 and 97),G.S.R. 360(E),01-07-2024,,502-509,"Note: —1. Preparations exempted under proviso to para 2 of Note to Schedule X shall also be covered by this Schedule.
2. The salts, esters, derivatives and preparations containing the above substances excluding those intended for topical or external use (except ophthalmic and ear/nose preparations containing antibiotics and/or steroids) are also covered by this Schedule.
3. The inclusion of a substance in this Schedule does not imply or convey that the substance is exempted from the provisions of Rule 122A/122B.]
1122[4. The salts, esters, derivatives and preparations containing 1123[steroids or Hydroquinone] for topical or external use shall also be covered under this Schedule.
1124[5. Notwithstanding anything contained in these rules, the provisions of rule 65 and rule 97 in respect or drugs specified from serial number 538 to serial number 551 inserted vide Notification number G.S.R. 277(E), dated 23rd March, 2018 published in the Gazette of India, Extraordinary, Part II, Section
Central Drugs Standard Control Organization, Ministry of Health and Family Welfare, Govt. of India Page 510 of 963
(3), Sub-section (i) shall be on voluntary basis for a period commencing on the day on which this notification shall come into force and ending on the 31st March, 2019 and thereafter shall be mandatory.]",
359,Nimustine Hydrochloride,SCHEDULE H,(See rules 65 and 97),G.S.R. 360(E),01-07-2024,,502-509,"Note: —1. Preparations exempted under proviso to para 2 of Note to Schedule X shall also be covered by this Schedule.
2. The salts, esters, derivatives and preparations containing the above substances excluding those intended for topical or external use (except ophthalmic and ear/nose preparations containing antibiotics and/or steroids) are also covered by this Schedule.
3. The inclusion of a substance in this Schedule does not imply or convey that the substance is exempted from the provisions of Rule 122A/122B.]
1122[4. The salts, esters, derivatives and preparations containing 1123[steroids or Hydroquinone] for topical or external use shall also be covered under this Schedule.
1124[5. Notwithstanding anything contained in these rules, the provisions of rule 65 and rule 97 in respect or drugs specified from serial number 538 to serial number 551 inserted vide Notification number G.S.R. 277(E), dated 23rd March, 2018 published in the Gazette of India, Extraordinary, Part II, Section
Central Drugs Standard Control Organization, Ministry of Health and Family Welfare, Govt. of India Page 510 of 963
(3), Sub-section (i) shall be on voluntary basis for a period commencing on the day on which this notification shall come into force and ending on the 31st March, 2019 and thereafter shall be mandatory.]",
360,1117[***],SCHEDULE H,(See rules 65 and 97),G.S.R. 360(E),01-07-2024,,502-509,"Note: —1. Preparations exempted under proviso to para 2 of Note to Schedule X shall also be covered by this Schedule.
2. The salts, esters, derivatives and preparations containing the above substances excluding those intended for topical or external use (except ophthalmic and ear/nose preparations containing antibiotics and/or steroids) are also covered by this Schedule.
3. The inclusion of a substance in this Schedule does not imply or convey that the substance is exempted from the provisions of Rule 122A/122B.]
1122[4. The salts, esters, derivatives and preparations containing 1123[steroids or Hydroquinone] for topical or external use shall also be covered under this Schedule.
1124[5. Notwithstanding anything contained in these rules, the provisions of rule 65 and rule 97 in respect or drugs specified from serial number 538 to serial number 551 inserted vide Notification number G.S.R. 277(E), dated 23rd March, 2018 published in the Gazette of India, Extraordinary, Part II, Section
Central Drugs Standard Control Organization, Ministry of Health and Family Welfare, Govt. of India Page 510 of 963
(3), Sub-section (i) shall be on voluntary basis for a period commencing on the day on which this notification shall come into force and ending on the 31st March, 2019 and thereafter shall be mandatory.]","Entries No. 311, 324, 339, 360, 392 and 418 (relating to Meropenam, Midazolam, Moxifloxacin, Nitrazepam, Pentazocine and Pyrazinamide) omitted by G.S.R. 588(E) dated 30th August, 2013 (w.e.f. 27-2-2014)"
361,Nitroglycerin,SCHEDULE H,(See rules 65 and 97),G.S.R. 360(E),01-07-2024,,502-509,"Note: —1. Preparations exempted under proviso to para 2 of Note to Schedule X shall also be covered by this Schedule.
2. The salts, esters, derivatives and preparations containing the above substances excluding those intended for topical or external use (except ophthalmic and ear/nose preparations containing antibiotics and/or steroids) are also covered by this Schedule.
3. The inclusion of a substance in this Schedule does not imply or convey that the substance is exempted from the provisions of Rule 122A/122B.]
1122[4. The salts, esters, derivatives and preparations containing 1123[steroids or Hydroquinone] for topical or external use shall also be covered under this Schedule.
1124[5. Notwithstanding anything contained in these rules, the provisions of rule 65 and rule 97 in respect or drugs specified from serial number 538 to serial number 551 inserted vide Notification number G.S.R. 277(E), dated 23rd March, 2018 published in the Gazette of India, Extraordinary, Part II, Section
Central Drugs Standard Control Organization, Ministry of Health and Family Welfare, Govt. of India Page 510 of 963
(3), Sub-section (i) shall be on voluntary basis for a period commencing on the day on which this notification shall come into force and ending on the 31st March, 2019 and thereafter shall be mandatory.]",
362,Noreth Isterone Enanthate,SCHEDULE H,(See rules 65 and 97),G.S.R. 360(E),01-07-2024,,502-509,"Note: —1. Preparations exempted under proviso to para 2 of Note to Schedule X shall also be covered by this Schedule.
2. The salts, esters, derivatives and preparations containing the above substances excluding those intended for topical or external use (except ophthalmic and ear/nose preparations containing antibiotics and/or steroids) are also covered by this Schedule.
3. The inclusion of a substance in this Schedule does not imply or convey that the substance is exempted from the provisions of Rule 122A/122B.]
1122[4. The salts, esters, derivatives and preparations containing 1123[steroids or Hydroquinone] for topical or external use shall also be covered under this Schedule.
1124[5. Notwithstanding anything contained in these rules, the provisions of rule 65 and rule 97 in respect or drugs specified from serial number 538 to serial number 551 inserted vide Notification number G.S.R. 277(E), dated 23rd March, 2018 published in the Gazette of India, Extraordinary, Part II, Section
Central Drugs Standard Control Organization, Ministry of Health and Family Welfare, Govt. of India Page 510 of 963
(3), Sub-section (i) shall be on voluntary basis for a period commencing on the day on which this notification shall come into force and ending on the 31st March, 2019 and thereafter shall be mandatory.]",
363,Norfloxacin,SCHEDULE H,(See rules 65 and 97),G.S.R. 360(E),01-07-2024,,502-509,"Note: —1. Preparations exempted under proviso to para 2 of Note to Schedule X shall also be covered by this Schedule.
2. The salts, esters, derivatives and preparations containing the above substances excluding those intended for topical or external use (except ophthalmic and ear/nose preparations containing antibiotics and/or steroids) are also covered by this Schedule.
3. The inclusion of a substance in this Schedule does not imply or convey that the substance is exempted from the provisions of Rule 122A/122B.]
1122[4. The salts, esters, derivatives and preparations containing 1123[steroids or Hydroquinone] for topical or external use shall also be covered under this Schedule.
1124[5. Notwithstanding anything contained in these rules, the provisions of rule 65 and rule 97 in respect or drugs specified from serial number 538 to serial number 551 inserted vide Notification number G.S.R. 277(E), dated 23rd March, 2018 published in the Gazette of India, Extraordinary, Part II, Section
Central Drugs Standard Control Organization, Ministry of Health and Family Welfare, Govt. of India Page 510 of 963
(3), Sub-section (i) shall be on voluntary basis for a period commencing on the day on which this notification shall come into force and ending on the 31st March, 2019 and thereafter shall be mandatory.]",
364,Octylonium Biomiae,SCHEDULE H,(See rules 65 and 97),G.S.R. 360(E),01-07-2024,,502-509,"Note: —1. Preparations exempted under proviso to para 2 of Note to Schedule X shall also be covered by this Schedule.
2. The salts, esters, derivatives and preparations containing the above substances excluding those intended for topical or external use (except ophthalmic and ear/nose preparations containing antibiotics and/or steroids) are also covered by this Schedule.
3. The inclusion of a substance in this Schedule does not imply or convey that the substance is exempted from the provisions of Rule 122A/122B.]
1122[4. The salts, esters, derivatives and preparations containing 1123[steroids or Hydroquinone] for topical or external use shall also be covered under this Schedule.
1124[5. Notwithstanding anything contained in these rules, the provisions of rule 65 and rule 97 in respect or drugs specified from serial number 538 to serial number 551 inserted vide Notification number G.S.R. 277(E), dated 23rd March, 2018 published in the Gazette of India, Extraordinary, Part II, Section
Central Drugs Standard Control Organization, Ministry of Health and Family Welfare, Govt. of India Page 510 of 963
(3), Sub-section (i) shall be on voluntary basis for a period commencing on the day on which this notification shall come into force and ending on the 31st March, 2019 and thereafter shall be mandatory.]",
365,Ofloxacin,SCHEDULE H,(See rules 65 and 97),G.S.R. 360(E),01-07-2024,,502-509,"Note: —1. Preparations exempted under proviso to para 2 of Note to Schedule X shall also be covered by this Schedule.
2. The salts, esters, derivatives and preparations containing the above substances excluding those intended for topical or external use (except ophthalmic and ear/nose preparations containing antibiotics and/or steroids) are also covered by this Schedule.
3. The inclusion of a substance in this Schedule does not imply or convey that the substance is exempted from the provisions of Rule 122A/122B.]
1122[4. The salts, esters, derivatives and preparations containing 1123[steroids or Hydroquinone] for topical or external use shall also be covered under this Schedule.
1124[5. Notwithstanding anything contained in these rules, the provisions of rule 65 and rule 97 in respect or drugs specified from serial number 538 to serial number 551 inserted vide Notification number G.S.R. 277(E), dated 23rd March, 2018 published in the Gazette of India, Extraordinary, Part II, Section
Central Drugs Standard Control Organization, Ministry of Health and Family Welfare, Govt. of India Page 510 of 963
(3), Sub-section (i) shall be on voluntary basis for a period commencing on the day on which this notification shall come into force and ending on the 31st March, 2019 and thereafter shall be mandatory.]",
366,Olanzapine,SCHEDULE H,(See rules 65 and 97),G.S.R. 360(E),01-07-2024,,502-509,"Note: —1. Preparations exempted under proviso to para 2 of Note to Schedule X shall also be covered by this Schedule.
2. The salts, esters, derivatives and preparations containing the above substances excluding those intended for topical or external use (except ophthalmic and ear/nose preparations containing antibiotics and/or steroids) are also covered by this Schedule.
3. The inclusion of a substance in this Schedule does not imply or convey that the substance is exempted from the provisions of Rule 122A/122B.]
1122[4. The salts, esters, derivatives and preparations containing 1123[steroids or Hydroquinone] for topical or external use shall also be covered under this Schedule.
1124[5. Notwithstanding anything contained in these rules, the provisions of rule 65 and rule 97 in respect or drugs specified from serial number 538 to serial number 551 inserted vide Notification number G.S.R. 277(E), dated 23rd March, 2018 published in the Gazette of India, Extraordinary, Part II, Section
Central Drugs Standard Control Organization, Ministry of Health and Family Welfare, Govt. of India Page 510 of 963
(3), Sub-section (i) shall be on voluntary basis for a period commencing on the day on which this notification shall come into force and ending on the 31st March, 2019 and thereafter shall be mandatory.]",
367,Omeprazole,SCHEDULE H,(See rules 65 and 97),G.S.R. 360(E),01-07-2024,,502-509,"Note: —1. Preparations exempted under proviso to para 2 of Note to Schedule X shall also be covered by this Schedule.
2. The salts, esters, derivatives and preparations containing the above substances excluding those intended for topical or external use (except ophthalmic and ear/nose preparations containing antibiotics and/or steroids) are also covered by this Schedule.
3. The inclusion of a substance in this Schedule does not imply or convey that the substance is exempted from the provisions of Rule 122A/122B.]
1122[4. The salts, esters, derivatives and preparations containing 1123[steroids or Hydroquinone] for topical or external use shall also be covered under this Schedule.
1124[5. Notwithstanding anything contained in these rules, the provisions of rule 65 and rule 97 in respect or drugs specified from serial number 538 to serial number 551 inserted vide Notification number G.S.R. 277(E), dated 23rd March, 2018 published in the Gazette of India, Extraordinary, Part II, Section
Central Drugs Standard Control Organization, Ministry of Health and Family Welfare, Govt. of India Page 510 of 963
(3), Sub-section (i) shall be on voluntary basis for a period commencing on the day on which this notification shall come into force and ending on the 31st March, 2019 and thereafter shall be mandatory.]",
368,Omidazole,SCHEDULE H,(See rules 65 and 97),G.S.R. 360(E),01-07-2024,,502-509,"Note: —1. Preparations exempted under proviso to para 2 of Note to Schedule X shall also be covered by this Schedule.
2. The salts, esters, derivatives and preparations containing the above substances excluding those intended for topical or external use (except ophthalmic and ear/nose preparations containing antibiotics and/or steroids) are also covered by this Schedule.
3. The inclusion of a substance in this Schedule does not imply or convey that the substance is exempted from the provisions of Rule 122A/122B.]
1122[4. The salts, esters, derivatives and preparations containing 1123[steroids or Hydroquinone] for topical or external use shall also be covered under this Schedule.
1124[5. Notwithstanding anything contained in these rules, the provisions of rule 65 and rule 97 in respect or drugs specified from serial number 538 to serial number 551 inserted vide Notification number G.S.R. 277(E), dated 23rd March, 2018 published in the Gazette of India, Extraordinary, Part II, Section
Central Drugs Standard Control Organization, Ministry of Health and Family Welfare, Govt. of India Page 510 of 963
(3), Sub-section (i) shall be on voluntary basis for a period commencing on the day on which this notification shall come into force and ending on the 31st March, 2019 and thereafter shall be mandatory.]",
369,Orphenadrine,SCHEDULE H,(See rules 65 and 97),G.S.R. 360(E),01-07-2024,,502-509,"Note: —1. Preparations exempted under proviso to para 2 of Note to Schedule X shall also be covered by this Schedule.
2. The salts, esters, derivatives and preparations containing the above substances excluding those intended for topical or external use (except ophthalmic and ear/nose preparations containing antibiotics and/or steroids) are also covered by this Schedule.
3. The inclusion of a substance in this Schedule does not imply or convey that the substance is exempted from the provisions of Rule 122A/122B.]
1122[4. The salts, esters, derivatives and preparations containing 1123[steroids or Hydroquinone] for topical or external use shall also be covered under this Schedule.
1124[5. Notwithstanding anything contained in these rules, the provisions of rule 65 and rule 97 in respect or drugs specified from serial number 538 to serial number 551 inserted vide Notification number G.S.R. 277(E), dated 23rd March, 2018 published in the Gazette of India, Extraordinary, Part II, Section
Central Drugs Standard Control Organization, Ministry of Health and Family Welfare, Govt. of India Page 510 of 963
(3), Sub-section (i) shall be on voluntary basis for a period commencing on the day on which this notification shall come into force and ending on the 31st March, 2019 and thereafter shall be mandatory.]",
370,Orthoclone Sterile,SCHEDULE H,(See rules 65 and 97),G.S.R. 360(E),01-07-2024,,502-509,"Note: —1. Preparations exempted under proviso to para 2 of Note to Schedule X shall also be covered by this Schedule.
2. The salts, esters, derivatives and preparations containing the above substances excluding those intended for topical or external use (except ophthalmic and ear/nose preparations containing antibiotics and/or steroids) are also covered by this Schedule.
3. The inclusion of a substance in this Schedule does not imply or convey that the substance is exempted from the provisions of Rule 122A/122B.]
1122[4. The salts, esters, derivatives and preparations containing 1123[steroids or Hydroquinone] for topical or external use shall also be covered under this Schedule.
1124[5. Notwithstanding anything contained in these rules, the provisions of rule 65 and rule 97 in respect or drugs specified from serial number 538 to serial number 551 inserted vide Notification number G.S.R. 277(E), dated 23rd March, 2018 published in the Gazette of India, Extraordinary, Part II, Section
Central Drugs Standard Control Organization, Ministry of Health and Family Welfare, Govt. of India Page 510 of 963
(3), Sub-section (i) shall be on voluntary basis for a period commencing on the day on which this notification shall come into force and ending on the 31st March, 2019 and thereafter shall be mandatory.]",
371,Oxazepam,SCHEDULE H,(See rules 65 and 97),G.S.R. 360(E),01-07-2024,,502-509,"Note: —1. Preparations exempted under proviso to para 2 of Note to Schedule X shall also be covered by this Schedule.
2. The salts, esters, derivatives and preparations containing the above substances excluding those intended for topical or external use (except ophthalmic and ear/nose preparations containing antibiotics and/or steroids) are also covered by this Schedule.
3. The inclusion of a substance in this Schedule does not imply or convey that the substance is exempted from the provisions of Rule 122A/122B.]
1122[4. The salts, esters, derivatives and preparations containing 1123[steroids or Hydroquinone] for topical or external use shall also be covered under this Schedule.
1124[5. Notwithstanding anything contained in these rules, the provisions of rule 65 and rule 97 in respect or drugs specified from serial number 538 to serial number 551 inserted vide Notification number G.S.R. 277(E), dated 23rd March, 2018 published in the Gazette of India, Extraordinary, Part II, Section
Central Drugs Standard Control Organization, Ministry of Health and Family Welfare, Govt. of India Page 510 of 963
(3), Sub-section (i) shall be on voluntary basis for a period commencing on the day on which this notification shall come into force and ending on the 31st March, 2019 and thereafter shall be mandatory.]",
372,Oxazolidine,SCHEDULE H,(See rules 65 and 97),G.S.R. 360(E),01-07-2024,,502-509,"Note: —1. Preparations exempted under proviso to para 2 of Note to Schedule X shall also be covered by this Schedule.
2. The salts, esters, derivatives and preparations containing the above substances excluding those intended for topical or external use (except ophthalmic and ear/nose preparations containing antibiotics and/or steroids) are also covered by this Schedule.
3. The inclusion of a substance in this Schedule does not imply or convey that the substance is exempted from the provisions of Rule 122A/122B.]
1122[4. The salts, esters, derivatives and preparations containing 1123[steroids or Hydroquinone] for topical or external use shall also be covered under this Schedule.
1124[5. Notwithstanding anything contained in these rules, the provisions of rule 65 and rule 97 in respect or drugs specified from serial number 538 to serial number 551 inserted vide Notification number G.S.R. 277(E), dated 23rd March, 2018 published in the Gazette of India, Extraordinary, Part II, Section
Central Drugs Standard Control Organization, Ministry of Health and Family Welfare, Govt. of India Page 510 of 963
(3), Sub-section (i) shall be on voluntary basis for a period commencing on the day on which this notification shall come into force and ending on the 31st March, 2019 and thereafter shall be mandatory.]",
373,Oxcarbazepine,SCHEDULE H,(See rules 65 and 97),G.S.R. 360(E),01-07-2024,,502-509,"Note: —1. Preparations exempted under proviso to para 2 of Note to Schedule X shall also be covered by this Schedule.
2. The salts, esters, derivatives and preparations containing the above substances excluding those intended for topical or external use (except ophthalmic and ear/nose preparations containing antibiotics and/or steroids) are also covered by this Schedule.
3. The inclusion of a substance in this Schedule does not imply or convey that the substance is exempted from the provisions of Rule 122A/122B.]
1122[4. The salts, esters, derivatives and preparations containing 1123[steroids or Hydroquinone] for topical or external use shall also be covered under this Schedule.
1124[5. Notwithstanding anything contained in these rules, the provisions of rule 65 and rule 97 in respect or drugs specified from serial number 538 to serial number 551 inserted vide Notification number G.S.R. 277(E), dated 23rd March, 2018 published in the Gazette of India, Extraordinary, Part II, Section
Central Drugs Standard Control Organization, Ministry of Health and Family Welfare, Govt. of India Page 510 of 963
(3), Sub-section (i) shall be on voluntary basis for a period commencing on the day on which this notification shall come into force and ending on the 31st March, 2019 and thereafter shall be mandatory.]",
374,Oxethazaine Hydrochlorid,SCHEDULE H,(See rules 65 and 97),G.S.R. 360(E),01-07-2024,,502-509,"Note: —1. Preparations exempted under proviso to para 2 of Note to Schedule X shall also be covered by this Schedule.
2. The salts, esters, derivatives and preparations containing the above substances excluding those intended for topical or external use (except ophthalmic and ear/nose preparations containing antibiotics and/or steroids) are also covered by this Schedule.
3. The inclusion of a substance in this Schedule does not imply or convey that the substance is exempted from the provisions of Rule 122A/122B.]
1122[4. The salts, esters, derivatives and preparations containing 1123[steroids or Hydroquinone] for topical or external use shall also be covered under this Schedule.
1124[5. Notwithstanding anything contained in these rules, the provisions of rule 65 and rule 97 in respect or drugs specified from serial number 538 to serial number 551 inserted vide Notification number G.S.R. 277(E), dated 23rd March, 2018 published in the Gazette of India, Extraordinary, Part II, Section
Central Drugs Standard Control Organization, Ministry of Health and Family Welfare, Govt. of India Page 510 of 963
(3), Sub-section (i) shall be on voluntary basis for a period commencing on the day on which this notification shall come into force and ending on the 31st March, 2019 and thereafter shall be mandatory.]",
375,Oxiconazole,SCHEDULE H,(See rules 65 and 97),G.S.R. 360(E),01-07-2024,,502-509,"Note: —1. Preparations exempted under proviso to para 2 of Note to Schedule X shall also be covered by this Schedule.
2. The salts, esters, derivatives and preparations containing the above substances excluding those intended for topical or external use (except ophthalmic and ear/nose preparations containing antibiotics and/or steroids) are also covered by this Schedule.
3. The inclusion of a substance in this Schedule does not imply or convey that the substance is exempted from the provisions of Rule 122A/122B.]
1122[4. The salts, esters, derivatives and preparations containing 1123[steroids or Hydroquinone] for topical or external use shall also be covered under this Schedule.
1124[5. Notwithstanding anything contained in these rules, the provisions of rule 65 and rule 97 in respect or drugs specified from serial number 538 to serial number 551 inserted vide Notification number G.S.R. 277(E), dated 23rd March, 2018 published in the Gazette of India, Extraordinary, Part II, Section
Central Drugs Standard Control Organization, Ministry of Health and Family Welfare, Govt. of India Page 510 of 963
(3), Sub-section (i) shall be on voluntary basis for a period commencing on the day on which this notification shall come into force and ending on the 31st March, 2019 and thereafter shall be mandatory.]",
376,Oxolinic Acid,SCHEDULE H,(See rules 65 and 97),G.S.R. 360(E),01-07-2024,,502-509,"Note: —1. Preparations exempted under proviso to para 2 of Note to Schedule X shall also be covered by this Schedule.
2. The salts, esters, derivatives and preparations containing the above substances excluding those intended for topical or external use (except ophthalmic and ear/nose preparations containing antibiotics and/or steroids) are also covered by this Schedule.
3. The inclusion of a substance in this Schedule does not imply or convey that the substance is exempted from the provisions of Rule 122A/122B.]
1122[4. The salts, esters, derivatives and preparations containing 1123[steroids or Hydroquinone] for topical or external use shall also be covered under this Schedule.
1124[5. Notwithstanding anything contained in these rules, the provisions of rule 65 and rule 97 in respect or drugs specified from serial number 538 to serial number 551 inserted vide Notification number G.S.R. 277(E), dated 23rd March, 2018 published in the Gazette of India, Extraordinary, Part II, Section
Central Drugs Standard Control Organization, Ministry of Health and Family Welfare, Govt. of India Page 510 of 963
(3), Sub-section (i) shall be on voluntary basis for a period commencing on the day on which this notification shall come into force and ending on the 31st March, 2019 and thereafter shall be mandatory.]",
377,Oxprenolol Hydrochloride,SCHEDULE H,(See rules 65 and 97),G.S.R. 360(E),01-07-2024,,502-509,"Note: —1. Preparations exempted under proviso to para 2 of Note to Schedule X shall also be covered by this Schedule.
2. The salts, esters, derivatives and preparations containing the above substances excluding those intended for topical or external use (except ophthalmic and ear/nose preparations containing antibiotics and/or steroids) are also covered by this Schedule.
3. The inclusion of a substance in this Schedule does not imply or convey that the substance is exempted from the provisions of Rule 122A/122B.]
1122[4. The salts, esters, derivatives and preparations containing 1123[steroids or Hydroquinone] for topical or external use shall also be covered under this Schedule.
1124[5. Notwithstanding anything contained in these rules, the provisions of rule 65 and rule 97 in respect or drugs specified from serial number 538 to serial number 551 inserted vide Notification number G.S.R. 277(E), dated 23rd March, 2018 published in the Gazette of India, Extraordinary, Part II, Section
Central Drugs Standard Control Organization, Ministry of Health and Family Welfare, Govt. of India Page 510 of 963
(3), Sub-section (i) shall be on voluntary basis for a period commencing on the day on which this notification shall come into force and ending on the 31st March, 2019 and thereafter shall be mandatory.]",
378,Oxybutynin Chloride,SCHEDULE H,(See rules 65 and 97),G.S.R. 360(E),01-07-2024,,502-509,"Note: —1. Preparations exempted under proviso to para 2 of Note to Schedule X shall also be covered by this Schedule.
2. The salts, esters, derivatives and preparations containing the above substances excluding those intended for topical or external use (except ophthalmic and ear/nose preparations containing antibiotics and/or steroids) are also covered by this Schedule.
3. The inclusion of a substance in this Schedule does not imply or convey that the substance is exempted from the provisions of Rule 122A/122B.]
1122[4. The salts, esters, derivatives and preparations containing 1123[steroids or Hydroquinone] for topical or external use shall also be covered under this Schedule.
1124[5. Notwithstanding anything contained in these rules, the provisions of rule 65 and rule 97 in respect or drugs specified from serial number 538 to serial number 551 inserted vide Notification number G.S.R. 277(E), dated 23rd March, 2018 published in the Gazette of India, Extraordinary, Part II, Section
Central Drugs Standard Control Organization, Ministry of Health and Family Welfare, Govt. of India Page 510 of 963
(3), Sub-section (i) shall be on voluntary basis for a period commencing on the day on which this notification shall come into force and ending on the 31st March, 2019 and thereafter shall be mandatory.]",
379,Oxyfedrine,SCHEDULE H,(See rules 65 and 97),G.S.R. 360(E),01-07-2024,,502-509,"Note: —1. Preparations exempted under proviso to para 2 of Note to Schedule X shall also be covered by this Schedule.
2. The salts, esters, derivatives and preparations containing the above substances excluding those intended for topical or external use (except ophthalmic and ear/nose preparations containing antibiotics and/or steroids) are also covered by this Schedule.
3. The inclusion of a substance in this Schedule does not imply or convey that the substance is exempted from the provisions of Rule 122A/122B.]
1122[4. The salts, esters, derivatives and preparations containing 1123[steroids or Hydroquinone] for topical or external use shall also be covered under this Schedule.
1124[5. Notwithstanding anything contained in these rules, the provisions of rule 65 and rule 97 in respect or drugs specified from serial number 538 to serial number 551 inserted vide Notification number G.S.R. 277(E), dated 23rd March, 2018 published in the Gazette of India, Extraordinary, Part II, Section
Central Drugs Standard Control Organization, Ministry of Health and Family Welfare, Govt. of India Page 510 of 963
(3), Sub-section (i) shall be on voluntary basis for a period commencing on the day on which this notification shall come into force and ending on the 31st March, 2019 and thereafter shall be mandatory.]",
380,Oxymetazoline,SCHEDULE H,(See rules 65 and 97),G.S.R. 360(E),01-07-2024,,502-509,"Note: —1. Preparations exempted under proviso to para 2 of Note to Schedule X shall also be covered by this Schedule.
2. The salts, esters, derivatives and preparations containing the above substances excluding those intended for topical or external use (except ophthalmic and ear/nose preparations containing antibiotics and/or steroids) are also covered by this Schedule.
3. The inclusion of a substance in this Schedule does not imply or convey that the substance is exempted from the provisions of Rule 122A/122B.]
1122[4. The salts, esters, derivatives and preparations containing 1123[steroids or Hydroquinone] for topical or external use shall also be covered under this Schedule.
1124[5. Notwithstanding anything contained in these rules, the provisions of rule 65 and rule 97 in respect or drugs specified from serial number 538 to serial number 551 inserted vide Notification number G.S.R. 277(E), dated 23rd March, 2018 published in the Gazette of India, Extraordinary, Part II, Section
Central Drugs Standard Control Organization, Ministry of Health and Family Welfare, Govt. of India Page 510 of 963
(3), Sub-section (i) shall be on voluntary basis for a period commencing on the day on which this notification shall come into force and ending on the 31st March, 2019 and thereafter shall be mandatory.]",
381,Oxyphenbutazone,SCHEDULE H,(See rules 65 and 97),G.S.R. 360(E),01-07-2024,,502-509,"Note: —1. Preparations exempted under proviso to para 2 of Note to Schedule X shall also be covered by this Schedule.
2. The salts, esters, derivatives and preparations containing the above substances excluding those intended for topical or external use (except ophthalmic and ear/nose preparations containing antibiotics and/or steroids) are also covered by this Schedule.
3. The inclusion of a substance in this Schedule does not imply or convey that the substance is exempted from the provisions of Rule 122A/122B.]
1122[4. The salts, esters, derivatives and preparations containing 1123[steroids or Hydroquinone] for topical or external use shall also be covered under this Schedule.
1124[5. Notwithstanding anything contained in these rules, the provisions of rule 65 and rule 97 in respect or drugs specified from serial number 538 to serial number 551 inserted vide Notification number G.S.R. 277(E), dated 23rd March, 2018 published in the Gazette of India, Extraordinary, Part II, Section
Central Drugs Standard Control Organization, Ministry of Health and Family Welfare, Govt. of India Page 510 of 963
(3), Sub-section (i) shall be on voluntary basis for a period commencing on the day on which this notification shall come into force and ending on the 31st March, 2019 and thereafter shall be mandatory.]",
382,1118[***],SCHEDULE H,(See rules 65 and 97),G.S.R. 360(E),01-07-2024,,502-509,"Note: —1. Preparations exempted under proviso to para 2 of Note to Schedule X shall also be covered by this Schedule.
2. The salts, esters, derivatives and preparations containing the above substances excluding those intended for topical or external use (except ophthalmic and ear/nose preparations containing antibiotics and/or steroids) are also covered by this Schedule.
3. The inclusion of a substance in this Schedule does not imply or convey that the substance is exempted from the provisions of Rule 122A/122B.]
1122[4. The salts, esters, derivatives and preparations containing 1123[steroids or Hydroquinone] for topical or external use shall also be covered under this Schedule.
1124[5. Notwithstanding anything contained in these rules, the provisions of rule 65 and rule 97 in respect or drugs specified from serial number 538 to serial number 551 inserted vide Notification number G.S.R. 277(E), dated 23rd March, 2018 published in the Gazette of India, Extraordinary, Part II, Section
Central Drugs Standard Control Organization, Ministry of Health and Family Welfare, Govt. of India Page 510 of 963
(3), Sub-section (i) shall be on voluntary basis for a period commencing on the day on which this notification shall come into force and ending on the 31st March, 2019 and thereafter shall be mandatory.]","Entry No. 382 (relating to Oxytocin) omitted by G.S.R. 795(E) dated 21st August, 2018 (w.e.f. 1-9-2018)."
383,Ozothine,SCHEDULE H,(See rules 65 and 97),G.S.R. 360(E),01-07-2024,,502-509,"Note: —1. Preparations exempted under proviso to para 2 of Note to Schedule X shall also be covered by this Schedule.
2. The salts, esters, derivatives and preparations containing the above substances excluding those intended for topical or external use (except ophthalmic and ear/nose preparations containing antibiotics and/or steroids) are also covered by this Schedule.
3. The inclusion of a substance in this Schedule does not imply or convey that the substance is exempted from the provisions of Rule 122A/122B.]
1122[4. The salts, esters, derivatives and preparations containing 1123[steroids or Hydroquinone] for topical or external use shall also be covered under this Schedule.
1124[5. Notwithstanding anything contained in these rules, the provisions of rule 65 and rule 97 in respect or drugs specified from serial number 538 to serial number 551 inserted vide Notification number G.S.R. 277(E), dated 23rd March, 2018 published in the Gazette of India, Extraordinary, Part II, Section
Central Drugs Standard Control Organization, Ministry of Health and Family Welfare, Govt. of India Page 510 of 963
(3), Sub-section (i) shall be on voluntary basis for a period commencing on the day on which this notification shall come into force and ending on the 31st March, 2019 and thereafter shall be mandatory.]",
384,Paclitaxel,SCHEDULE H,(See rules 65 and 97),G.S.R. 360(E),01-07-2024,,502-509,"Note: —1. Preparations exempted under proviso to para 2 of Note to Schedule X shall also be covered by this Schedule.
2. The salts, esters, derivatives and preparations containing the above substances excluding those intended for topical or external use (except ophthalmic and ear/nose preparations containing antibiotics and/or steroids) are also covered by this Schedule.
3. The inclusion of a substance in this Schedule does not imply or convey that the substance is exempted from the provisions of Rule 122A/122B.]
1122[4. The salts, esters, derivatives and preparations containing 1123[steroids or Hydroquinone] for topical or external use shall also be covered under this Schedule.
1124[5. Notwithstanding anything contained in these rules, the provisions of rule 65 and rule 97 in respect or drugs specified from serial number 538 to serial number 551 inserted vide Notification number G.S.R. 277(E), dated 23rd March, 2018 published in the Gazette of India, Extraordinary, Part II, Section
Central Drugs Standard Control Organization, Ministry of Health and Family Welfare, Govt. of India Page 510 of 963
(3), Sub-section (i) shall be on voluntary basis for a period commencing on the day on which this notification shall come into force and ending on the 31st March, 2019 and thereafter shall be mandatory.]",
385,Pancuronium Bromide,SCHEDULE H,(See rules 65 and 97),G.S.R. 360(E),01-07-2024,,502-509,"Note: —1. Preparations exempted under proviso to para 2 of Note to Schedule X shall also be covered by this Schedule.
2. The salts, esters, derivatives and preparations containing the above substances excluding those intended for topical or external use (except ophthalmic and ear/nose preparations containing antibiotics and/or steroids) are also covered by this Schedule.
3. The inclusion of a substance in this Schedule does not imply or convey that the substance is exempted from the provisions of Rule 122A/122B.]
1122[4. The salts, esters, derivatives and preparations containing 1123[steroids or Hydroquinone] for topical or external use shall also be covered under this Schedule.
1124[5. Notwithstanding anything contained in these rules, the provisions of rule 65 and rule 97 in respect or drugs specified from serial number 538 to serial number 551 inserted vide Notification number G.S.R. 277(E), dated 23rd March, 2018 published in the Gazette of India, Extraordinary, Part II, Section
Central Drugs Standard Control Organization, Ministry of Health and Family Welfare, Govt. of India Page 510 of 963
(3), Sub-section (i) shall be on voluntary basis for a period commencing on the day on which this notification shall come into force and ending on the 31st March, 2019 and thereafter shall be mandatory.]",
386,Pantopiazole,SCHEDULE H,(See rules 65 and 97),G.S.R. 360(E),01-07-2024,,502-509,"Note: —1. Preparations exempted under proviso to para 2 of Note to Schedule X shall also be covered by this Schedule.
2. The salts, esters, derivatives and preparations containing the above substances excluding those intended for topical or external use (except ophthalmic and ear/nose preparations containing antibiotics and/or steroids) are also covered by this Schedule.
3. The inclusion of a substance in this Schedule does not imply or convey that the substance is exempted from the provisions of Rule 122A/122B.]
1122[4. The salts, esters, derivatives and preparations containing 1123[steroids or Hydroquinone] for topical or external use shall also be covered under this Schedule.
1124[5. Notwithstanding anything contained in these rules, the provisions of rule 65 and rule 97 in respect or drugs specified from serial number 538 to serial number 551 inserted vide Notification number G.S.R. 277(E), dated 23rd March, 2018 published in the Gazette of India, Extraordinary, Part II, Section
Central Drugs Standard Control Organization, Ministry of Health and Family Welfare, Govt. of India Page 510 of 963
(3), Sub-section (i) shall be on voluntary basis for a period commencing on the day on which this notification shall come into force and ending on the 31st March, 2019 and thereafter shall be mandatory.]",
387,"Para-Amino Benzene Sulphonamide, its Salts & Derivatives",SCHEDULE H,(See rules 65 and 97),G.S.R. 360(E),01-07-2024,,502-509,"Note: —1. Preparations exempted under proviso to para 2 of Note to Schedule X shall also be covered by this Schedule.
2. The salts, esters, derivatives and preparations containing the above substances excluding those intended for topical or external use (except ophthalmic and ear/nose preparations containing antibiotics and/or steroids) are also covered by this Schedule.
3. The inclusion of a substance in this Schedule does not imply or convey that the substance is exempted from the provisions of Rule 122A/122B.]
1122[4. The salts, esters, derivatives and preparations containing 1123[steroids or Hydroquinone] for topical or external use shall also be covered under this Schedule.
1124[5. Notwithstanding anything contained in these rules, the provisions of rule 65 and rule 97 in respect or drugs specified from serial number 538 to serial number 551 inserted vide Notification number G.S.R. 277(E), dated 23rd March, 2018 published in the Gazette of India, Extraordinary, Part II, Section
Central Drugs Standard Control Organization, Ministry of Health and Family Welfare, Govt. of India Page 510 of 963
(3), Sub-section (i) shall be on voluntary basis for a period commencing on the day on which this notification shall come into force and ending on the 31st March, 2019 and thereafter shall be mandatory.]",
388,"Parp-Amino Salicylic Acid, its Salts, its Derivatives",SCHEDULE H,(See rules 65 and 97),G.S.R. 360(E),01-07-2024,,502-509,"Note: —1. Preparations exempted under proviso to para 2 of Note to Schedule X shall also be covered by this Schedule.
2. The salts, esters, derivatives and preparations containing the above substances excluding those intended for topical or external use (except ophthalmic and ear/nose preparations containing antibiotics and/or steroids) are also covered by this Schedule.
3. The inclusion of a substance in this Schedule does not imply or convey that the substance is exempted from the provisions of Rule 122A/122B.]
1122[4. The salts, esters, derivatives and preparations containing 1123[steroids or Hydroquinone] for topical or external use shall also be covered under this Schedule.
1124[5. Notwithstanding anything contained in these rules, the provisions of rule 65 and rule 97 in respect or drugs specified from serial number 538 to serial number 551 inserted vide Notification number G.S.R. 277(E), dated 23rd March, 2018 published in the Gazette of India, Extraordinary, Part II, Section
Central Drugs Standard Control Organization, Ministry of Health and Family Welfare, Govt. of India Page 510 of 963
(3), Sub-section (i) shall be on voluntary basis for a period commencing on the day on which this notification shall come into force and ending on the 31st March, 2019 and thereafter shall be mandatory.]",
389,Parecoxib,SCHEDULE H,(See rules 65 and 97),G.S.R. 360(E),01-07-2024,,502-509,"Note: —1. Preparations exempted under proviso to para 2 of Note to Schedule X shall also be covered by this Schedule.
2. The salts, esters, derivatives and preparations containing the above substances excluding those intended for topical or external use (except ophthalmic and ear/nose preparations containing antibiotics and/or steroids) are also covered by this Schedule.
3. The inclusion of a substance in this Schedule does not imply or convey that the substance is exempted from the provisions of Rule 122A/122B.]
1122[4. The salts, esters, derivatives and preparations containing 1123[steroids or Hydroquinone] for topical or external use shall also be covered under this Schedule.
1124[5. Notwithstanding anything contained in these rules, the provisions of rule 65 and rule 97 in respect or drugs specified from serial number 538 to serial number 551 inserted vide Notification number G.S.R. 277(E), dated 23rd March, 2018 published in the Gazette of India, Extraordinary, Part II, Section
Central Drugs Standard Control Organization, Ministry of Health and Family Welfare, Govt. of India Page 510 of 963
(3), Sub-section (i) shall be on voluntary basis for a period commencing on the day on which this notification shall come into force and ending on the 31st March, 2019 and thereafter shall be mandatory.]",
390,Paroxetine Hydrochloride,SCHEDULE H,(See rules 65 and 97),G.S.R. 360(E),01-07-2024,,502-509,"Note: —1. Preparations exempted under proviso to para 2 of Note to Schedule X shall also be covered by this Schedule.
2. The salts, esters, derivatives and preparations containing the above substances excluding those intended for topical or external use (except ophthalmic and ear/nose preparations containing antibiotics and/or steroids) are also covered by this Schedule.
3. The inclusion of a substance in this Schedule does not imply or convey that the substance is exempted from the provisions of Rule 122A/122B.]
1122[4. The salts, esters, derivatives and preparations containing 1123[steroids or Hydroquinone] for topical or external use shall also be covered under this Schedule.
1124[5. Notwithstanding anything contained in these rules, the provisions of rule 65 and rule 97 in respect or drugs specified from serial number 538 to serial number 551 inserted vide Notification number G.S.R. 277(E), dated 23rd March, 2018 published in the Gazette of India, Extraordinary, Part II, Section
Central Drugs Standard Control Organization, Ministry of Health and Family Welfare, Govt. of India Page 510 of 963
(3), Sub-section (i) shall be on voluntary basis for a period commencing on the day on which this notification shall come into force and ending on the 31st March, 2019 and thereafter shall be mandatory.]",
391,D-Penicillamine,SCHEDULE H,(See rules 65 and 97),G.S.R. 360(E),01-07-2024,,502-509,"Note: —1. Preparations exempted under proviso to para 2 of Note to Schedule X shall also be covered by this Schedule.
2. The salts, esters, derivatives and preparations containing the above substances excluding those intended for topical or external use (except ophthalmic and ear/nose preparations containing antibiotics and/or steroids) are also covered by this Schedule.
3. The inclusion of a substance in this Schedule does not imply or convey that the substance is exempted from the provisions of Rule 122A/122B.]
1122[4. The salts, esters, derivatives and preparations containing 1123[steroids or Hydroquinone] for topical or external use shall also be covered under this Schedule.
1124[5. Notwithstanding anything contained in these rules, the provisions of rule 65 and rule 97 in respect or drugs specified from serial number 538 to serial number 551 inserted vide Notification number G.S.R. 277(E), dated 23rd March, 2018 published in the Gazette of India, Extraordinary, Part II, Section
Central Drugs Standard Control Organization, Ministry of Health and Family Welfare, Govt. of India Page 510 of 963
(3), Sub-section (i) shall be on voluntary basis for a period commencing on the day on which this notification shall come into force and ending on the 31st March, 2019 and thereafter shall be mandatory.]",
392,1117[***],SCHEDULE H,(See rules 65 and 97),G.S.R. 360(E),01-07-2024,,502-509,"Note: —1. Preparations exempted under proviso to para 2 of Note to Schedule X shall also be covered by this Schedule.
2. The salts, esters, derivatives and preparations containing the above substances excluding those intended for topical or external use (except ophthalmic and ear/nose preparations containing antibiotics and/or steroids) are also covered by this Schedule.
3. The inclusion of a substance in this Schedule does not imply or convey that the substance is exempted from the provisions of Rule 122A/122B.]
1122[4. The salts, esters, derivatives and preparations containing 1123[steroids or Hydroquinone] for topical or external use shall also be covered under this Schedule.
1124[5. Notwithstanding anything contained in these rules, the provisions of rule 65 and rule 97 in respect or drugs specified from serial number 538 to serial number 551 inserted vide Notification number G.S.R. 277(E), dated 23rd March, 2018 published in the Gazette of India, Extraordinary, Part II, Section
Central Drugs Standard Control Organization, Ministry of Health and Family Welfare, Govt. of India Page 510 of 963
(3), Sub-section (i) shall be on voluntary basis for a period commencing on the day on which this notification shall come into force and ending on the 31st March, 2019 and thereafter shall be mandatory.]","Entries No. 311, 324, 339, 360, 392 and 418 (relating to Meropenam, Midazolam, Moxifloxacin, Nitrazepam, Pentazocine and Pyrazinamide) omitted by G.S.R. 588(E) dated 30th August, 2013 (w.e.f. 27-2-2014)"
393,Pentoxifylline,SCHEDULE H,(See rules 65 and 97),G.S.R. 360(E),01-07-2024,,502-509,"Note: —1. Preparations exempted under proviso to para 2 of Note to Schedule X shall also be covered by this Schedule.
2. The salts, esters, derivatives and preparations containing the above substances excluding those intended for topical or external use (except ophthalmic and ear/nose preparations containing antibiotics and/or steroids) are also covered by this Schedule.
3. The inclusion of a substance in this Schedule does not imply or convey that the substance is exempted from the provisions of Rule 122A/122B.]
1122[4. The salts, esters, derivatives and preparations containing 1123[steroids or Hydroquinone] for topical or external use shall also be covered under this Schedule.
1124[5. Notwithstanding anything contained in these rules, the provisions of rule 65 and rule 97 in respect or drugs specified from serial number 538 to serial number 551 inserted vide Notification number G.S.R. 277(E), dated 23rd March, 2018 published in the Gazette of India, Extraordinary, Part II, Section
Central Drugs Standard Control Organization, Ministry of Health and Family Welfare, Govt. of India Page 510 of 963
(3), Sub-section (i) shall be on voluntary basis for a period commencing on the day on which this notification shall come into force and ending on the 31st March, 2019 and thereafter shall be mandatory.]",
394,Pepleomycin,SCHEDULE H,(See rules 65 and 97),G.S.R. 360(E),01-07-2024,,502-509,"Note: —1. Preparations exempted under proviso to para 2 of Note to Schedule X shall also be covered by this Schedule.
2. The salts, esters, derivatives and preparations containing the above substances excluding those intended for topical or external use (except ophthalmic and ear/nose preparations containing antibiotics and/or steroids) are also covered by this Schedule.
3. The inclusion of a substance in this Schedule does not imply or convey that the substance is exempted from the provisions of Rule 122A/122B.]
1122[4. The salts, esters, derivatives and preparations containing 1123[steroids or Hydroquinone] for topical or external use shall also be covered under this Schedule.
1124[5. Notwithstanding anything contained in these rules, the provisions of rule 65 and rule 97 in respect or drugs specified from serial number 538 to serial number 551 inserted vide Notification number G.S.R. 277(E), dated 23rd March, 2018 published in the Gazette of India, Extraordinary, Part II, Section
Central Drugs Standard Control Organization, Ministry of Health and Family Welfare, Govt. of India Page 510 of 963
(3), Sub-section (i) shall be on voluntary basis for a period commencing on the day on which this notification shall come into force and ending on the 31st March, 2019 and thereafter shall be mandatory.]",
395,Phenelzineh Sulphate,SCHEDULE H,(See rules 65 and 97),G.S.R. 360(E),01-07-2024,,502-509,"Note: —1. Preparations exempted under proviso to para 2 of Note to Schedule X shall also be covered by this Schedule.
2. The salts, esters, derivatives and preparations containing the above substances excluding those intended for topical or external use (except ophthalmic and ear/nose preparations containing antibiotics and/or steroids) are also covered by this Schedule.
3. The inclusion of a substance in this Schedule does not imply or convey that the substance is exempted from the provisions of Rule 122A/122B.]
1122[4. The salts, esters, derivatives and preparations containing 1123[steroids or Hydroquinone] for topical or external use shall also be covered under this Schedule.
1124[5. Notwithstanding anything contained in these rules, the provisions of rule 65 and rule 97 in respect or drugs specified from serial number 538 to serial number 551 inserted vide Notification number G.S.R. 277(E), dated 23rd March, 2018 published in the Gazette of India, Extraordinary, Part II, Section
Central Drugs Standard Control Organization, Ministry of Health and Family Welfare, Govt. of India Page 510 of 963
(3), Sub-section (i) shall be on voluntary basis for a period commencing on the day on which this notification shall come into force and ending on the 31st March, 2019 and thereafter shall be mandatory.]",
396,Phenobarbital,SCHEDULE H,(See rules 65 and 97),G.S.R. 360(E),01-07-2024,,502-509,"Note: —1. Preparations exempted under proviso to para 2 of Note to Schedule X shall also be covered by this Schedule.
2. The salts, esters, derivatives and preparations containing the above substances excluding those intended for topical or external use (except ophthalmic and ear/nose preparations containing antibiotics and/or steroids) are also covered by this Schedule.
3. The inclusion of a substance in this Schedule does not imply or convey that the substance is exempted from the provisions of Rule 122A/122B.]
1122[4. The salts, esters, derivatives and preparations containing 1123[steroids or Hydroquinone] for topical or external use shall also be covered under this Schedule.
1124[5. Notwithstanding anything contained in these rules, the provisions of rule 65 and rule 97 in respect or drugs specified from serial number 538 to serial number 551 inserted vide Notification number G.S.R. 277(E), dated 23rd March, 2018 published in the Gazette of India, Extraordinary, Part II, Section
Central Drugs Standard Control Organization, Ministry of Health and Family Welfare, Govt. of India Page 510 of 963
(3), Sub-section (i) shall be on voluntary basis for a period commencing on the day on which this notification shall come into force and ending on the 31st March, 2019 and thereafter shall be mandatory.]",
397,"Phenothiazine, Derivatives of and Salts of its Derivatives",SCHEDULE H,(See rules 65 and 97),G.S.R. 360(E),01-07-2024,,502-509,"Note: —1. Preparations exempted under proviso to para 2 of Note to Schedule X shall also be covered by this Schedule.
2. The salts, esters, derivatives and preparations containing the above substances excluding those intended for topical or external use (except ophthalmic and ear/nose preparations containing antibiotics and/or steroids) are also covered by this Schedule.
3. The inclusion of a substance in this Schedule does not imply or convey that the substance is exempted from the provisions of Rule 122A/122B.]
1122[4. The salts, esters, derivatives and preparations containing 1123[steroids or Hydroquinone] for topical or external use shall also be covered under this Schedule.
1124[5. Notwithstanding anything contained in these rules, the provisions of rule 65 and rule 97 in respect or drugs specified from serial number 538 to serial number 551 inserted vide Notification number G.S.R. 277(E), dated 23rd March, 2018 published in the Gazette of India, Extraordinary, Part II, Section
Central Drugs Standard Control Organization, Ministry of Health and Family Welfare, Govt. of India Page 510 of 963
(3), Sub-section (i) shall be on voluntary basis for a period commencing on the day on which this notification shall come into force and ending on the 31st March, 2019 and thereafter shall be mandatory.]",
398,Phenylbutazine,SCHEDULE H,(See rules 65 and 97),G.S.R. 360(E),01-07-2024,,502-509,"Note: —1. Preparations exempted under proviso to para 2 of Note to Schedule X shall also be covered by this Schedule.
2. The salts, esters, derivatives and preparations containing the above substances excluding those intended for topical or external use (except ophthalmic and ear/nose preparations containing antibiotics and/or steroids) are also covered by this Schedule.
3. The inclusion of a substance in this Schedule does not imply or convey that the substance is exempted from the provisions of Rule 122A/122B.]
1122[4. The salts, esters, derivatives and preparations containing 1123[steroids or Hydroquinone] for topical or external use shall also be covered under this Schedule.
1124[5. Notwithstanding anything contained in these rules, the provisions of rule 65 and rule 97 in respect or drugs specified from serial number 538 to serial number 551 inserted vide Notification number G.S.R. 277(E), dated 23rd March, 2018 published in the Gazette of India, Extraordinary, Part II, Section
Central Drugs Standard Control Organization, Ministry of Health and Family Welfare, Govt. of India Page 510 of 963
(3), Sub-section (i) shall be on voluntary basis for a period commencing on the day on which this notification shall come into force and ending on the 31st March, 2019 and thereafter shall be mandatory.]",
399,Pimozide,SCHEDULE H,(See rules 65 and 97),G.S.R. 360(E),01-07-2024,,502-509,"Note: —1. Preparations exempted under proviso to para 2 of Note to Schedule X shall also be covered by this Schedule.
2. The salts, esters, derivatives and preparations containing the above substances excluding those intended for topical or external use (except ophthalmic and ear/nose preparations containing antibiotics and/or steroids) are also covered by this Schedule.
3. The inclusion of a substance in this Schedule does not imply or convey that the substance is exempted from the provisions of Rule 122A/122B.]
1122[4. The salts, esters, derivatives and preparations containing 1123[steroids or Hydroquinone] for topical or external use shall also be covered under this Schedule.
1124[5. Notwithstanding anything contained in these rules, the provisions of rule 65 and rule 97 in respect or drugs specified from serial number 538 to serial number 551 inserted vide Notification number G.S.R. 277(E), dated 23rd March, 2018 published in the Gazette of India, Extraordinary, Part II, Section
Central Drugs Standard Control Organization, Ministry of Health and Family Welfare, Govt. of India Page 510 of 963
(3), Sub-section (i) shall be on voluntary basis for a period commencing on the day on which this notification shall come into force and ending on the 31st March, 2019 and thereafter shall be mandatory.]",
400,Pindolol,SCHEDULE H,(See rules 65 and 97),G.S.R. 360(E),01-07-2024,,502-509,"Note: —1. Preparations exempted under proviso to para 2 of Note to Schedule X shall also be covered by this Schedule.
2. The salts, esters, derivatives and preparations containing the above substances excluding those intended for topical or external use (except ophthalmic and ear/nose preparations containing antibiotics and/or steroids) are also covered by this Schedule.
3. The inclusion of a substance in this Schedule does not imply or convey that the substance is exempted from the provisions of Rule 122A/122B.]
1122[4. The salts, esters, derivatives and preparations containing 1123[steroids or Hydroquinone] for topical or external use shall also be covered under this Schedule.
1124[5. Notwithstanding anything contained in these rules, the provisions of rule 65 and rule 97 in respect or drugs specified from serial number 538 to serial number 551 inserted vide Notification number G.S.R. 277(E), dated 23rd March, 2018 published in the Gazette of India, Extraordinary, Part II, Section
Central Drugs Standard Control Organization, Ministry of Health and Family Welfare, Govt. of India Page 510 of 963
(3), Sub-section (i) shall be on voluntary basis for a period commencing on the day on which this notification shall come into force and ending on the 31st March, 2019 and thereafter shall be mandatory.]",
401,Pioglitazone Hydrochloride,SCHEDULE H,(See rules 65 and 97),G.S.R. 360(E),01-07-2024,,502-509,"Note: —1. Preparations exempted under proviso to para 2 of Note to Schedule X shall also be covered by this Schedule.
2. The salts, esters, derivatives and preparations containing the above substances excluding those intended for topical or external use (except ophthalmic and ear/nose preparations containing antibiotics and/or steroids) are also covered by this Schedule.
3. The inclusion of a substance in this Schedule does not imply or convey that the substance is exempted from the provisions of Rule 122A/122B.]
1122[4. The salts, esters, derivatives and preparations containing 1123[steroids or Hydroquinone] for topical or external use shall also be covered under this Schedule.
1124[5. Notwithstanding anything contained in these rules, the provisions of rule 65 and rule 97 in respect or drugs specified from serial number 538 to serial number 551 inserted vide Notification number G.S.R. 277(E), dated 23rd March, 2018 published in the Gazette of India, Extraordinary, Part II, Section
Central Drugs Standard Control Organization, Ministry of Health and Family Welfare, Govt. of India Page 510 of 963
(3), Sub-section (i) shall be on voluntary basis for a period commencing on the day on which this notification shall come into force and ending on the 31st March, 2019 and thereafter shall be mandatory.]",
402,Piracetam,SCHEDULE H,(See rules 65 and 97),G.S.R. 360(E),01-07-2024,,502-509,"Note: —1. Preparations exempted under proviso to para 2 of Note to Schedule X shall also be covered by this Schedule.
2. The salts, esters, derivatives and preparations containing the above substances excluding those intended for topical or external use (except ophthalmic and ear/nose preparations containing antibiotics and/or steroids) are also covered by this Schedule.
3. The inclusion of a substance in this Schedule does not imply or convey that the substance is exempted from the provisions of Rule 122A/122B.]
1122[4. The salts, esters, derivatives and preparations containing 1123[steroids or Hydroquinone] for topical or external use shall also be covered under this Schedule.
1124[5. Notwithstanding anything contained in these rules, the provisions of rule 65 and rule 97 in respect or drugs specified from serial number 538 to serial number 551 inserted vide Notification number G.S.R. 277(E), dated 23rd March, 2018 published in the Gazette of India, Extraordinary, Part II, Section
Central Drugs Standard Control Organization, Ministry of Health and Family Welfare, Govt. of India Page 510 of 963
(3), Sub-section (i) shall be on voluntary basis for a period commencing on the day on which this notification shall come into force and ending on the 31st March, 2019 and thereafter shall be mandatory.]",
403,Piroxicam,SCHEDULE H,(See rules 65 and 97),G.S.R. 360(E),01-07-2024,,502-509,"Note: —1. Preparations exempted under proviso to para 2 of Note to Schedule X shall also be covered by this Schedule.
2. The salts, esters, derivatives and preparations containing the above substances excluding those intended for topical or external use (except ophthalmic and ear/nose preparations containing antibiotics and/or steroids) are also covered by this Schedule.
3. The inclusion of a substance in this Schedule does not imply or convey that the substance is exempted from the provisions of Rule 122A/122B.]
1122[4. The salts, esters, derivatives and preparations containing 1123[steroids or Hydroquinone] for topical or external use shall also be covered under this Schedule.
1124[5. Notwithstanding anything contained in these rules, the provisions of rule 65 and rule 97 in respect or drugs specified from serial number 538 to serial number 551 inserted vide Notification number G.S.R. 277(E), dated 23rd March, 2018 published in the Gazette of India, Extraordinary, Part II, Section
Central Drugs Standard Control Organization, Ministry of Health and Family Welfare, Govt. of India Page 510 of 963
(3), Sub-section (i) shall be on voluntary basis for a period commencing on the day on which this notification shall come into force and ending on the 31st March, 2019 and thereafter shall be mandatory.]",
404,"Pituitary Gland, Active Principles of, not otherwise specified in this Schedule and their Salts",SCHEDULE H,(See rules 65 and 97),G.S.R. 360(E),01-07-2024,,502-509,"Note: —1. Preparations exempted under proviso to para 2 of Note to Schedule X shall also be covered by this Schedule.
2. The salts, esters, derivatives and preparations containing the above substances excluding those intended for topical or external use (except ophthalmic and ear/nose preparations containing antibiotics and/or steroids) are also covered by this Schedule.
3. The inclusion of a substance in this Schedule does not imply or convey that the substance is exempted from the provisions of Rule 122A/122B.]
1122[4. The salts, esters, derivatives and preparations containing 1123[steroids or Hydroquinone] for topical or external use shall also be covered under this Schedule.
1124[5. Notwithstanding anything contained in these rules, the provisions of rule 65 and rule 97 in respect or drugs specified from serial number 538 to serial number 551 inserted vide Notification number G.S.R. 277(E), dated 23rd March, 2018 published in the Gazette of India, Extraordinary, Part II, Section
Central Drugs Standard Control Organization, Ministry of Health and Family Welfare, Govt. of India Page 510 of 963
(3), Sub-section (i) shall be on voluntary basis for a period commencing on the day on which this notification shall come into force and ending on the 31st March, 2019 and thereafter shall be mandatory.]",
405,Polidocanol,SCHEDULE H,(See rules 65 and 97),G.S.R. 360(E),01-07-2024,,502-509,"Note: —1. Preparations exempted under proviso to para 2 of Note to Schedule X shall also be covered by this Schedule.
2. The salts, esters, derivatives and preparations containing the above substances excluding those intended for topical or external use (except ophthalmic and ear/nose preparations containing antibiotics and/or steroids) are also covered by this Schedule.
3. The inclusion of a substance in this Schedule does not imply or convey that the substance is exempted from the provisions of Rule 122A/122B.]
1122[4. The salts, esters, derivatives and preparations containing 1123[steroids or Hydroquinone] for topical or external use shall also be covered under this Schedule.
1124[5. Notwithstanding anything contained in these rules, the provisions of rule 65 and rule 97 in respect or drugs specified from serial number 538 to serial number 551 inserted vide Notification number G.S.R. 277(E), dated 23rd March, 2018 published in the Gazette of India, Extraordinary, Part II, Section
Central Drugs Standard Control Organization, Ministry of Health and Family Welfare, Govt. of India Page 510 of 963
(3), Sub-section (i) shall be on voluntary basis for a period commencing on the day on which this notification shall come into force and ending on the 31st March, 2019 and thereafter shall be mandatory.]",
406,Polyestradiol Phosphate,SCHEDULE H,(See rules 65 and 97),G.S.R. 360(E),01-07-2024,,502-509,"Note: —1. Preparations exempted under proviso to para 2 of Note to Schedule X shall also be covered by this Schedule.
2. The salts, esters, derivatives and preparations containing the above substances excluding those intended for topical or external use (except ophthalmic and ear/nose preparations containing antibiotics and/or steroids) are also covered by this Schedule.
3. The inclusion of a substance in this Schedule does not imply or convey that the substance is exempted from the provisions of Rule 122A/122B.]
1122[4. The salts, esters, derivatives and preparations containing 1123[steroids or Hydroquinone] for topical or external use shall also be covered under this Schedule.
1124[5. Notwithstanding anything contained in these rules, the provisions of rule 65 and rule 97 in respect or drugs specified from serial number 538 to serial number 551 inserted vide Notification number G.S.R. 277(E), dated 23rd March, 2018 published in the Gazette of India, Extraordinary, Part II, Section
Central Drugs Standard Control Organization, Ministry of Health and Family Welfare, Govt. of India Page 510 of 963
(3), Sub-section (i) shall be on voluntary basis for a period commencing on the day on which this notification shall come into force and ending on the 31st March, 2019 and thereafter shall be mandatory.]",
407,Poractant Alfa,SCHEDULE H,(See rules 65 and 97),G.S.R. 360(E),01-07-2024,,502-509,"Note: —1. Preparations exempted under proviso to para 2 of Note to Schedule X shall also be covered by this Schedule.
2. The salts, esters, derivatives and preparations containing the above substances excluding those intended for topical or external use (except ophthalmic and ear/nose preparations containing antibiotics and/or steroids) are also covered by this Schedule.
3. The inclusion of a substance in this Schedule does not imply or convey that the substance is exempted from the provisions of Rule 122A/122B.]
1122[4. The salts, esters, derivatives and preparations containing 1123[steroids or Hydroquinone] for topical or external use shall also be covered under this Schedule.
1124[5. Notwithstanding anything contained in these rules, the provisions of rule 65 and rule 97 in respect or drugs specified from serial number 538 to serial number 551 inserted vide Notification number G.S.R. 277(E), dated 23rd March, 2018 published in the Gazette of India, Extraordinary, Part II, Section
Central Drugs Standard Control Organization, Ministry of Health and Family Welfare, Govt. of India Page 510 of 963
(3), Sub-section (i) shall be on voluntary basis for a period commencing on the day on which this notification shall come into force and ending on the 31st March, 2019 and thereafter shall be mandatory.]",
408,Praziquantel,SCHEDULE H,(See rules 65 and 97),G.S.R. 360(E),01-07-2024,,502-509,"Note: —1. Preparations exempted under proviso to para 2 of Note to Schedule X shall also be covered by this Schedule.
2. The salts, esters, derivatives and preparations containing the above substances excluding those intended for topical or external use (except ophthalmic and ear/nose preparations containing antibiotics and/or steroids) are also covered by this Schedule.
3. The inclusion of a substance in this Schedule does not imply or convey that the substance is exempted from the provisions of Rule 122A/122B.]
1122[4. The salts, esters, derivatives and preparations containing 1123[steroids or Hydroquinone] for topical or external use shall also be covered under this Schedule.
1124[5. Notwithstanding anything contained in these rules, the provisions of rule 65 and rule 97 in respect or drugs specified from serial number 538 to serial number 551 inserted vide Notification number G.S.R. 277(E), dated 23rd March, 2018 published in the Gazette of India, Extraordinary, Part II, Section
Central Drugs Standard Control Organization, Ministry of Health and Family Welfare, Govt. of India Page 510 of 963
(3), Sub-section (i) shall be on voluntary basis for a period commencing on the day on which this notification shall come into force and ending on the 31st March, 2019 and thereafter shall be mandatory.]",
409,Pred nimustine,SCHEDULE H,(See rules 65 and 97),G.S.R. 360(E),01-07-2024,,502-509,"Note: —1. Preparations exempted under proviso to para 2 of Note to Schedule X shall also be covered by this Schedule.
2. The salts, esters, derivatives and preparations containing the above substances excluding those intended for topical or external use (except ophthalmic and ear/nose preparations containing antibiotics and/or steroids) are also covered by this Schedule.
3. The inclusion of a substance in this Schedule does not imply or convey that the substance is exempted from the provisions of Rule 122A/122B.]
1122[4. The salts, esters, derivatives and preparations containing 1123[steroids or Hydroquinone] for topical or external use shall also be covered under this Schedule.
1124[5. Notwithstanding anything contained in these rules, the provisions of rule 65 and rule 97 in respect or drugs specified from serial number 538 to serial number 551 inserted vide Notification number G.S.R. 277(E), dated 23rd March, 2018 published in the Gazette of India, Extraordinary, Part II, Section
Central Drugs Standard Control Organization, Ministry of Health and Family Welfare, Govt. of India Page 510 of 963
(3), Sub-section (i) shall be on voluntary basis for a period commencing on the day on which this notification shall come into force and ending on the 31st March, 2019 and thereafter shall be mandatory.]",
410,Prednisolone Stearoylglycoiate,SCHEDULE H,(See rules 65 and 97),G.S.R. 360(E),01-07-2024,,502-509,"Note: —1. Preparations exempted under proviso to para 2 of Note to Schedule X shall also be covered by this Schedule.
2. The salts, esters, derivatives and preparations containing the above substances excluding those intended for topical or external use (except ophthalmic and ear/nose preparations containing antibiotics and/or steroids) are also covered by this Schedule.
3. The inclusion of a substance in this Schedule does not imply or convey that the substance is exempted from the provisions of Rule 122A/122B.]
1122[4. The salts, esters, derivatives and preparations containing 1123[steroids or Hydroquinone] for topical or external use shall also be covered under this Schedule.
1124[5. Notwithstanding anything contained in these rules, the provisions of rule 65 and rule 97 in respect or drugs specified from serial number 538 to serial number 551 inserted vide Notification number G.S.R. 277(E), dated 23rd March, 2018 published in the Gazette of India, Extraordinary, Part II, Section
Central Drugs Standard Control Organization, Ministry of Health and Family Welfare, Govt. of India Page 510 of 963
(3), Sub-section (i) shall be on voluntary basis for a period commencing on the day on which this notification shall come into force and ending on the 31st March, 2019 and thereafter shall be mandatory.]",
411,Prenoxdiazin Hydrochloride,SCHEDULE H,(See rules 65 and 97),G.S.R. 360(E),01-07-2024,,502-509,"Note: —1. Preparations exempted under proviso to para 2 of Note to Schedule X shall also be covered by this Schedule.
2. The salts, esters, derivatives and preparations containing the above substances excluding those intended for topical or external use (except ophthalmic and ear/nose preparations containing antibiotics and/or steroids) are also covered by this Schedule.
3. The inclusion of a substance in this Schedule does not imply or convey that the substance is exempted from the provisions of Rule 122A/122B.]
1122[4. The salts, esters, derivatives and preparations containing 1123[steroids or Hydroquinone] for topical or external use shall also be covered under this Schedule.
1124[5. Notwithstanding anything contained in these rules, the provisions of rule 65 and rule 97 in respect or drugs specified from serial number 538 to serial number 551 inserted vide Notification number G.S.R. 277(E), dated 23rd March, 2018 published in the Gazette of India, Extraordinary, Part II, Section
Central Drugs Standard Control Organization, Ministry of Health and Family Welfare, Govt. of India Page 510 of 963
(3), Sub-section (i) shall be on voluntary basis for a period commencing on the day on which this notification shall come into force and ending on the 31st March, 2019 and thereafter shall be mandatory.]",
412,Promazine Hydrochloride,SCHEDULE H,(See rules 65 and 97),G.S.R. 360(E),01-07-2024,,502-509,"Note: —1. Preparations exempted under proviso to para 2 of Note to Schedule X shall also be covered by this Schedule.
2. The salts, esters, derivatives and preparations containing the above substances excluding those intended for topical or external use (except ophthalmic and ear/nose preparations containing antibiotics and/or steroids) are also covered by this Schedule.
3. The inclusion of a substance in this Schedule does not imply or convey that the substance is exempted from the provisions of Rule 122A/122B.]
1122[4. The salts, esters, derivatives and preparations containing 1123[steroids or Hydroquinone] for topical or external use shall also be covered under this Schedule.
1124[5. Notwithstanding anything contained in these rules, the provisions of rule 65 and rule 97 in respect or drugs specified from serial number 538 to serial number 551 inserted vide Notification number G.S.R. 277(E), dated 23rd March, 2018 published in the Gazette of India, Extraordinary, Part II, Section
Central Drugs Standard Control Organization, Ministry of Health and Family Welfare, Govt. of India Page 510 of 963
(3), Sub-section (i) shall be on voluntary basis for a period commencing on the day on which this notification shall come into force and ending on the 31st March, 2019 and thereafter shall be mandatory.]",
413,Promegestone,SCHEDULE H,(See rules 65 and 97),G.S.R. 360(E),01-07-2024,,502-509,"Note: —1. Preparations exempted under proviso to para 2 of Note to Schedule X shall also be covered by this Schedule.
2. The salts, esters, derivatives and preparations containing the above substances excluding those intended for topical or external use (except ophthalmic and ear/nose preparations containing antibiotics and/or steroids) are also covered by this Schedule.
3. The inclusion of a substance in this Schedule does not imply or convey that the substance is exempted from the provisions of Rule 122A/122B.]
1122[4. The salts, esters, derivatives and preparations containing 1123[steroids or Hydroquinone] for topical or external use shall also be covered under this Schedule.
1124[5. Notwithstanding anything contained in these rules, the provisions of rule 65 and rule 97 in respect or drugs specified from serial number 538 to serial number 551 inserted vide Notification number G.S.R. 277(E), dated 23rd March, 2018 published in the Gazette of India, Extraordinary, Part II, Section
Central Drugs Standard Control Organization, Ministry of Health and Family Welfare, Govt. of India Page 510 of 963
(3), Sub-section (i) shall be on voluntary basis for a period commencing on the day on which this notification shall come into force and ending on the 31st March, 2019 and thereafter shall be mandatory.]",
414,Propafenon Hydrochloride,SCHEDULE H,(See rules 65 and 97),G.S.R. 360(E),01-07-2024,,502-509,"Note: —1. Preparations exempted under proviso to para 2 of Note to Schedule X shall also be covered by this Schedule.
2. The salts, esters, derivatives and preparations containing the above substances excluding those intended for topical or external use (except ophthalmic and ear/nose preparations containing antibiotics and/or steroids) are also covered by this Schedule.
3. The inclusion of a substance in this Schedule does not imply or convey that the substance is exempted from the provisions of Rule 122A/122B.]
1122[4. The salts, esters, derivatives and preparations containing 1123[steroids or Hydroquinone] for topical or external use shall also be covered under this Schedule.
1124[5. Notwithstanding anything contained in these rules, the provisions of rule 65 and rule 97 in respect or drugs specified from serial number 538 to serial number 551 inserted vide Notification number G.S.R. 277(E), dated 23rd March, 2018 published in the Gazette of India, Extraordinary, Part II, Section
Central Drugs Standard Control Organization, Ministry of Health and Family Welfare, Govt. of India Page 510 of 963
(3), Sub-section (i) shall be on voluntary basis for a period commencing on the day on which this notification shall come into force and ending on the 31st March, 2019 and thereafter shall be mandatory.]",
415,Propanolol Hydrochloride,SCHEDULE H,(See rules 65 and 97),G.S.R. 360(E),01-07-2024,,502-509,"Note: —1. Preparations exempted under proviso to para 2 of Note to Schedule X shall also be covered by this Schedule.
2. The salts, esters, derivatives and preparations containing the above substances excluding those intended for topical or external use (except ophthalmic and ear/nose preparations containing antibiotics and/or steroids) are also covered by this Schedule.
3. The inclusion of a substance in this Schedule does not imply or convey that the substance is exempted from the provisions of Rule 122A/122B.]
1122[4. The salts, esters, derivatives and preparations containing 1123[steroids or Hydroquinone] for topical or external use shall also be covered under this Schedule.
1124[5. Notwithstanding anything contained in these rules, the provisions of rule 65 and rule 97 in respect or drugs specified from serial number 538 to serial number 551 inserted vide Notification number G.S.R. 277(E), dated 23rd March, 2018 published in the Gazette of India, Extraordinary, Part II, Section
Central Drugs Standard Control Organization, Ministry of Health and Family Welfare, Govt. of India Page 510 of 963
(3), Sub-section (i) shall be on voluntary basis for a period commencing on the day on which this notification shall come into force and ending on the 31st March, 2019 and thereafter shall be mandatory.]",
416,Propofol,SCHEDULE H,(See rules 65 and 97),G.S.R. 360(E),01-07-2024,,502-509,"Note: —1. Preparations exempted under proviso to para 2 of Note to Schedule X shall also be covered by this Schedule.
2. The salts, esters, derivatives and preparations containing the above substances excluding those intended for topical or external use (except ophthalmic and ear/nose preparations containing antibiotics and/or steroids) are also covered by this Schedule.
3. The inclusion of a substance in this Schedule does not imply or convey that the substance is exempted from the provisions of Rule 122A/122B.]
1122[4. The salts, esters, derivatives and preparations containing 1123[steroids or Hydroquinone] for topical or external use shall also be covered under this Schedule.
1124[5. Notwithstanding anything contained in these rules, the provisions of rule 65 and rule 97 in respect or drugs specified from serial number 538 to serial number 551 inserted vide Notification number G.S.R. 277(E), dated 23rd March, 2018 published in the Gazette of India, Extraordinary, Part II, Section
Central Drugs Standard Control Organization, Ministry of Health and Family Welfare, Govt. of India Page 510 of 963
(3), Sub-section (i) shall be on voluntary basis for a period commencing on the day on which this notification shall come into force and ending on the 31st March, 2019 and thereafter shall be mandatory.]",
417,Protristyline Hydrochloride,SCHEDULE H,(See rules 65 and 97),G.S.R. 360(E),01-07-2024,,502-509,"Note: —1. Preparations exempted under proviso to para 2 of Note to Schedule X shall also be covered by this Schedule.
2. The salts, esters, derivatives and preparations containing the above substances excluding those intended for topical or external use (except ophthalmic and ear/nose preparations containing antibiotics and/or steroids) are also covered by this Schedule.
3. The inclusion of a substance in this Schedule does not imply or convey that the substance is exempted from the provisions of Rule 122A/122B.]
1122[4. The salts, esters, derivatives and preparations containing 1123[steroids or Hydroquinone] for topical or external use shall also be covered under this Schedule.
1124[5. Notwithstanding anything contained in these rules, the provisions of rule 65 and rule 97 in respect or drugs specified from serial number 538 to serial number 551 inserted vide Notification number G.S.R. 277(E), dated 23rd March, 2018 published in the Gazette of India, Extraordinary, Part II, Section
Central Drugs Standard Control Organization, Ministry of Health and Family Welfare, Govt. of India Page 510 of 963
(3), Sub-section (i) shall be on voluntary basis for a period commencing on the day on which this notification shall come into force and ending on the 31st March, 2019 and thereafter shall be mandatory.]",
418,1117[***],SCHEDULE H,(See rules 65 and 97),G.S.R. 360(E),01-07-2024,,502-509,"Note: —1. Preparations exempted under proviso to para 2 of Note to Schedule X shall also be covered by this Schedule.
2. The salts, esters, derivatives and preparations containing the above substances excluding those intended for topical or external use (except ophthalmic and ear/nose preparations containing antibiotics and/or steroids) are also covered by this Schedule.
3. The inclusion of a substance in this Schedule does not imply or convey that the substance is exempted from the provisions of Rule 122A/122B.]
1122[4. The salts, esters, derivatives and preparations containing 1123[steroids or Hydroquinone] for topical or external use shall also be covered under this Schedule.
1124[5. Notwithstanding anything contained in these rules, the provisions of rule 65 and rule 97 in respect or drugs specified from serial number 538 to serial number 551 inserted vide Notification number G.S.R. 277(E), dated 23rd March, 2018 published in the Gazette of India, Extraordinary, Part II, Section
Central Drugs Standard Control Organization, Ministry of Health and Family Welfare, Govt. of India Page 510 of 963
(3), Sub-section (i) shall be on voluntary basis for a period commencing on the day on which this notification shall come into force and ending on the 31st March, 2019 and thereafter shall be mandatory.]","Entries No. 311, 324, 339, 360, 392 and 418 (relating to Meropenam, Midazolam, Moxifloxacin, Nitrazepam, Pentazocine and Pyrazinamide) omitted by G.S.R. 588(E) dated 30th August, 2013 (w.e.f. 27-2-2014)"
419,Pyrvinium,SCHEDULE H,(See rules 65 and 97),G.S.R. 360(E),01-07-2024,,502-509,"Note: —1. Preparations exempted under proviso to para 2 of Note to Schedule X shall also be covered by this Schedule.
2. The salts, esters, derivatives and preparations containing the above substances excluding those intended for topical or external use (except ophthalmic and ear/nose preparations containing antibiotics and/or steroids) are also covered by this Schedule.
3. The inclusion of a substance in this Schedule does not imply or convey that the substance is exempted from the provisions of Rule 122A/122B.]
1122[4. The salts, esters, derivatives and preparations containing 1123[steroids or Hydroquinone] for topical or external use shall also be covered under this Schedule.
1124[5. Notwithstanding anything contained in these rules, the provisions of rule 65 and rule 97 in respect or drugs specified from serial number 538 to serial number 551 inserted vide Notification number G.S.R. 277(E), dated 23rd March, 2018 published in the Gazette of India, Extraordinary, Part II, Section
Central Drugs Standard Control Organization, Ministry of Health and Family Welfare, Govt. of India Page 510 of 963
(3), Sub-section (i) shall be on voluntary basis for a period commencing on the day on which this notification shall come into force and ending on the 31st March, 2019 and thereafter shall be mandatory.]",
420,Quetiapine Fumerate,SCHEDULE H,(See rules 65 and 97),G.S.R. 360(E),01-07-2024,,502-509,"Note: —1. Preparations exempted under proviso to para 2 of Note to Schedule X shall also be covered by this Schedule.
2. The salts, esters, derivatives and preparations containing the above substances excluding those intended for topical or external use (except ophthalmic and ear/nose preparations containing antibiotics and/or steroids) are also covered by this Schedule.
3. The inclusion of a substance in this Schedule does not imply or convey that the substance is exempted from the provisions of Rule 122A/122B.]
1122[4. The salts, esters, derivatives and preparations containing 1123[steroids or Hydroquinone] for topical or external use shall also be covered under this Schedule.
1124[5. Notwithstanding anything contained in these rules, the provisions of rule 65 and rule 97 in respect or drugs specified from serial number 538 to serial number 551 inserted vide Notification number G.S.R. 277(E), dated 23rd March, 2018 published in the Gazette of India, Extraordinary, Part II, Section
Central Drugs Standard Control Organization, Ministry of Health and Family Welfare, Govt. of India Page 510 of 963
(3), Sub-section (i) shall be on voluntary basis for a period commencing on the day on which this notification shall come into force and ending on the 31st March, 2019 and thereafter shall be mandatory.]",
421,Quinapril,SCHEDULE H,(See rules 65 and 97),G.S.R. 360(E),01-07-2024,,502-509,"Note: —1. Preparations exempted under proviso to para 2 of Note to Schedule X shall also be covered by this Schedule.
2. The salts, esters, derivatives and preparations containing the above substances excluding those intended for topical or external use (except ophthalmic and ear/nose preparations containing antibiotics and/or steroids) are also covered by this Schedule.
3. The inclusion of a substance in this Schedule does not imply or convey that the substance is exempted from the provisions of Rule 122A/122B.]
1122[4. The salts, esters, derivatives and preparations containing 1123[steroids or Hydroquinone] for topical or external use shall also be covered under this Schedule.
1124[5. Notwithstanding anything contained in these rules, the provisions of rule 65 and rule 97 in respect or drugs specified from serial number 538 to serial number 551 inserted vide Notification number G.S.R. 277(E), dated 23rd March, 2018 published in the Gazette of India, Extraordinary, Part II, Section
Central Drugs Standard Control Organization, Ministry of Health and Family Welfare, Govt. of India Page 510 of 963
(3), Sub-section (i) shall be on voluntary basis for a period commencing on the day on which this notification shall come into force and ending on the 31st March, 2019 and thereafter shall be mandatory.]",
422,Quiniaine Sulphate,SCHEDULE H,(See rules 65 and 97),G.S.R. 360(E),01-07-2024,,502-509,"Note: —1. Preparations exempted under proviso to para 2 of Note to Schedule X shall also be covered by this Schedule.
2. The salts, esters, derivatives and preparations containing the above substances excluding those intended for topical or external use (except ophthalmic and ear/nose preparations containing antibiotics and/or steroids) are also covered by this Schedule.
3. The inclusion of a substance in this Schedule does not imply or convey that the substance is exempted from the provisions of Rule 122A/122B.]
1122[4. The salts, esters, derivatives and preparations containing 1123[steroids or Hydroquinone] for topical or external use shall also be covered under this Schedule.
1124[5. Notwithstanding anything contained in these rules, the provisions of rule 65 and rule 97 in respect or drugs specified from serial number 538 to serial number 551 inserted vide Notification number G.S.R. 277(E), dated 23rd March, 2018 published in the Gazette of India, Extraordinary, Part II, Section
Central Drugs Standard Control Organization, Ministry of Health and Family Welfare, Govt. of India Page 510 of 963
(3), Sub-section (i) shall be on voluntary basis for a period commencing on the day on which this notification shall come into force and ending on the 31st March, 2019 and thereafter shall be mandatory.]",
423,Rabeprazole,SCHEDULE H,(See rules 65 and 97),G.S.R. 360(E),01-07-2024,,502-509,"Note: —1. Preparations exempted under proviso to para 2 of Note to Schedule X shall also be covered by this Schedule.
2. The salts, esters, derivatives and preparations containing the above substances excluding those intended for topical or external use (except ophthalmic and ear/nose preparations containing antibiotics and/or steroids) are also covered by this Schedule.
3. The inclusion of a substance in this Schedule does not imply or convey that the substance is exempted from the provisions of Rule 122A/122B.]
1122[4. The salts, esters, derivatives and preparations containing 1123[steroids or Hydroquinone] for topical or external use shall also be covered under this Schedule.
1124[5. Notwithstanding anything contained in these rules, the provisions of rule 65 and rule 97 in respect or drugs specified from serial number 538 to serial number 551 inserted vide Notification number G.S.R. 277(E), dated 23rd March, 2018 published in the Gazette of India, Extraordinary, Part II, Section
Central Drugs Standard Control Organization, Ministry of Health and Family Welfare, Govt. of India Page 510 of 963
(3), Sub-section (i) shall be on voluntary basis for a period commencing on the day on which this notification shall come into force and ending on the 31st March, 2019 and thereafter shall be mandatory.]",
424,Racecadotril,SCHEDULE H,(See rules 65 and 97),G.S.R. 360(E),01-07-2024,,502-509,"Note: —1. Preparations exempted under proviso to para 2 of Note to Schedule X shall also be covered by this Schedule.
2. The salts, esters, derivatives and preparations containing the above substances excluding those intended for topical or external use (except ophthalmic and ear/nose preparations containing antibiotics and/or steroids) are also covered by this Schedule.
3. The inclusion of a substance in this Schedule does not imply or convey that the substance is exempted from the provisions of Rule 122A/122B.]
1122[4. The salts, esters, derivatives and preparations containing 1123[steroids or Hydroquinone] for topical or external use shall also be covered under this Schedule.
1124[5. Notwithstanding anything contained in these rules, the provisions of rule 65 and rule 97 in respect or drugs specified from serial number 538 to serial number 551 inserted vide Notification number G.S.R. 277(E), dated 23rd March, 2018 published in the Gazette of India, Extraordinary, Part II, Section
Central Drugs Standard Control Organization, Ministry of Health and Family Welfare, Govt. of India Page 510 of 963
(3), Sub-section (i) shall be on voluntary basis for a period commencing on the day on which this notification shall come into force and ending on the 31st March, 2019 and thereafter shall be mandatory.]",
425,Raloxifene Hydrochloride,SCHEDULE H,(See rules 65 and 97),G.S.R. 360(E),01-07-2024,,502-509,"Note: —1. Preparations exempted under proviso to para 2 of Note to Schedule X shall also be covered by this Schedule.
2. The salts, esters, derivatives and preparations containing the above substances excluding those intended for topical or external use (except ophthalmic and ear/nose preparations containing antibiotics and/or steroids) are also covered by this Schedule.
3. The inclusion of a substance in this Schedule does not imply or convey that the substance is exempted from the provisions of Rule 122A/122B.]
1122[4. The salts, esters, derivatives and preparations containing 1123[steroids or Hydroquinone] for topical or external use shall also be covered under this Schedule.
1124[5. Notwithstanding anything contained in these rules, the provisions of rule 65 and rule 97 in respect or drugs specified from serial number 538 to serial number 551 inserted vide Notification number G.S.R. 277(E), dated 23rd March, 2018 published in the Gazette of India, Extraordinary, Part II, Section
Central Drugs Standard Control Organization, Ministry of Health and Family Welfare, Govt. of India Page 510 of 963
(3), Sub-section (i) shall be on voluntary basis for a period commencing on the day on which this notification shall come into force and ending on the 31st March, 2019 and thereafter shall be mandatory.]",
426,Ramipril Hydrochloride,SCHEDULE H,(See rules 65 and 97),G.S.R. 360(E),01-07-2024,,502-509,"Note: —1. Preparations exempted under proviso to para 2 of Note to Schedule X shall also be covered by this Schedule.
2. The salts, esters, derivatives and preparations containing the above substances excluding those intended for topical or external use (except ophthalmic and ear/nose preparations containing antibiotics and/or steroids) are also covered by this Schedule.
3. The inclusion of a substance in this Schedule does not imply or convey that the substance is exempted from the provisions of Rule 122A/122B.]
1122[4. The salts, esters, derivatives and preparations containing 1123[steroids or Hydroquinone] for topical or external use shall also be covered under this Schedule.
1124[5. Notwithstanding anything contained in these rules, the provisions of rule 65 and rule 97 in respect or drugs specified from serial number 538 to serial number 551 inserted vide Notification number G.S.R. 277(E), dated 23rd March, 2018 published in the Gazette of India, Extraordinary, Part II, Section
Central Drugs Standard Control Organization, Ministry of Health and Family Welfare, Govt. of India Page 510 of 963
(3), Sub-section (i) shall be on voluntary basis for a period commencing on the day on which this notification shall come into force and ending on the 31st March, 2019 and thereafter shall be mandatory.]",
427,Ranitidine,SCHEDULE H,(See rules 65 and 97),G.S.R. 360(E),01-07-2024,,502-509,"Note: —1. Preparations exempted under proviso to para 2 of Note to Schedule X shall also be covered by this Schedule.
2. The salts, esters, derivatives and preparations containing the above substances excluding those intended for topical or external use (except ophthalmic and ear/nose preparations containing antibiotics and/or steroids) are also covered by this Schedule.
3. The inclusion of a substance in this Schedule does not imply or convey that the substance is exempted from the provisions of Rule 122A/122B.]
1122[4. The salts, esters, derivatives and preparations containing 1123[steroids or Hydroquinone] for topical or external use shall also be covered under this Schedule.
1124[5. Notwithstanding anything contained in these rules, the provisions of rule 65 and rule 97 in respect or drugs specified from serial number 538 to serial number 551 inserted vide Notification number G.S.R. 277(E), dated 23rd March, 2018 published in the Gazette of India, Extraordinary, Part II, Section
Central Drugs Standard Control Organization, Ministry of Health and Family Welfare, Govt. of India Page 510 of 963
(3), Sub-section (i) shall be on voluntary basis for a period commencing on the day on which this notification shall come into force and ending on the 31st March, 2019 and thereafter shall be mandatory.]",
428,"Rauwolfia, Alkaloids of, their Salts, Derivatives of the Alkaloids or Rauwolfia",SCHEDULE H,(See rules 65 and 97),G.S.R. 360(E),01-07-2024,,502-509,"Note: —1. Preparations exempted under proviso to para 2 of Note to Schedule X shall also be covered by this Schedule.
2. The salts, esters, derivatives and preparations containing the above substances excluding those intended for topical or external use (except ophthalmic and ear/nose preparations containing antibiotics and/or steroids) are also covered by this Schedule.
3. The inclusion of a substance in this Schedule does not imply or convey that the substance is exempted from the provisions of Rule 122A/122B.]
1122[4. The salts, esters, derivatives and preparations containing 1123[steroids or Hydroquinone] for topical or external use shall also be covered under this Schedule.
1124[5. Notwithstanding anything contained in these rules, the provisions of rule 65 and rule 97 in respect or drugs specified from serial number 538 to serial number 551 inserted vide Notification number G.S.R. 277(E), dated 23rd March, 2018 published in the Gazette of India, Extraordinary, Part II, Section
Central Drugs Standard Control Organization, Ministry of Health and Family Welfare, Govt. of India Page 510 of 963
(3), Sub-section (i) shall be on voluntary basis for a period commencing on the day on which this notification shall come into force and ending on the 31st March, 2019 and thereafter shall be mandatory.]",
429,Reboxetine,SCHEDULE H,(See rules 65 and 97),G.S.R. 360(E),01-07-2024,,502-509,"Note: —1. Preparations exempted under proviso to para 2 of Note to Schedule X shall also be covered by this Schedule.
2. The salts, esters, derivatives and preparations containing the above substances excluding those intended for topical or external use (except ophthalmic and ear/nose preparations containing antibiotics and/or steroids) are also covered by this Schedule.
3. The inclusion of a substance in this Schedule does not imply or convey that the substance is exempted from the provisions of Rule 122A/122B.]
1122[4. The salts, esters, derivatives and preparations containing 1123[steroids or Hydroquinone] for topical or external use shall also be covered under this Schedule.
1124[5. Notwithstanding anything contained in these rules, the provisions of rule 65 and rule 97 in respect or drugs specified from serial number 538 to serial number 551 inserted vide Notification number G.S.R. 277(E), dated 23rd March, 2018 published in the Gazette of India, Extraordinary, Part II, Section
Central Drugs Standard Control Organization, Ministry of Health and Family Welfare, Govt. of India Page 510 of 963
(3), Sub-section (i) shall be on voluntary basis for a period commencing on the day on which this notification shall come into force and ending on the 31st March, 2019 and thereafter shall be mandatory.]",
430,Repaglinide,SCHEDULE H,(See rules 65 and 97),G.S.R. 360(E),01-07-2024,,502-509,"Note: —1. Preparations exempted under proviso to para 2 of Note to Schedule X shall also be covered by this Schedule.
2. The salts, esters, derivatives and preparations containing the above substances excluding those intended for topical or external use (except ophthalmic and ear/nose preparations containing antibiotics and/or steroids) are also covered by this Schedule.
3. The inclusion of a substance in this Schedule does not imply or convey that the substance is exempted from the provisions of Rule 122A/122B.]
1122[4. The salts, esters, derivatives and preparations containing 1123[steroids or Hydroquinone] for topical or external use shall also be covered under this Schedule.
1124[5. Notwithstanding anything contained in these rules, the provisions of rule 65 and rule 97 in respect or drugs specified from serial number 538 to serial number 551 inserted vide Notification number G.S.R. 277(E), dated 23rd March, 2018 published in the Gazette of India, Extraordinary, Part II, Section
Central Drugs Standard Control Organization, Ministry of Health and Family Welfare, Govt. of India Page 510 of 963
(3), Sub-section (i) shall be on voluntary basis for a period commencing on the day on which this notification shall come into force and ending on the 31st March, 2019 and thereafter shall be mandatory.]",
431,Reproterol Hydrochloride,SCHEDULE H,(See rules 65 and 97),G.S.R. 360(E),01-07-2024,,502-509,"Note: —1. Preparations exempted under proviso to para 2 of Note to Schedule X shall also be covered by this Schedule.
2. The salts, esters, derivatives and preparations containing the above substances excluding those intended for topical or external use (except ophthalmic and ear/nose preparations containing antibiotics and/or steroids) are also covered by this Schedule.
3. The inclusion of a substance in this Schedule does not imply or convey that the substance is exempted from the provisions of Rule 122A/122B.]
1122[4. The salts, esters, derivatives and preparations containing 1123[steroids or Hydroquinone] for topical or external use shall also be covered under this Schedule.
1124[5. Notwithstanding anything contained in these rules, the provisions of rule 65 and rule 97 in respect or drugs specified from serial number 538 to serial number 551 inserted vide Notification number G.S.R. 277(E), dated 23rd March, 2018 published in the Gazette of India, Extraordinary, Part II, Section
Central Drugs Standard Control Organization, Ministry of Health and Family Welfare, Govt. of India Page 510 of 963
(3), Sub-section (i) shall be on voluntary basis for a period commencing on the day on which this notification shall come into force and ending on the 31st March, 2019 and thereafter shall be mandatory.]",
432,Rilmenidine,SCHEDULE H,(See rules 65 and 97),G.S.R. 360(E),01-07-2024,,502-509,"Note: —1. Preparations exempted under proviso to para 2 of Note to Schedule X shall also be covered by this Schedule.
2. The salts, esters, derivatives and preparations containing the above substances excluding those intended for topical or external use (except ophthalmic and ear/nose preparations containing antibiotics and/or steroids) are also covered by this Schedule.
3. The inclusion of a substance in this Schedule does not imply or convey that the substance is exempted from the provisions of Rule 122A/122B.]
1122[4. The salts, esters, derivatives and preparations containing 1123[steroids or Hydroquinone] for topical or external use shall also be covered under this Schedule.
1124[5. Notwithstanding anything contained in these rules, the provisions of rule 65 and rule 97 in respect or drugs specified from serial number 538 to serial number 551 inserted vide Notification number G.S.R. 277(E), dated 23rd March, 2018 published in the Gazette of India, Extraordinary, Part II, Section
Central Drugs Standard Control Organization, Ministry of Health and Family Welfare, Govt. of India Page 510 of 963
(3), Sub-section (i) shall be on voluntary basis for a period commencing on the day on which this notification shall come into force and ending on the 31st March, 2019 and thereafter shall be mandatory.]",
433,Riluzone,SCHEDULE H,(See rules 65 and 97),G.S.R. 360(E),01-07-2024,,502-509,"Note: —1. Preparations exempted under proviso to para 2 of Note to Schedule X shall also be covered by this Schedule.
2. The salts, esters, derivatives and preparations containing the above substances excluding those intended for topical or external use (except ophthalmic and ear/nose preparations containing antibiotics and/or steroids) are also covered by this Schedule.
3. The inclusion of a substance in this Schedule does not imply or convey that the substance is exempted from the provisions of Rule 122A/122B.]
1122[4. The salts, esters, derivatives and preparations containing 1123[steroids or Hydroquinone] for topical or external use shall also be covered under this Schedule.
1124[5. Notwithstanding anything contained in these rules, the provisions of rule 65 and rule 97 in respect or drugs specified from serial number 538 to serial number 551 inserted vide Notification number G.S.R. 277(E), dated 23rd March, 2018 published in the Gazette of India, Extraordinary, Part II, Section
Central Drugs Standard Control Organization, Ministry of Health and Family Welfare, Govt. of India Page 510 of 963
(3), Sub-section (i) shall be on voluntary basis for a period commencing on the day on which this notification shall come into force and ending on the 31st March, 2019 and thereafter shall be mandatory.]",
434,Risperidone,SCHEDULE H,(See rules 65 and 97),G.S.R. 360(E),01-07-2024,,502-509,"Note: —1. Preparations exempted under proviso to para 2 of Note to Schedule X shall also be covered by this Schedule.
2. The salts, esters, derivatives and preparations containing the above substances excluding those intended for topical or external use (except ophthalmic and ear/nose preparations containing antibiotics and/or steroids) are also covered by this Schedule.
3. The inclusion of a substance in this Schedule does not imply or convey that the substance is exempted from the provisions of Rule 122A/122B.]
1122[4. The salts, esters, derivatives and preparations containing 1123[steroids or Hydroquinone] for topical or external use shall also be covered under this Schedule.
1124[5. Notwithstanding anything contained in these rules, the provisions of rule 65 and rule 97 in respect or drugs specified from serial number 538 to serial number 551 inserted vide Notification number G.S.R. 277(E), dated 23rd March, 2018 published in the Gazette of India, Extraordinary, Part II, Section
Central Drugs Standard Control Organization, Ministry of Health and Family Welfare, Govt. of India Page 510 of 963
(3), Sub-section (i) shall be on voluntary basis for a period commencing on the day on which this notification shall come into force and ending on the 31st March, 2019 and thereafter shall be mandatory.]",
435,Ritonavir,SCHEDULE H,(See rules 65 and 97),G.S.R. 360(E),01-07-2024,,502-509,"Note: —1. Preparations exempted under proviso to para 2 of Note to Schedule X shall also be covered by this Schedule.
2. The salts, esters, derivatives and preparations containing the above substances excluding those intended for topical or external use (except ophthalmic and ear/nose preparations containing antibiotics and/or steroids) are also covered by this Schedule.
3. The inclusion of a substance in this Schedule does not imply or convey that the substance is exempted from the provisions of Rule 122A/122B.]
1122[4. The salts, esters, derivatives and preparations containing 1123[steroids or Hydroquinone] for topical or external use shall also be covered under this Schedule.
1124[5. Notwithstanding anything contained in these rules, the provisions of rule 65 and rule 97 in respect or drugs specified from serial number 538 to serial number 551 inserted vide Notification number G.S.R. 277(E), dated 23rd March, 2018 published in the Gazette of India, Extraordinary, Part II, Section
Central Drugs Standard Control Organization, Ministry of Health and Family Welfare, Govt. of India Page 510 of 963
(3), Sub-section (i) shall be on voluntary basis for a period commencing on the day on which this notification shall come into force and ending on the 31st March, 2019 and thereafter shall be mandatory.]",
436,Ritodrine hydrochloride,SCHEDULE H,(See rules 65 and 97),G.S.R. 360(E),01-07-2024,,502-509,"Note: —1. Preparations exempted under proviso to para 2 of Note to Schedule X shall also be covered by this Schedule.
2. The salts, esters, derivatives and preparations containing the above substances excluding those intended for topical or external use (except ophthalmic and ear/nose preparations containing antibiotics and/or steroids) are also covered by this Schedule.
3. The inclusion of a substance in this Schedule does not imply or convey that the substance is exempted from the provisions of Rule 122A/122B.]
1122[4. The salts, esters, derivatives and preparations containing 1123[steroids or Hydroquinone] for topical or external use shall also be covered under this Schedule.
1124[5. Notwithstanding anything contained in these rules, the provisions of rule 65 and rule 97 in respect or drugs specified from serial number 538 to serial number 551 inserted vide Notification number G.S.R. 277(E), dated 23rd March, 2018 published in the Gazette of India, Extraordinary, Part II, Section
Central Drugs Standard Control Organization, Ministry of Health and Family Welfare, Govt. of India Page 510 of 963
(3), Sub-section (i) shall be on voluntary basis for a period commencing on the day on which this notification shall come into force and ending on the 31st March, 2019 and thereafter shall be mandatory.]",
437,Rituximab,SCHEDULE H,(See rules 65 and 97),G.S.R. 360(E),01-07-2024,,502-509,"Note: —1. Preparations exempted under proviso to para 2 of Note to Schedule X shall also be covered by this Schedule.
2. The salts, esters, derivatives and preparations containing the above substances excluding those intended for topical or external use (except ophthalmic and ear/nose preparations containing antibiotics and/or steroids) are also covered by this Schedule.
3. The inclusion of a substance in this Schedule does not imply or convey that the substance is exempted from the provisions of Rule 122A/122B.]
1122[4. The salts, esters, derivatives and preparations containing 1123[steroids or Hydroquinone] for topical or external use shall also be covered under this Schedule.
1124[5. Notwithstanding anything contained in these rules, the provisions of rule 65 and rule 97 in respect or drugs specified from serial number 538 to serial number 551 inserted vide Notification number G.S.R. 277(E), dated 23rd March, 2018 published in the Gazette of India, Extraordinary, Part II, Section
Central Drugs Standard Control Organization, Ministry of Health and Family Welfare, Govt. of India Page 510 of 963
(3), Sub-section (i) shall be on voluntary basis for a period commencing on the day on which this notification shall come into force and ending on the 31st March, 2019 and thereafter shall be mandatory.]",
438,Rivastigmine,SCHEDULE H,(See rules 65 and 97),G.S.R. 360(E),01-07-2024,,502-509,"Note: —1. Preparations exempted under proviso to para 2 of Note to Schedule X shall also be covered by this Schedule.
2. The salts, esters, derivatives and preparations containing the above substances excluding those intended for topical or external use (except ophthalmic and ear/nose preparations containing antibiotics and/or steroids) are also covered by this Schedule.
3. The inclusion of a substance in this Schedule does not imply or convey that the substance is exempted from the provisions of Rule 122A/122B.]
1122[4. The salts, esters, derivatives and preparations containing 1123[steroids or Hydroquinone] for topical or external use shall also be covered under this Schedule.
1124[5. Notwithstanding anything contained in these rules, the provisions of rule 65 and rule 97 in respect or drugs specified from serial number 538 to serial number 551 inserted vide Notification number G.S.R. 277(E), dated 23rd March, 2018 published in the Gazette of India, Extraordinary, Part II, Section
Central Drugs Standard Control Organization, Ministry of Health and Family Welfare, Govt. of India Page 510 of 963
(3), Sub-section (i) shall be on voluntary basis for a period commencing on the day on which this notification shall come into force and ending on the 31st March, 2019 and thereafter shall be mandatory.]",
439,Rocuronium bromide,SCHEDULE H,(See rules 65 and 97),G.S.R. 360(E),01-07-2024,,502-509,"Note: —1. Preparations exempted under proviso to para 2 of Note to Schedule X shall also be covered by this Schedule.
2. The salts, esters, derivatives and preparations containing the above substances excluding those intended for topical or external use (except ophthalmic and ear/nose preparations containing antibiotics and/or steroids) are also covered by this Schedule.
3. The inclusion of a substance in this Schedule does not imply or convey that the substance is exempted from the provisions of Rule 122A/122B.]
1122[4. The salts, esters, derivatives and preparations containing 1123[steroids or Hydroquinone] for topical or external use shall also be covered under this Schedule.
1124[5. Notwithstanding anything contained in these rules, the provisions of rule 65 and rule 97 in respect or drugs specified from serial number 538 to serial number 551 inserted vide Notification number G.S.R. 277(E), dated 23rd March, 2018 published in the Gazette of India, Extraordinary, Part II, Section
Central Drugs Standard Control Organization, Ministry of Health and Family Welfare, Govt. of India Page 510 of 963
(3), Sub-section (i) shall be on voluntary basis for a period commencing on the day on which this notification shall come into force and ending on the 31st March, 2019 and thereafter shall be mandatory.]",
440,Ropinirole,SCHEDULE H,(See rules 65 and 97),G.S.R. 360(E),01-07-2024,,502-509,"Note: —1. Preparations exempted under proviso to para 2 of Note to Schedule X shall also be covered by this Schedule.
2. The salts, esters, derivatives and preparations containing the above substances excluding those intended for topical or external use (except ophthalmic and ear/nose preparations containing antibiotics and/or steroids) are also covered by this Schedule.
3. The inclusion of a substance in this Schedule does not imply or convey that the substance is exempted from the provisions of Rule 122A/122B.]
1122[4. The salts, esters, derivatives and preparations containing 1123[steroids or Hydroquinone] for topical or external use shall also be covered under this Schedule.
1124[5. Notwithstanding anything contained in these rules, the provisions of rule 65 and rule 97 in respect or drugs specified from serial number 538 to serial number 551 inserted vide Notification number G.S.R. 277(E), dated 23rd March, 2018 published in the Gazette of India, Extraordinary, Part II, Section
Central Drugs Standard Control Organization, Ministry of Health and Family Welfare, Govt. of India Page 510 of 963
(3), Sub-section (i) shall be on voluntary basis for a period commencing on the day on which this notification shall come into force and ending on the 31st March, 2019 and thereafter shall be mandatory.]",
441,Rosoxacin,SCHEDULE H,(See rules 65 and 97),G.S.R. 360(E),01-07-2024,,502-509,"Note: —1. Preparations exempted under proviso to para 2 of Note to Schedule X shall also be covered by this Schedule.
2. The salts, esters, derivatives and preparations containing the above substances excluding those intended for topical or external use (except ophthalmic and ear/nose preparations containing antibiotics and/or steroids) are also covered by this Schedule.
3. The inclusion of a substance in this Schedule does not imply or convey that the substance is exempted from the provisions of Rule 122A/122B.]
1122[4. The salts, esters, derivatives and preparations containing 1123[steroids or Hydroquinone] for topical or external use shall also be covered under this Schedule.
1124[5. Notwithstanding anything contained in these rules, the provisions of rule 65 and rule 97 in respect or drugs specified from serial number 538 to serial number 551 inserted vide Notification number G.S.R. 277(E), dated 23rd March, 2018 published in the Gazette of India, Extraordinary, Part II, Section
Central Drugs Standard Control Organization, Ministry of Health and Family Welfare, Govt. of India Page 510 of 963
(3), Sub-section (i) shall be on voluntary basis for a period commencing on the day on which this notification shall come into force and ending on the 31st March, 2019 and thereafter shall be mandatory.]",
442,Rosiglitazone meleate,SCHEDULE H,(See rules 65 and 97),G.S.R. 360(E),01-07-2024,,502-509,"Note: —1. Preparations exempted under proviso to para 2 of Note to Schedule X shall also be covered by this Schedule.
2. The salts, esters, derivatives and preparations containing the above substances excluding those intended for topical or external use (except ophthalmic and ear/nose preparations containing antibiotics and/or steroids) are also covered by this Schedule.
3. The inclusion of a substance in this Schedule does not imply or convey that the substance is exempted from the provisions of Rule 122A/122B.]
1122[4. The salts, esters, derivatives and preparations containing 1123[steroids or Hydroquinone] for topical or external use shall also be covered under this Schedule.
1124[5. Notwithstanding anything contained in these rules, the provisions of rule 65 and rule 97 in respect or drugs specified from serial number 538 to serial number 551 inserted vide Notification number G.S.R. 277(E), dated 23rd March, 2018 published in the Gazette of India, Extraordinary, Part II, Section
Central Drugs Standard Control Organization, Ministry of Health and Family Welfare, Govt. of India Page 510 of 963
(3), Sub-section (i) shall be on voluntary basis for a period commencing on the day on which this notification shall come into force and ending on the 31st March, 2019 and thereafter shall be mandatory.]",
443,Salbutamol sulphate,SCHEDULE H,(See rules 65 and 97),G.S.R. 360(E),01-07-2024,,502-509,"Note: —1. Preparations exempted under proviso to para 2 of Note to Schedule X shall also be covered by this Schedule.
2. The salts, esters, derivatives and preparations containing the above substances excluding those intended for topical or external use (except ophthalmic and ear/nose preparations containing antibiotics and/or steroids) are also covered by this Schedule.
3. The inclusion of a substance in this Schedule does not imply or convey that the substance is exempted from the provisions of Rule 122A/122B.]
1122[4. The salts, esters, derivatives and preparations containing 1123[steroids or Hydroquinone] for topical or external use shall also be covered under this Schedule.
1124[5. Notwithstanding anything contained in these rules, the provisions of rule 65 and rule 97 in respect or drugs specified from serial number 538 to serial number 551 inserted vide Notification number G.S.R. 277(E), dated 23rd March, 2018 published in the Gazette of India, Extraordinary, Part II, Section
Central Drugs Standard Control Organization, Ministry of Health and Family Welfare, Govt. of India Page 510 of 963
(3), Sub-section (i) shall be on voluntary basis for a period commencing on the day on which this notification shall come into force and ending on the 31st March, 2019 and thereafter shall be mandatory.]",
444,Salicyl-azo-sulphapyridine,SCHEDULE H,(See rules 65 and 97),G.S.R. 360(E),01-07-2024,,502-509,"Note: —1. Preparations exempted under proviso to para 2 of Note to Schedule X shall also be covered by this Schedule.
2. The salts, esters, derivatives and preparations containing the above substances excluding those intended for topical or external use (except ophthalmic and ear/nose preparations containing antibiotics and/or steroids) are also covered by this Schedule.
3. The inclusion of a substance in this Schedule does not imply or convey that the substance is exempted from the provisions of Rule 122A/122B.]
1122[4. The salts, esters, derivatives and preparations containing 1123[steroids or Hydroquinone] for topical or external use shall also be covered under this Schedule.
1124[5. Notwithstanding anything contained in these rules, the provisions of rule 65 and rule 97 in respect or drugs specified from serial number 538 to serial number 551 inserted vide Notification number G.S.R. 277(E), dated 23rd March, 2018 published in the Gazette of India, Extraordinary, Part II, Section
Central Drugs Standard Control Organization, Ministry of Health and Family Welfare, Govt. of India Page 510 of 963
(3), Sub-section (i) shall be on voluntary basis for a period commencing on the day on which this notification shall come into force and ending on the 31st March, 2019 and thereafter shall be mandatory.]",
445,Salmon calcitonin,SCHEDULE H,(See rules 65 and 97),G.S.R. 360(E),01-07-2024,,502-509,"Note: —1. Preparations exempted under proviso to para 2 of Note to Schedule X shall also be covered by this Schedule.
2. The salts, esters, derivatives and preparations containing the above substances excluding those intended for topical or external use (except ophthalmic and ear/nose preparations containing antibiotics and/or steroids) are also covered by this Schedule.
3. The inclusion of a substance in this Schedule does not imply or convey that the substance is exempted from the provisions of Rule 122A/122B.]
1122[4. The salts, esters, derivatives and preparations containing 1123[steroids or Hydroquinone] for topical or external use shall also be covered under this Schedule.
1124[5. Notwithstanding anything contained in these rules, the provisions of rule 65 and rule 97 in respect or drugs specified from serial number 538 to serial number 551 inserted vide Notification number G.S.R. 277(E), dated 23rd March, 2018 published in the Gazette of India, Extraordinary, Part II, Section
Central Drugs Standard Control Organization, Ministry of Health and Family Welfare, Govt. of India Page 510 of 963
(3), Sub-section (i) shall be on voluntary basis for a period commencing on the day on which this notification shall come into force and ending on the 31st March, 2019 and thereafter shall be mandatory.]",
446,Saquinavir,SCHEDULE H,(See rules 65 and 97),G.S.R. 360(E),01-07-2024,,502-509,"Note: —1. Preparations exempted under proviso to para 2 of Note to Schedule X shall also be covered by this Schedule.
2. The salts, esters, derivatives and preparations containing the above substances excluding those intended for topical or external use (except ophthalmic and ear/nose preparations containing antibiotics and/or steroids) are also covered by this Schedule.
3. The inclusion of a substance in this Schedule does not imply or convey that the substance is exempted from the provisions of Rule 122A/122B.]
1122[4. The salts, esters, derivatives and preparations containing 1123[steroids or Hydroquinone] for topical or external use shall also be covered under this Schedule.
1124[5. Notwithstanding anything contained in these rules, the provisions of rule 65 and rule 97 in respect or drugs specified from serial number 538 to serial number 551 inserted vide Notification number G.S.R. 277(E), dated 23rd March, 2018 published in the Gazette of India, Extraordinary, Part II, Section
Central Drugs Standard Control Organization, Ministry of Health and Family Welfare, Govt. of India Page 510 of 963
(3), Sub-section (i) shall be on voluntary basis for a period commencing on the day on which this notification shall come into force and ending on the 31st March, 2019 and thereafter shall be mandatory.]",
447,Satranidazole,SCHEDULE H,(See rules 65 and 97),G.S.R. 360(E),01-07-2024,,502-509,"Note: —1. Preparations exempted under proviso to para 2 of Note to Schedule X shall also be covered by this Schedule.
2. The salts, esters, derivatives and preparations containing the above substances excluding those intended for topical or external use (except ophthalmic and ear/nose preparations containing antibiotics and/or steroids) are also covered by this Schedule.
3. The inclusion of a substance in this Schedule does not imply or convey that the substance is exempted from the provisions of Rule 122A/122B.]
1122[4. The salts, esters, derivatives and preparations containing 1123[steroids or Hydroquinone] for topical or external use shall also be covered under this Schedule.
1124[5. Notwithstanding anything contained in these rules, the provisions of rule 65 and rule 97 in respect or drugs specified from serial number 538 to serial number 551 inserted vide Notification number G.S.R. 277(E), dated 23rd March, 2018 published in the Gazette of India, Extraordinary, Part II, Section
Central Drugs Standard Control Organization, Ministry of Health and Family Welfare, Govt. of India Page 510 of 963
(3), Sub-section (i) shall be on voluntary basis for a period commencing on the day on which this notification shall come into force and ending on the 31st March, 2019 and thereafter shall be mandatory.]",
448,Secnidazole,SCHEDULE H,(See rules 65 and 97),G.S.R. 360(E),01-07-2024,,502-509,"Note: —1. Preparations exempted under proviso to para 2 of Note to Schedule X shall also be covered by this Schedule.
2. The salts, esters, derivatives and preparations containing the above substances excluding those intended for topical or external use (except ophthalmic and ear/nose preparations containing antibiotics and/or steroids) are also covered by this Schedule.
3. The inclusion of a substance in this Schedule does not imply or convey that the substance is exempted from the provisions of Rule 122A/122B.]
1122[4. The salts, esters, derivatives and preparations containing 1123[steroids or Hydroquinone] for topical or external use shall also be covered under this Schedule.
1124[5. Notwithstanding anything contained in these rules, the provisions of rule 65 and rule 97 in respect or drugs specified from serial number 538 to serial number 551 inserted vide Notification number G.S.R. 277(E), dated 23rd March, 2018 published in the Gazette of India, Extraordinary, Part II, Section
Central Drugs Standard Control Organization, Ministry of Health and Family Welfare, Govt. of India Page 510 of 963
(3), Sub-section (i) shall be on voluntary basis for a period commencing on the day on which this notification shall come into force and ending on the 31st March, 2019 and thereafter shall be mandatory.]",
449,Septopal beads & chains,SCHEDULE H,(See rules 65 and 97),G.S.R. 360(E),01-07-2024,,502-509,"Note: —1. Preparations exempted under proviso to para 2 of Note to Schedule X shall also be covered by this Schedule.
2. The salts, esters, derivatives and preparations containing the above substances excluding those intended for topical or external use (except ophthalmic and ear/nose preparations containing antibiotics and/or steroids) are also covered by this Schedule.
3. The inclusion of a substance in this Schedule does not imply or convey that the substance is exempted from the provisions of Rule 122A/122B.]
1122[4. The salts, esters, derivatives and preparations containing 1123[steroids or Hydroquinone] for topical or external use shall also be covered under this Schedule.
1124[5. Notwithstanding anything contained in these rules, the provisions of rule 65 and rule 97 in respect or drugs specified from serial number 538 to serial number 551 inserted vide Notification number G.S.R. 277(E), dated 23rd March, 2018 published in the Gazette of India, Extraordinary, Part II, Section
Central Drugs Standard Control Organization, Ministry of Health and Family Welfare, Govt. of India Page 510 of 963
(3), Sub-section (i) shall be on voluntary basis for a period commencing on the day on which this notification shall come into force and ending on the 31st March, 2019 and thereafter shall be mandatory.]",
450,Serratiopeptidase,SCHEDULE H,(See rules 65 and 97),G.S.R. 360(E),01-07-2024,,502-509,"Note: —1. Preparations exempted under proviso to para 2 of Note to Schedule X shall also be covered by this Schedule.
2. The salts, esters, derivatives and preparations containing the above substances excluding those intended for topical or external use (except ophthalmic and ear/nose preparations containing antibiotics and/or steroids) are also covered by this Schedule.
3. The inclusion of a substance in this Schedule does not imply or convey that the substance is exempted from the provisions of Rule 122A/122B.]
1122[4. The salts, esters, derivatives and preparations containing 1123[steroids or Hydroquinone] for topical or external use shall also be covered under this Schedule.
1124[5. Notwithstanding anything contained in these rules, the provisions of rule 65 and rule 97 in respect or drugs specified from serial number 538 to serial number 551 inserted vide Notification number G.S.R. 277(E), dated 23rd March, 2018 published in the Gazette of India, Extraordinary, Part II, Section
Central Drugs Standard Control Organization, Ministry of Health and Family Welfare, Govt. of India Page 510 of 963
(3), Sub-section (i) shall be on voluntary basis for a period commencing on the day on which this notification shall come into force and ending on the 31st March, 2019 and thereafter shall be mandatory.]",
451,Sertraline hydrochloride,SCHEDULE H,(See rules 65 and 97),G.S.R. 360(E),01-07-2024,,502-509,"Note: —1. Preparations exempted under proviso to para 2 of Note to Schedule X shall also be covered by this Schedule.
2. The salts, esters, derivatives and preparations containing the above substances excluding those intended for topical or external use (except ophthalmic and ear/nose preparations containing antibiotics and/or steroids) are also covered by this Schedule.
3. The inclusion of a substance in this Schedule does not imply or convey that the substance is exempted from the provisions of Rule 122A/122B.]
1122[4. The salts, esters, derivatives and preparations containing 1123[steroids or Hydroquinone] for topical or external use shall also be covered under this Schedule.
1124[5. Notwithstanding anything contained in these rules, the provisions of rule 65 and rule 97 in respect or drugs specified from serial number 538 to serial number 551 inserted vide Notification number G.S.R. 277(E), dated 23rd March, 2018 published in the Gazette of India, Extraordinary, Part II, Section
Central Drugs Standard Control Organization, Ministry of Health and Family Welfare, Govt. of India Page 510 of 963
(3), Sub-section (i) shall be on voluntary basis for a period commencing on the day on which this notification shall come into force and ending on the 31st March, 2019 and thereafter shall be mandatory.]",
452,Sibutramine hydrochloride,SCHEDULE H,(See rules 65 and 97),G.S.R. 360(E),01-07-2024,,502-509,"Note: —1. Preparations exempted under proviso to para 2 of Note to Schedule X shall also be covered by this Schedule.
2. The salts, esters, derivatives and preparations containing the above substances excluding those intended for topical or external use (except ophthalmic and ear/nose preparations containing antibiotics and/or steroids) are also covered by this Schedule.
3. The inclusion of a substance in this Schedule does not imply or convey that the substance is exempted from the provisions of Rule 122A/122B.]
1122[4. The salts, esters, derivatives and preparations containing 1123[steroids or Hydroquinone] for topical or external use shall also be covered under this Schedule.
1124[5. Notwithstanding anything contained in these rules, the provisions of rule 65 and rule 97 in respect or drugs specified from serial number 538 to serial number 551 inserted vide Notification number G.S.R. 277(E), dated 23rd March, 2018 published in the Gazette of India, Extraordinary, Part II, Section
Central Drugs Standard Control Organization, Ministry of Health and Family Welfare, Govt. of India Page 510 of 963
(3), Sub-section (i) shall be on voluntary basis for a period commencing on the day on which this notification shall come into force and ending on the 31st March, 2019 and thereafter shall be mandatory.]",
453,Sildenafil citrate,SCHEDULE H,(See rules 65 and 97),G.S.R. 360(E),01-07-2024,,502-509,"Note: —1. Preparations exempted under proviso to para 2 of Note to Schedule X shall also be covered by this Schedule.
2. The salts, esters, derivatives and preparations containing the above substances excluding those intended for topical or external use (except ophthalmic and ear/nose preparations containing antibiotics and/or steroids) are also covered by this Schedule.
3. The inclusion of a substance in this Schedule does not imply or convey that the substance is exempted from the provisions of Rule 122A/122B.]
1122[4. The salts, esters, derivatives and preparations containing 1123[steroids or Hydroquinone] for topical or external use shall also be covered under this Schedule.
1124[5. Notwithstanding anything contained in these rules, the provisions of rule 65 and rule 97 in respect or drugs specified from serial number 538 to serial number 551 inserted vide Notification number G.S.R. 277(E), dated 23rd March, 2018 published in the Gazette of India, Extraordinary, Part II, Section
Central Drugs Standard Control Organization, Ministry of Health and Family Welfare, Govt. of India Page 510 of 963
(3), Sub-section (i) shall be on voluntary basis for a period commencing on the day on which this notification shall come into force and ending on the 31st March, 2019 and thereafter shall be mandatory.]",
454,Simvastatin,SCHEDULE H,(See rules 65 and 97),G.S.R. 360(E),01-07-2024,,502-509,"Note: —1. Preparations exempted under proviso to para 2 of Note to Schedule X shall also be covered by this Schedule.
2. The salts, esters, derivatives and preparations containing the above substances excluding those intended for topical or external use (except ophthalmic and ear/nose preparations containing antibiotics and/or steroids) are also covered by this Schedule.
3. The inclusion of a substance in this Schedule does not imply or convey that the substance is exempted from the provisions of Rule 122A/122B.]
1122[4. The salts, esters, derivatives and preparations containing 1123[steroids or Hydroquinone] for topical or external use shall also be covered under this Schedule.
1124[5. Notwithstanding anything contained in these rules, the provisions of rule 65 and rule 97 in respect or drugs specified from serial number 538 to serial number 551 inserted vide Notification number G.S.R. 277(E), dated 23rd March, 2018 published in the Gazette of India, Extraordinary, Part II, Section
Central Drugs Standard Control Organization, Ministry of Health and Family Welfare, Govt. of India Page 510 of 963
(3), Sub-section (i) shall be on voluntary basis for a period commencing on the day on which this notification shall come into force and ending on the 31st March, 2019 and thereafter shall be mandatory.]",
455,Sirolimus,SCHEDULE H,(See rules 65 and 97),G.S.R. 360(E),01-07-2024,,502-509,"Note: —1. Preparations exempted under proviso to para 2 of Note to Schedule X shall also be covered by this Schedule.
2. The salts, esters, derivatives and preparations containing the above substances excluding those intended for topical or external use (except ophthalmic and ear/nose preparations containing antibiotics and/or steroids) are also covered by this Schedule.
3. The inclusion of a substance in this Schedule does not imply or convey that the substance is exempted from the provisions of Rule 122A/122B.]
1122[4. The salts, esters, derivatives and preparations containing 1123[steroids or Hydroquinone] for topical or external use shall also be covered under this Schedule.
1124[5. Notwithstanding anything contained in these rules, the provisions of rule 65 and rule 97 in respect or drugs specified from serial number 538 to serial number 551 inserted vide Notification number G.S.R. 277(E), dated 23rd March, 2018 published in the Gazette of India, Extraordinary, Part II, Section
Central Drugs Standard Control Organization, Ministry of Health and Family Welfare, Govt. of India Page 510 of 963
(3), Sub-section (i) shall be on voluntary basis for a period commencing on the day on which this notification shall come into force and ending on the 31st March, 2019 and thereafter shall be mandatory.]",
456,Sisomicin sulphate,SCHEDULE H,(See rules 65 and 97),G.S.R. 360(E),01-07-2024,,502-509,"Note: —1. Preparations exempted under proviso to para 2 of Note to Schedule X shall also be covered by this Schedule.
2. The salts, esters, derivatives and preparations containing the above substances excluding those intended for topical or external use (except ophthalmic and ear/nose preparations containing antibiotics and/or steroids) are also covered by this Schedule.
3. The inclusion of a substance in this Schedule does not imply or convey that the substance is exempted from the provisions of Rule 122A/122B.]
1122[4. The salts, esters, derivatives and preparations containing 1123[steroids or Hydroquinone] for topical or external use shall also be covered under this Schedule.
1124[5. Notwithstanding anything contained in these rules, the provisions of rule 65 and rule 97 in respect or drugs specified from serial number 538 to serial number 551 inserted vide Notification number G.S.R. 277(E), dated 23rd March, 2018 published in the Gazette of India, Extraordinary, Part II, Section
Central Drugs Standard Control Organization, Ministry of Health and Family Welfare, Govt. of India Page 510 of 963
(3), Sub-section (i) shall be on voluntary basis for a period commencing on the day on which this notification shall come into force and ending on the 31st March, 2019 and thereafter shall be mandatory.]",
457,S-neominophagen,SCHEDULE H,(See rules 65 and 97),G.S.R. 360(E),01-07-2024,,502-509,"Note: —1. Preparations exempted under proviso to para 2 of Note to Schedule X shall also be covered by this Schedule.
2. The salts, esters, derivatives and preparations containing the above substances excluding those intended for topical or external use (except ophthalmic and ear/nose preparations containing antibiotics and/or steroids) are also covered by this Schedule.
3. The inclusion of a substance in this Schedule does not imply or convey that the substance is exempted from the provisions of Rule 122A/122B.]
1122[4. The salts, esters, derivatives and preparations containing 1123[steroids or Hydroquinone] for topical or external use shall also be covered under this Schedule.
1124[5. Notwithstanding anything contained in these rules, the provisions of rule 65 and rule 97 in respect or drugs specified from serial number 538 to serial number 551 inserted vide Notification number G.S.R. 277(E), dated 23rd March, 2018 published in the Gazette of India, Extraordinary, Part II, Section
Central Drugs Standard Control Organization, Ministry of Health and Family Welfare, Govt. of India Page 510 of 963
(3), Sub-section (i) shall be on voluntary basis for a period commencing on the day on which this notification shall come into force and ending on the 31st March, 2019 and thereafter shall be mandatory.]",
458,Sodiumpico sulphate,SCHEDULE H,(See rules 65 and 97),G.S.R. 360(E),01-07-2024,,502-509,"Note: —1. Preparations exempted under proviso to para 2 of Note to Schedule X shall also be covered by this Schedule.
2. The salts, esters, derivatives and preparations containing the above substances excluding those intended for topical or external use (except ophthalmic and ear/nose preparations containing antibiotics and/or steroids) are also covered by this Schedule.
3. The inclusion of a substance in this Schedule does not imply or convey that the substance is exempted from the provisions of Rule 122A/122B.]
1122[4. The salts, esters, derivatives and preparations containing 1123[steroids or Hydroquinone] for topical or external use shall also be covered under this Schedule.
1124[5. Notwithstanding anything contained in these rules, the provisions of rule 65 and rule 97 in respect or drugs specified from serial number 538 to serial number 551 inserted vide Notification number G.S.R. 277(E), dated 23rd March, 2018 published in the Gazette of India, Extraordinary, Part II, Section
Central Drugs Standard Control Organization, Ministry of Health and Family Welfare, Govt. of India Page 510 of 963
(3), Sub-section (i) shall be on voluntary basis for a period commencing on the day on which this notification shall come into force and ending on the 31st March, 2019 and thereafter shall be mandatory.]",
459,Sodium cromoglycate,SCHEDULE H,(See rules 65 and 97),G.S.R. 360(E),01-07-2024,,502-509,"Note: —1. Preparations exempted under proviso to para 2 of Note to Schedule X shall also be covered by this Schedule.
2. The salts, esters, derivatives and preparations containing the above substances excluding those intended for topical or external use (except ophthalmic and ear/nose preparations containing antibiotics and/or steroids) are also covered by this Schedule.
3. The inclusion of a substance in this Schedule does not imply or convey that the substance is exempted from the provisions of Rule 122A/122B.]
1122[4. The salts, esters, derivatives and preparations containing 1123[steroids or Hydroquinone] for topical or external use shall also be covered under this Schedule.
1124[5. Notwithstanding anything contained in these rules, the provisions of rule 65 and rule 97 in respect or drugs specified from serial number 538 to serial number 551 inserted vide Notification number G.S.R. 277(E), dated 23rd March, 2018 published in the Gazette of India, Extraordinary, Part II, Section
Central Drugs Standard Control Organization, Ministry of Health and Family Welfare, Govt. of India Page 510 of 963
(3), Sub-section (i) shall be on voluntary basis for a period commencing on the day on which this notification shall come into force and ending on the 31st March, 2019 and thereafter shall be mandatory.]",
460,Sodium hyaluronate,SCHEDULE H,(See rules 65 and 97),G.S.R. 360(E),01-07-2024,,502-509,"Note: —1. Preparations exempted under proviso to para 2 of Note to Schedule X shall also be covered by this Schedule.
2. The salts, esters, derivatives and preparations containing the above substances excluding those intended for topical or external use (except ophthalmic and ear/nose preparations containing antibiotics and/or steroids) are also covered by this Schedule.
3. The inclusion of a substance in this Schedule does not imply or convey that the substance is exempted from the provisions of Rule 122A/122B.]
1122[4. The salts, esters, derivatives and preparations containing 1123[steroids or Hydroquinone] for topical or external use shall also be covered under this Schedule.
1124[5. Notwithstanding anything contained in these rules, the provisions of rule 65 and rule 97 in respect or drugs specified from serial number 538 to serial number 551 inserted vide Notification number G.S.R. 277(E), dated 23rd March, 2018 published in the Gazette of India, Extraordinary, Part II, Section
Central Drugs Standard Control Organization, Ministry of Health and Family Welfare, Govt. of India Page 510 of 963
(3), Sub-section (i) shall be on voluntary basis for a period commencing on the day on which this notification shall come into force and ending on the 31st March, 2019 and thereafter shall be mandatory.]",
461,Sodium valproate,SCHEDULE H,(See rules 65 and 97),G.S.R. 360(E),01-07-2024,,502-509,"Note: —1. Preparations exempted under proviso to para 2 of Note to Schedule X shall also be covered by this Schedule.
2. The salts, esters, derivatives and preparations containing the above substances excluding those intended for topical or external use (except ophthalmic and ear/nose preparations containing antibiotics and/or steroids) are also covered by this Schedule.
3. The inclusion of a substance in this Schedule does not imply or convey that the substance is exempted from the provisions of Rule 122A/122B.]
1122[4. The salts, esters, derivatives and preparations containing 1123[steroids or Hydroquinone] for topical or external use shall also be covered under this Schedule.
1124[5. Notwithstanding anything contained in these rules, the provisions of rule 65 and rule 97 in respect or drugs specified from serial number 538 to serial number 551 inserted vide Notification number G.S.R. 277(E), dated 23rd March, 2018 published in the Gazette of India, Extraordinary, Part II, Section
Central Drugs Standard Control Organization, Ministry of Health and Family Welfare, Govt. of India Page 510 of 963
(3), Sub-section (i) shall be on voluntary basis for a period commencing on the day on which this notification shall come into force and ending on the 31st March, 2019 and thereafter shall be mandatory.]",
462,Sodium and maglumine iothalamates,SCHEDULE H,(See rules 65 and 97),G.S.R. 360(E),01-07-2024,,502-509,"Note: —1. Preparations exempted under proviso to para 2 of Note to Schedule X shall also be covered by this Schedule.
2. The salts, esters, derivatives and preparations containing the above substances excluding those intended for topical or external use (except ophthalmic and ear/nose preparations containing antibiotics and/or steroids) are also covered by this Schedule.
3. The inclusion of a substance in this Schedule does not imply or convey that the substance is exempted from the provisions of Rule 122A/122B.]
1122[4. The salts, esters, derivatives and preparations containing 1123[steroids or Hydroquinone] for topical or external use shall also be covered under this Schedule.
1124[5. Notwithstanding anything contained in these rules, the provisions of rule 65 and rule 97 in respect or drugs specified from serial number 538 to serial number 551 inserted vide Notification number G.S.R. 277(E), dated 23rd March, 2018 published in the Gazette of India, Extraordinary, Part II, Section
Central Drugs Standard Control Organization, Ministry of Health and Family Welfare, Govt. of India Page 510 of 963
(3), Sub-section (i) shall be on voluntary basis for a period commencing on the day on which this notification shall come into force and ending on the 31st March, 2019 and thereafter shall be mandatory.]",
463,Somatostatin,SCHEDULE H,(See rules 65 and 97),G.S.R. 360(E),01-07-2024,,502-509,"Note: —1. Preparations exempted under proviso to para 2 of Note to Schedule X shall also be covered by this Schedule.
2. The salts, esters, derivatives and preparations containing the above substances excluding those intended for topical or external use (except ophthalmic and ear/nose preparations containing antibiotics and/or steroids) are also covered by this Schedule.
3. The inclusion of a substance in this Schedule does not imply or convey that the substance is exempted from the provisions of Rule 122A/122B.]
1122[4. The salts, esters, derivatives and preparations containing 1123[steroids or Hydroquinone] for topical or external use shall also be covered under this Schedule.
1124[5. Notwithstanding anything contained in these rules, the provisions of rule 65 and rule 97 in respect or drugs specified from serial number 538 to serial number 551 inserted vide Notification number G.S.R. 277(E), dated 23rd March, 2018 published in the Gazette of India, Extraordinary, Part II, Section
Central Drugs Standard Control Organization, Ministry of Health and Family Welfare, Govt. of India Page 510 of 963
(3), Sub-section (i) shall be on voluntary basis for a period commencing on the day on which this notification shall come into force and ending on the 31st March, 2019 and thereafter shall be mandatory.]",
464,Somatotropin,SCHEDULE H,(See rules 65 and 97),G.S.R. 360(E),01-07-2024,,502-509,"Note: —1. Preparations exempted under proviso to para 2 of Note to Schedule X shall also be covered by this Schedule.
2. The salts, esters, derivatives and preparations containing the above substances excluding those intended for topical or external use (except ophthalmic and ear/nose preparations containing antibiotics and/or steroids) are also covered by this Schedule.
3. The inclusion of a substance in this Schedule does not imply or convey that the substance is exempted from the provisions of Rule 122A/122B.]
1122[4. The salts, esters, derivatives and preparations containing 1123[steroids or Hydroquinone] for topical or external use shall also be covered under this Schedule.
1124[5. Notwithstanding anything contained in these rules, the provisions of rule 65 and rule 97 in respect or drugs specified from serial number 538 to serial number 551 inserted vide Notification number G.S.R. 277(E), dated 23rd March, 2018 published in the Gazette of India, Extraordinary, Part II, Section
Central Drugs Standard Control Organization, Ministry of Health and Family Welfare, Govt. of India Page 510 of 963
(3), Sub-section (i) shall be on voluntary basis for a period commencing on the day on which this notification shall come into force and ending on the 31st March, 2019 and thereafter shall be mandatory.]",
465,Sotalol,SCHEDULE H,(See rules 65 and 97),G.S.R. 360(E),01-07-2024,,502-509,"Note: —1. Preparations exempted under proviso to para 2 of Note to Schedule X shall also be covered by this Schedule.
2. The salts, esters, derivatives and preparations containing the above substances excluding those intended for topical or external use (except ophthalmic and ear/nose preparations containing antibiotics and/or steroids) are also covered by this Schedule.
3. The inclusion of a substance in this Schedule does not imply or convey that the substance is exempted from the provisions of Rule 122A/122B.]
1122[4. The salts, esters, derivatives and preparations containing 1123[steroids or Hydroquinone] for topical or external use shall also be covered under this Schedule.
1124[5. Notwithstanding anything contained in these rules, the provisions of rule 65 and rule 97 in respect or drugs specified from serial number 538 to serial number 551 inserted vide Notification number G.S.R. 277(E), dated 23rd March, 2018 published in the Gazette of India, Extraordinary, Part II, Section
Central Drugs Standard Control Organization, Ministry of Health and Family Welfare, Govt. of India Page 510 of 963
(3), Sub-section (i) shall be on voluntary basis for a period commencing on the day on which this notification shall come into force and ending on the 31st March, 2019 and thereafter shall be mandatory.]",
466,1119[***],SCHEDULE H,(See rules 65 and 97),G.S.R. 360(E),01-07-2024,,502-509,"Note: —1. Preparations exempted under proviso to para 2 of Note to Schedule X shall also be covered by this Schedule.
2. The salts, esters, derivatives and preparations containing the above substances excluding those intended for topical or external use (except ophthalmic and ear/nose preparations containing antibiotics and/or steroids) are also covered by this Schedule.
3. The inclusion of a substance in this Schedule does not imply or convey that the substance is exempted from the provisions of Rule 122A/122B.]
1122[4. The salts, esters, derivatives and preparations containing 1123[steroids or Hydroquinone] for topical or external use shall also be covered under this Schedule.
1124[5. Notwithstanding anything contained in these rules, the provisions of rule 65 and rule 97 in respect or drugs specified from serial number 538 to serial number 551 inserted vide Notification number G.S.R. 277(E), dated 23rd March, 2018 published in the Gazette of India, Extraordinary, Part II, Section
Central Drugs Standard Control Organization, Ministry of Health and Family Welfare, Govt. of India Page 510 of 963
(3), Sub-section (i) shall be on voluntary basis for a period commencing on the day on which this notification shall come into force and ending on the 31st March, 2019 and thereafter shall be mandatory.]","Entries No. 466, 493, 507 and 534 (relating to Sparfloxacin, Thiacetazone, Tramadol Hydrochloride and Zolpidem) omitted by G.S.R. 588(E) dated 30th August, 2013 (w.e.f. 27-2-2014)."
467,Spectinomycin hydrochloride,SCHEDULE H,(See rules 65 and 97),G.S.R. 360(E),01-07-2024,,502-509,"Note: —1. Preparations exempted under proviso to para 2 of Note to Schedule X shall also be covered by this Schedule.
2. The salts, esters, derivatives and preparations containing the above substances excluding those intended for topical or external use (except ophthalmic and ear/nose preparations containing antibiotics and/or steroids) are also covered by this Schedule.
3. The inclusion of a substance in this Schedule does not imply or convey that the substance is exempted from the provisions of Rule 122A/122B.]
1122[4. The salts, esters, derivatives and preparations containing 1123[steroids or Hydroquinone] for topical or external use shall also be covered under this Schedule.
1124[5. Notwithstanding anything contained in these rules, the provisions of rule 65 and rule 97 in respect or drugs specified from serial number 538 to serial number 551 inserted vide Notification number G.S.R. 277(E), dated 23rd March, 2018 published in the Gazette of India, Extraordinary, Part II, Section
Central Drugs Standard Control Organization, Ministry of Health and Family Welfare, Govt. of India Page 510 of 963
(3), Sub-section (i) shall be on voluntary basis for a period commencing on the day on which this notification shall come into force and ending on the 31st March, 2019 and thereafter shall be mandatory.]",
468,Spironolactone,SCHEDULE H,(See rules 65 and 97),G.S.R. 360(E),01-07-2024,,502-509,"Note: —1. Preparations exempted under proviso to para 2 of Note to Schedule X shall also be covered by this Schedule.
2. The salts, esters, derivatives and preparations containing the above substances excluding those intended for topical or external use (except ophthalmic and ear/nose preparations containing antibiotics and/or steroids) are also covered by this Schedule.
3. The inclusion of a substance in this Schedule does not imply or convey that the substance is exempted from the provisions of Rule 122A/122B.]
1122[4. The salts, esters, derivatives and preparations containing 1123[steroids or Hydroquinone] for topical or external use shall also be covered under this Schedule.
1124[5. Notwithstanding anything contained in these rules, the provisions of rule 65 and rule 97 in respect or drugs specified from serial number 538 to serial number 551 inserted vide Notification number G.S.R. 277(E), dated 23rd March, 2018 published in the Gazette of India, Extraordinary, Part II, Section
Central Drugs Standard Control Organization, Ministry of Health and Family Welfare, Govt. of India Page 510 of 963
(3), Sub-section (i) shall be on voluntary basis for a period commencing on the day on which this notification shall come into force and ending on the 31st March, 2019 and thereafter shall be mandatory.]",
469,Stavudine,SCHEDULE H,(See rules 65 and 97),G.S.R. 360(E),01-07-2024,,502-509,"Note: —1. Preparations exempted under proviso to para 2 of Note to Schedule X shall also be covered by this Schedule.
2. The salts, esters, derivatives and preparations containing the above substances excluding those intended for topical or external use (except ophthalmic and ear/nose preparations containing antibiotics and/or steroids) are also covered by this Schedule.
3. The inclusion of a substance in this Schedule does not imply or convey that the substance is exempted from the provisions of Rule 122A/122B.]
1122[4. The salts, esters, derivatives and preparations containing 1123[steroids or Hydroquinone] for topical or external use shall also be covered under this Schedule.
1124[5. Notwithstanding anything contained in these rules, the provisions of rule 65 and rule 97 in respect or drugs specified from serial number 538 to serial number 551 inserted vide Notification number G.S.R. 277(E), dated 23rd March, 2018 published in the Gazette of India, Extraordinary, Part II, Section
Central Drugs Standard Control Organization, Ministry of Health and Family Welfare, Govt. of India Page 510 of 963
(3), Sub-section (i) shall be on voluntary basis for a period commencing on the day on which this notification shall come into force and ending on the 31st March, 2019 and thereafter shall be mandatory.]",
470,Sucralfate,SCHEDULE H,(See rules 65 and 97),G.S.R. 360(E),01-07-2024,,502-509,"Note: —1. Preparations exempted under proviso to para 2 of Note to Schedule X shall also be covered by this Schedule.
2. The salts, esters, derivatives and preparations containing the above substances excluding those intended for topical or external use (except ophthalmic and ear/nose preparations containing antibiotics and/or steroids) are also covered by this Schedule.
3. The inclusion of a substance in this Schedule does not imply or convey that the substance is exempted from the provisions of Rule 122A/122B.]
1122[4. The salts, esters, derivatives and preparations containing 1123[steroids or Hydroquinone] for topical or external use shall also be covered under this Schedule.
1124[5. Notwithstanding anything contained in these rules, the provisions of rule 65 and rule 97 in respect or drugs specified from serial number 538 to serial number 551 inserted vide Notification number G.S.R. 277(E), dated 23rd March, 2018 published in the Gazette of India, Extraordinary, Part II, Section
Central Drugs Standard Control Organization, Ministry of Health and Family Welfare, Govt. of India Page 510 of 963
(3), Sub-section (i) shall be on voluntary basis for a period commencing on the day on which this notification shall come into force and ending on the 31st March, 2019 and thereafter shall be mandatory.]",
471,Sulphadoxine,SCHEDULE H,(See rules 65 and 97),G.S.R. 360(E),01-07-2024,,502-509,"Note: —1. Preparations exempted under proviso to para 2 of Note to Schedule X shall also be covered by this Schedule.
2. The salts, esters, derivatives and preparations containing the above substances excluding those intended for topical or external use (except ophthalmic and ear/nose preparations containing antibiotics and/or steroids) are also covered by this Schedule.
3. The inclusion of a substance in this Schedule does not imply or convey that the substance is exempted from the provisions of Rule 122A/122B.]
1122[4. The salts, esters, derivatives and preparations containing 1123[steroids or Hydroquinone] for topical or external use shall also be covered under this Schedule.
1124[5. Notwithstanding anything contained in these rules, the provisions of rule 65 and rule 97 in respect or drugs specified from serial number 538 to serial number 551 inserted vide Notification number G.S.R. 277(E), dated 23rd March, 2018 published in the Gazette of India, Extraordinary, Part II, Section
Central Drugs Standard Control Organization, Ministry of Health and Family Welfare, Govt. of India Page 510 of 963
(3), Sub-section (i) shall be on voluntary basis for a period commencing on the day on which this notification shall come into force and ending on the 31st March, 2019 and thereafter shall be mandatory.]",
472,Sulphamethoxine,SCHEDULE H,(See rules 65 and 97),G.S.R. 360(E),01-07-2024,,502-509,"Note: —1. Preparations exempted under proviso to para 2 of Note to Schedule X shall also be covered by this Schedule.
2. The salts, esters, derivatives and preparations containing the above substances excluding those intended for topical or external use (except ophthalmic and ear/nose preparations containing antibiotics and/or steroids) are also covered by this Schedule.
3. The inclusion of a substance in this Schedule does not imply or convey that the substance is exempted from the provisions of Rule 122A/122B.]
1122[4. The salts, esters, derivatives and preparations containing 1123[steroids or Hydroquinone] for topical or external use shall also be covered under this Schedule.
1124[5. Notwithstanding anything contained in these rules, the provisions of rule 65 and rule 97 in respect or drugs specified from serial number 538 to serial number 551 inserted vide Notification number G.S.R. 277(E), dated 23rd March, 2018 published in the Gazette of India, Extraordinary, Part II, Section
Central Drugs Standard Control Organization, Ministry of Health and Family Welfare, Govt. of India Page 510 of 963
(3), Sub-section (i) shall be on voluntary basis for a period commencing on the day on which this notification shall come into force and ending on the 31st March, 2019 and thereafter shall be mandatory.]",
473,Sulphamethoxypyridazine,SCHEDULE H,(See rules 65 and 97),G.S.R. 360(E),01-07-2024,,502-509,"Note: —1. Preparations exempted under proviso to para 2 of Note to Schedule X shall also be covered by this Schedule.
2. The salts, esters, derivatives and preparations containing the above substances excluding those intended for topical or external use (except ophthalmic and ear/nose preparations containing antibiotics and/or steroids) are also covered by this Schedule.
3. The inclusion of a substance in this Schedule does not imply or convey that the substance is exempted from the provisions of Rule 122A/122B.]
1122[4. The salts, esters, derivatives and preparations containing 1123[steroids or Hydroquinone] for topical or external use shall also be covered under this Schedule.
1124[5. Notwithstanding anything contained in these rules, the provisions of rule 65 and rule 97 in respect or drugs specified from serial number 538 to serial number 551 inserted vide Notification number G.S.R. 277(E), dated 23rd March, 2018 published in the Gazette of India, Extraordinary, Part II, Section
Central Drugs Standard Control Organization, Ministry of Health and Family Welfare, Govt. of India Page 510 of 963
(3), Sub-section (i) shall be on voluntary basis for a period commencing on the day on which this notification shall come into force and ending on the 31st March, 2019 and thereafter shall be mandatory.]",
474,Sulphaphenazole,SCHEDULE H,(See rules 65 and 97),G.S.R. 360(E),01-07-2024,,502-509,"Note: —1. Preparations exempted under proviso to para 2 of Note to Schedule X shall also be covered by this Schedule.
2. The salts, esters, derivatives and preparations containing the above substances excluding those intended for topical or external use (except ophthalmic and ear/nose preparations containing antibiotics and/or steroids) are also covered by this Schedule.
3. The inclusion of a substance in this Schedule does not imply or convey that the substance is exempted from the provisions of Rule 122A/122B.]
1122[4. The salts, esters, derivatives and preparations containing 1123[steroids or Hydroquinone] for topical or external use shall also be covered under this Schedule.
1124[5. Notwithstanding anything contained in these rules, the provisions of rule 65 and rule 97 in respect or drugs specified from serial number 538 to serial number 551 inserted vide Notification number G.S.R. 277(E), dated 23rd March, 2018 published in the Gazette of India, Extraordinary, Part II, Section
Central Drugs Standard Control Organization, Ministry of Health and Family Welfare, Govt. of India Page 510 of 963
(3), Sub-section (i) shall be on voluntary basis for a period commencing on the day on which this notification shall come into force and ending on the 31st March, 2019 and thereafter shall be mandatory.]",
475,Sulpiride,SCHEDULE H,(See rules 65 and 97),G.S.R. 360(E),01-07-2024,,502-509,"Note: —1. Preparations exempted under proviso to para 2 of Note to Schedule X shall also be covered by this Schedule.
2. The salts, esters, derivatives and preparations containing the above substances excluding those intended for topical or external use (except ophthalmic and ear/nose preparations containing antibiotics and/or steroids) are also covered by this Schedule.
3. The inclusion of a substance in this Schedule does not imply or convey that the substance is exempted from the provisions of Rule 122A/122B.]
1122[4. The salts, esters, derivatives and preparations containing 1123[steroids or Hydroquinone] for topical or external use shall also be covered under this Schedule.
1124[5. Notwithstanding anything contained in these rules, the provisions of rule 65 and rule 97 in respect or drugs specified from serial number 538 to serial number 551 inserted vide Notification number G.S.R. 277(E), dated 23rd March, 2018 published in the Gazette of India, Extraordinary, Part II, Section
Central Drugs Standard Control Organization, Ministry of Health and Family Welfare, Govt. of India Page 510 of 963
(3), Sub-section (i) shall be on voluntary basis for a period commencing on the day on which this notification shall come into force and ending on the 31st March, 2019 and thereafter shall be mandatory.]",
476,Sulprostone hydrochloride,SCHEDULE H,(See rules 65 and 97),G.S.R. 360(E),01-07-2024,,502-509,"Note: —1. Preparations exempted under proviso to para 2 of Note to Schedule X shall also be covered by this Schedule.
2. The salts, esters, derivatives and preparations containing the above substances excluding those intended for topical or external use (except ophthalmic and ear/nose preparations containing antibiotics and/or steroids) are also covered by this Schedule.
3. The inclusion of a substance in this Schedule does not imply or convey that the substance is exempted from the provisions of Rule 122A/122B.]
1122[4. The salts, esters, derivatives and preparations containing 1123[steroids or Hydroquinone] for topical or external use shall also be covered under this Schedule.
1124[5. Notwithstanding anything contained in these rules, the provisions of rule 65 and rule 97 in respect or drugs specified from serial number 538 to serial number 551 inserted vide Notification number G.S.R. 277(E), dated 23rd March, 2018 published in the Gazette of India, Extraordinary, Part II, Section
Central Drugs Standard Control Organization, Ministry of Health and Family Welfare, Govt. of India Page 510 of 963
(3), Sub-section (i) shall be on voluntary basis for a period commencing on the day on which this notification shall come into force and ending on the 31st March, 2019 and thereafter shall be mandatory.]",
477,Sumatriptan,SCHEDULE H,(See rules 65 and 97),G.S.R. 360(E),01-07-2024,,502-509,"Note: —1. Preparations exempted under proviso to para 2 of Note to Schedule X shall also be covered by this Schedule.
2. The salts, esters, derivatives and preparations containing the above substances excluding those intended for topical or external use (except ophthalmic and ear/nose preparations containing antibiotics and/or steroids) are also covered by this Schedule.
3. The inclusion of a substance in this Schedule does not imply or convey that the substance is exempted from the provisions of Rule 122A/122B.]
1122[4. The salts, esters, derivatives and preparations containing 1123[steroids or Hydroquinone] for topical or external use shall also be covered under this Schedule.
1124[5. Notwithstanding anything contained in these rules, the provisions of rule 65 and rule 97 in respect or drugs specified from serial number 538 to serial number 551 inserted vide Notification number G.S.R. 277(E), dated 23rd March, 2018 published in the Gazette of India, Extraordinary, Part II, Section
Central Drugs Standard Control Organization, Ministry of Health and Family Welfare, Govt. of India Page 510 of 963
(3), Sub-section (i) shall be on voluntary basis for a period commencing on the day on which this notification shall come into force and ending on the 31st March, 2019 and thereafter shall be mandatory.]",
478,Tacrine hydrochloride,SCHEDULE H,(See rules 65 and 97),G.S.R. 360(E),01-07-2024,,502-509,"Note: —1. Preparations exempted under proviso to para 2 of Note to Schedule X shall also be covered by this Schedule.
2. The salts, esters, derivatives and preparations containing the above substances excluding those intended for topical or external use (except ophthalmic and ear/nose preparations containing antibiotics and/or steroids) are also covered by this Schedule.
3. The inclusion of a substance in this Schedule does not imply or convey that the substance is exempted from the provisions of Rule 122A/122B.]
1122[4. The salts, esters, derivatives and preparations containing 1123[steroids or Hydroquinone] for topical or external use shall also be covered under this Schedule.
1124[5. Notwithstanding anything contained in these rules, the provisions of rule 65 and rule 97 in respect or drugs specified from serial number 538 to serial number 551 inserted vide Notification number G.S.R. 277(E), dated 23rd March, 2018 published in the Gazette of India, Extraordinary, Part II, Section
Central Drugs Standard Control Organization, Ministry of Health and Family Welfare, Govt. of India Page 510 of 963
(3), Sub-section (i) shall be on voluntary basis for a period commencing on the day on which this notification shall come into force and ending on the 31st March, 2019 and thereafter shall be mandatory.]",
479,Tamsulosin hydrochloride,SCHEDULE H,(See rules 65 and 97),G.S.R. 360(E),01-07-2024,,502-509,"Note: —1. Preparations exempted under proviso to para 2 of Note to Schedule X shall also be covered by this Schedule.
2. The salts, esters, derivatives and preparations containing the above substances excluding those intended for topical or external use (except ophthalmic and ear/nose preparations containing antibiotics and/or steroids) are also covered by this Schedule.
3. The inclusion of a substance in this Schedule does not imply or convey that the substance is exempted from the provisions of Rule 122A/122B.]
1122[4. The salts, esters, derivatives and preparations containing 1123[steroids or Hydroquinone] for topical or external use shall also be covered under this Schedule.
1124[5. Notwithstanding anything contained in these rules, the provisions of rule 65 and rule 97 in respect or drugs specified from serial number 538 to serial number 551 inserted vide Notification number G.S.R. 277(E), dated 23rd March, 2018 published in the Gazette of India, Extraordinary, Part II, Section
Central Drugs Standard Control Organization, Ministry of Health and Family Welfare, Govt. of India Page 510 of 963
(3), Sub-section (i) shall be on voluntary basis for a period commencing on the day on which this notification shall come into force and ending on the 31st March, 2019 and thereafter shall be mandatory.]",
480,Trapidil,SCHEDULE H,(See rules 65 and 97),G.S.R. 360(E),01-07-2024,,502-509,"Note: —1. Preparations exempted under proviso to para 2 of Note to Schedule X shall also be covered by this Schedule.
2. The salts, esters, derivatives and preparations containing the above substances excluding those intended for topical or external use (except ophthalmic and ear/nose preparations containing antibiotics and/or steroids) are also covered by this Schedule.
3. The inclusion of a substance in this Schedule does not imply or convey that the substance is exempted from the provisions of Rule 122A/122B.]
1122[4. The salts, esters, derivatives and preparations containing 1123[steroids or Hydroquinone] for topical or external use shall also be covered under this Schedule.
1124[5. Notwithstanding anything contained in these rules, the provisions of rule 65 and rule 97 in respect or drugs specified from serial number 538 to serial number 551 inserted vide Notification number G.S.R. 277(E), dated 23rd March, 2018 published in the Gazette of India, Extraordinary, Part II, Section
Central Drugs Standard Control Organization, Ministry of Health and Family Welfare, Govt. of India Page 510 of 963
(3), Sub-section (i) shall be on voluntary basis for a period commencing on the day on which this notification shall come into force and ending on the 31st March, 2019 and thereafter shall be mandatory.]",
481,Tegaserod maleate,SCHEDULE H,(See rules 65 and 97),G.S.R. 360(E),01-07-2024,,502-509,"Note: —1. Preparations exempted under proviso to para 2 of Note to Schedule X shall also be covered by this Schedule.
2. The salts, esters, derivatives and preparations containing the above substances excluding those intended for topical or external use (except ophthalmic and ear/nose preparations containing antibiotics and/or steroids) are also covered by this Schedule.
3. The inclusion of a substance in this Schedule does not imply or convey that the substance is exempted from the provisions of Rule 122A/122B.]
1122[4. The salts, esters, derivatives and preparations containing 1123[steroids or Hydroquinone] for topical or external use shall also be covered under this Schedule.
1124[5. Notwithstanding anything contained in these rules, the provisions of rule 65 and rule 97 in respect or drugs specified from serial number 538 to serial number 551 inserted vide Notification number G.S.R. 277(E), dated 23rd March, 2018 published in the Gazette of India, Extraordinary, Part II, Section
Central Drugs Standard Control Organization, Ministry of Health and Family Welfare, Govt. of India Page 510 of 963
(3), Sub-section (i) shall be on voluntary basis for a period commencing on the day on which this notification shall come into force and ending on the 31st March, 2019 and thereafter shall be mandatory.]",
482,Teicoplanin,SCHEDULE H,(See rules 65 and 97),G.S.R. 360(E),01-07-2024,,502-509,"Note: —1. Preparations exempted under proviso to para 2 of Note to Schedule X shall also be covered by this Schedule.
2. The salts, esters, derivatives and preparations containing the above substances excluding those intended for topical or external use (except ophthalmic and ear/nose preparations containing antibiotics and/or steroids) are also covered by this Schedule.
3. The inclusion of a substance in this Schedule does not imply or convey that the substance is exempted from the provisions of Rule 122A/122B.]
1122[4. The salts, esters, derivatives and preparations containing 1123[steroids or Hydroquinone] for topical or external use shall also be covered under this Schedule.
1124[5. Notwithstanding anything contained in these rules, the provisions of rule 65 and rule 97 in respect or drugs specified from serial number 538 to serial number 551 inserted vide Notification number G.S.R. 277(E), dated 23rd March, 2018 published in the Gazette of India, Extraordinary, Part II, Section
Central Drugs Standard Control Organization, Ministry of Health and Family Welfare, Govt. of India Page 510 of 963
(3), Sub-section (i) shall be on voluntary basis for a period commencing on the day on which this notification shall come into force and ending on the 31st March, 2019 and thereafter shall be mandatory.]",
483,Telmisartan,SCHEDULE H,(See rules 65 and 97),G.S.R. 360(E),01-07-2024,,502-509,"Note: —1. Preparations exempted under proviso to para 2 of Note to Schedule X shall also be covered by this Schedule.
2. The salts, esters, derivatives and preparations containing the above substances excluding those intended for topical or external use (except ophthalmic and ear/nose preparations containing antibiotics and/or steroids) are also covered by this Schedule.
3. The inclusion of a substance in this Schedule does not imply or convey that the substance is exempted from the provisions of Rule 122A/122B.]
1122[4. The salts, esters, derivatives and preparations containing 1123[steroids or Hydroquinone] for topical or external use shall also be covered under this Schedule.
1124[5. Notwithstanding anything contained in these rules, the provisions of rule 65 and rule 97 in respect or drugs specified from serial number 538 to serial number 551 inserted vide Notification number G.S.R. 277(E), dated 23rd March, 2018 published in the Gazette of India, Extraordinary, Part II, Section
Central Drugs Standard Control Organization, Ministry of Health and Family Welfare, Govt. of India Page 510 of 963
(3), Sub-section (i) shall be on voluntary basis for a period commencing on the day on which this notification shall come into force and ending on the 31st March, 2019 and thereafter shall be mandatory.]",
484,Temozolamide,SCHEDULE H,(See rules 65 and 97),G.S.R. 360(E),01-07-2024,,502-509,"Note: —1. Preparations exempted under proviso to para 2 of Note to Schedule X shall also be covered by this Schedule.
2. The salts, esters, derivatives and preparations containing the above substances excluding those intended for topical or external use (except ophthalmic and ear/nose preparations containing antibiotics and/or steroids) are also covered by this Schedule.
3. The inclusion of a substance in this Schedule does not imply or convey that the substance is exempted from the provisions of Rule 122A/122B.]
1122[4. The salts, esters, derivatives and preparations containing 1123[steroids or Hydroquinone] for topical or external use shall also be covered under this Schedule.
1124[5. Notwithstanding anything contained in these rules, the provisions of rule 65 and rule 97 in respect or drugs specified from serial number 538 to serial number 551 inserted vide Notification number G.S.R. 277(E), dated 23rd March, 2018 published in the Gazette of India, Extraordinary, Part II, Section
Central Drugs Standard Control Organization, Ministry of Health and Family Welfare, Govt. of India Page 510 of 963
(3), Sub-section (i) shall be on voluntary basis for a period commencing on the day on which this notification shall come into force and ending on the 31st March, 2019 and thereafter shall be mandatory.]",
485,Terazosin,SCHEDULE H,(See rules 65 and 97),G.S.R. 360(E),01-07-2024,,502-509,"Note: —1. Preparations exempted under proviso to para 2 of Note to Schedule X shall also be covered by this Schedule.
2. The salts, esters, derivatives and preparations containing the above substances excluding those intended for topical or external use (except ophthalmic and ear/nose preparations containing antibiotics and/or steroids) are also covered by this Schedule.
3. The inclusion of a substance in this Schedule does not imply or convey that the substance is exempted from the provisions of Rule 122A/122B.]
1122[4. The salts, esters, derivatives and preparations containing 1123[steroids or Hydroquinone] for topical or external use shall also be covered under this Schedule.
1124[5. Notwithstanding anything contained in these rules, the provisions of rule 65 and rule 97 in respect or drugs specified from serial number 538 to serial number 551 inserted vide Notification number G.S.R. 277(E), dated 23rd March, 2018 published in the Gazette of India, Extraordinary, Part II, Section
Central Drugs Standard Control Organization, Ministry of Health and Family Welfare, Govt. of India Page 510 of 963
(3), Sub-section (i) shall be on voluntary basis for a period commencing on the day on which this notification shall come into force and ending on the 31st March, 2019 and thereafter shall be mandatory.]",
486,Terbutaline sulphate,SCHEDULE H,(See rules 65 and 97),G.S.R. 360(E),01-07-2024,,502-509,"Note: —1. Preparations exempted under proviso to para 2 of Note to Schedule X shall also be covered by this Schedule.
2. The salts, esters, derivatives and preparations containing the above substances excluding those intended for topical or external use (except ophthalmic and ear/nose preparations containing antibiotics and/or steroids) are also covered by this Schedule.
3. The inclusion of a substance in this Schedule does not imply or convey that the substance is exempted from the provisions of Rule 122A/122B.]
1122[4. The salts, esters, derivatives and preparations containing 1123[steroids or Hydroquinone] for topical or external use shall also be covered under this Schedule.
1124[5. Notwithstanding anything contained in these rules, the provisions of rule 65 and rule 97 in respect or drugs specified from serial number 538 to serial number 551 inserted vide Notification number G.S.R. 277(E), dated 23rd March, 2018 published in the Gazette of India, Extraordinary, Part II, Section
Central Drugs Standard Control Organization, Ministry of Health and Family Welfare, Govt. of India Page 510 of 963
(3), Sub-section (i) shall be on voluntary basis for a period commencing on the day on which this notification shall come into force and ending on the 31st March, 2019 and thereafter shall be mandatory.]",
487,Terfenadine,SCHEDULE H,(See rules 65 and 97),G.S.R. 360(E),01-07-2024,,502-509,"Note: —1. Preparations exempted under proviso to para 2 of Note to Schedule X shall also be covered by this Schedule.
2. The salts, esters, derivatives and preparations containing the above substances excluding those intended for topical or external use (except ophthalmic and ear/nose preparations containing antibiotics and/or steroids) are also covered by this Schedule.
3. The inclusion of a substance in this Schedule does not imply or convey that the substance is exempted from the provisions of Rule 122A/122B.]
1122[4. The salts, esters, derivatives and preparations containing 1123[steroids or Hydroquinone] for topical or external use shall also be covered under this Schedule.
1124[5. Notwithstanding anything contained in these rules, the provisions of rule 65 and rule 97 in respect or drugs specified from serial number 538 to serial number 551 inserted vide Notification number G.S.R. 277(E), dated 23rd March, 2018 published in the Gazette of India, Extraordinary, Part II, Section
Central Drugs Standard Control Organization, Ministry of Health and Family Welfare, Govt. of India Page 510 of 963
(3), Sub-section (i) shall be on voluntary basis for a period commencing on the day on which this notification shall come into force and ending on the 31st March, 2019 and thereafter shall be mandatory.]",
488,Terizidone,SCHEDULE H,(See rules 65 and 97),G.S.R. 360(E),01-07-2024,,502-509,"Note: —1. Preparations exempted under proviso to para 2 of Note to Schedule X shall also be covered by this Schedule.
2. The salts, esters, derivatives and preparations containing the above substances excluding those intended for topical or external use (except ophthalmic and ear/nose preparations containing antibiotics and/or steroids) are also covered by this Schedule.
3. The inclusion of a substance in this Schedule does not imply or convey that the substance is exempted from the provisions of Rule 122A/122B.]
1122[4. The salts, esters, derivatives and preparations containing 1123[steroids or Hydroquinone] for topical or external use shall also be covered under this Schedule.
1124[5. Notwithstanding anything contained in these rules, the provisions of rule 65 and rule 97 in respect or drugs specified from serial number 538 to serial number 551 inserted vide Notification number G.S.R. 277(E), dated 23rd March, 2018 published in the Gazette of India, Extraordinary, Part II, Section
Central Drugs Standard Control Organization, Ministry of Health and Family Welfare, Govt. of India Page 510 of 963
(3), Sub-section (i) shall be on voluntary basis for a period commencing on the day on which this notification shall come into force and ending on the 31st March, 2019 and thereafter shall be mandatory.]",
489,Terlipressin,SCHEDULE H,(See rules 65 and 97),G.S.R. 360(E),01-07-2024,,502-509,"Note: —1. Preparations exempted under proviso to para 2 of Note to Schedule X shall also be covered by this Schedule.
2. The salts, esters, derivatives and preparations containing the above substances excluding those intended for topical or external use (except ophthalmic and ear/nose preparations containing antibiotics and/or steroids) are also covered by this Schedule.
3. The inclusion of a substance in this Schedule does not imply or convey that the substance is exempted from the provisions of Rule 122A/122B.]
1122[4. The salts, esters, derivatives and preparations containing 1123[steroids or Hydroquinone] for topical or external use shall also be covered under this Schedule.
1124[5. Notwithstanding anything contained in these rules, the provisions of rule 65 and rule 97 in respect or drugs specified from serial number 538 to serial number 551 inserted vide Notification number G.S.R. 277(E), dated 23rd March, 2018 published in the Gazette of India, Extraordinary, Part II, Section
Central Drugs Standard Control Organization, Ministry of Health and Family Welfare, Govt. of India Page 510 of 963
(3), Sub-section (i) shall be on voluntary basis for a period commencing on the day on which this notification shall come into force and ending on the 31st March, 2019 and thereafter shall be mandatory.]",
490,Testosteroneun decoanoate,SCHEDULE H,(See rules 65 and 97),G.S.R. 360(E),01-07-2024,,502-509,"Note: —1. Preparations exempted under proviso to para 2 of Note to Schedule X shall also be covered by this Schedule.
2. The salts, esters, derivatives and preparations containing the above substances excluding those intended for topical or external use (except ophthalmic and ear/nose preparations containing antibiotics and/or steroids) are also covered by this Schedule.
3. The inclusion of a substance in this Schedule does not imply or convey that the substance is exempted from the provisions of Rule 122A/122B.]
1122[4. The salts, esters, derivatives and preparations containing 1123[steroids or Hydroquinone] for topical or external use shall also be covered under this Schedule.
1124[5. Notwithstanding anything contained in these rules, the provisions of rule 65 and rule 97 in respect or drugs specified from serial number 538 to serial number 551 inserted vide Notification number G.S.R. 277(E), dated 23rd March, 2018 published in the Gazette of India, Extraordinary, Part II, Section
Central Drugs Standard Control Organization, Ministry of Health and Family Welfare, Govt. of India Page 510 of 963
(3), Sub-section (i) shall be on voluntary basis for a period commencing on the day on which this notification shall come into force and ending on the 31st March, 2019 and thereafter shall be mandatory.]",
491,Teratolol hydrochloride,SCHEDULE H,(See rules 65 and 97),G.S.R. 360(E),01-07-2024,,502-509,"Note: —1. Preparations exempted under proviso to para 2 of Note to Schedule X shall also be covered by this Schedule.
2. The salts, esters, derivatives and preparations containing the above substances excluding those intended for topical or external use (except ophthalmic and ear/nose preparations containing antibiotics and/or steroids) are also covered by this Schedule.
3. The inclusion of a substance in this Schedule does not imply or convey that the substance is exempted from the provisions of Rule 122A/122B.]
1122[4. The salts, esters, derivatives and preparations containing 1123[steroids or Hydroquinone] for topical or external use shall also be covered under this Schedule.
1124[5. Notwithstanding anything contained in these rules, the provisions of rule 65 and rule 97 in respect or drugs specified from serial number 538 to serial number 551 inserted vide Notification number G.S.R. 277(E), dated 23rd March, 2018 published in the Gazette of India, Extraordinary, Part II, Section
Central Drugs Standard Control Organization, Ministry of Health and Family Welfare, Govt. of India Page 510 of 963
(3), Sub-section (i) shall be on voluntary basis for a period commencing on the day on which this notification shall come into force and ending on the 31st March, 2019 and thereafter shall be mandatory.]",
492,Thalidomide,SCHEDULE H,(See rules 65 and 97),G.S.R. 360(E),01-07-2024,,502-509,"Note: —1. Preparations exempted under proviso to para 2 of Note to Schedule X shall also be covered by this Schedule.
2. The salts, esters, derivatives and preparations containing the above substances excluding those intended for topical or external use (except ophthalmic and ear/nose preparations containing antibiotics and/or steroids) are also covered by this Schedule.
3. The inclusion of a substance in this Schedule does not imply or convey that the substance is exempted from the provisions of Rule 122A/122B.]
1122[4. The salts, esters, derivatives and preparations containing 1123[steroids or Hydroquinone] for topical or external use shall also be covered under this Schedule.
1124[5. Notwithstanding anything contained in these rules, the provisions of rule 65 and rule 97 in respect or drugs specified from serial number 538 to serial number 551 inserted vide Notification number G.S.R. 277(E), dated 23rd March, 2018 published in the Gazette of India, Extraordinary, Part II, Section
Central Drugs Standard Control Organization, Ministry of Health and Family Welfare, Govt. of India Page 510 of 963
(3), Sub-section (i) shall be on voluntary basis for a period commencing on the day on which this notification shall come into force and ending on the 31st March, 2019 and thereafter shall be mandatory.]",
493,1119[***],SCHEDULE H,(See rules 65 and 97),G.S.R. 360(E),01-07-2024,,502-509,"Note: —1. Preparations exempted under proviso to para 2 of Note to Schedule X shall also be covered by this Schedule.
2. The salts, esters, derivatives and preparations containing the above substances excluding those intended for topical or external use (except ophthalmic and ear/nose preparations containing antibiotics and/or steroids) are also covered by this Schedule.
3. The inclusion of a substance in this Schedule does not imply or convey that the substance is exempted from the provisions of Rule 122A/122B.]
1122[4. The salts, esters, derivatives and preparations containing 1123[steroids or Hydroquinone] for topical or external use shall also be covered under this Schedule.
1124[5. Notwithstanding anything contained in these rules, the provisions of rule 65 and rule 97 in respect or drugs specified from serial number 538 to serial number 551 inserted vide Notification number G.S.R. 277(E), dated 23rd March, 2018 published in the Gazette of India, Extraordinary, Part II, Section
Central Drugs Standard Control Organization, Ministry of Health and Family Welfare, Govt. of India Page 510 of 963
(3), Sub-section (i) shall be on voluntary basis for a period commencing on the day on which this notification shall come into force and ending on the 31st March, 2019 and thereafter shall be mandatory.]","Entries No. 466, 493, 507 and 534 (relating to Sparfloxacin, Thiacetazone, Tramadol Hydrochloride and Zolpidem) omitted by G.S.R. 588(E) dated 30th August, 2013 (w.e.f. 27-2-2014)."
494,Thiocolchicoside,SCHEDULE H,(See rules 65 and 97),G.S.R. 360(E),01-07-2024,,502-509,"Note: —1. Preparations exempted under proviso to para 2 of Note to Schedule X shall also be covered by this Schedule.
2. The salts, esters, derivatives and preparations containing the above substances excluding those intended for topical or external use (except ophthalmic and ear/nose preparations containing antibiotics and/or steroids) are also covered by this Schedule.
3. The inclusion of a substance in this Schedule does not imply or convey that the substance is exempted from the provisions of Rule 122A/122B.]
1122[4. The salts, esters, derivatives and preparations containing 1123[steroids or Hydroquinone] for topical or external use shall also be covered under this Schedule.
1124[5. Notwithstanding anything contained in these rules, the provisions of rule 65 and rule 97 in respect or drugs specified from serial number 538 to serial number 551 inserted vide Notification number G.S.R. 277(E), dated 23rd March, 2018 published in the Gazette of India, Extraordinary, Part II, Section
Central Drugs Standard Control Organization, Ministry of Health and Family Welfare, Govt. of India Page 510 of 963
(3), Sub-section (i) shall be on voluntary basis for a period commencing on the day on which this notification shall come into force and ending on the 31st March, 2019 and thereafter shall be mandatory.]",
495,"Thiopropazate, its salts",SCHEDULE H,(See rules 65 and 97),G.S.R. 360(E),01-07-2024,,502-509,"Note: —1. Preparations exempted under proviso to para 2 of Note to Schedule X shall also be covered by this Schedule.
2. The salts, esters, derivatives and preparations containing the above substances excluding those intended for topical or external use (except ophthalmic and ear/nose preparations containing antibiotics and/or steroids) are also covered by this Schedule.
3. The inclusion of a substance in this Schedule does not imply or convey that the substance is exempted from the provisions of Rule 122A/122B.]
1122[4. The salts, esters, derivatives and preparations containing 1123[steroids or Hydroquinone] for topical or external use shall also be covered under this Schedule.
1124[5. Notwithstanding anything contained in these rules, the provisions of rule 65 and rule 97 in respect or drugs specified from serial number 538 to serial number 551 inserted vide Notification number G.S.R. 277(E), dated 23rd March, 2018 published in the Gazette of India, Extraordinary, Part II, Section
Central Drugs Standard Control Organization, Ministry of Health and Family Welfare, Govt. of India Page 510 of 963
(3), Sub-section (i) shall be on voluntary basis for a period commencing on the day on which this notification shall come into force and ending on the 31st March, 2019 and thereafter shall be mandatory.]",
496,Thymogene,SCHEDULE H,(See rules 65 and 97),G.S.R. 360(E),01-07-2024,,502-509,"Note: —1. Preparations exempted under proviso to para 2 of Note to Schedule X shall also be covered by this Schedule.
2. The salts, esters, derivatives and preparations containing the above substances excluding those intended for topical or external use (except ophthalmic and ear/nose preparations containing antibiotics and/or steroids) are also covered by this Schedule.
3. The inclusion of a substance in this Schedule does not imply or convey that the substance is exempted from the provisions of Rule 122A/122B.]
1122[4. The salts, esters, derivatives and preparations containing 1123[steroids or Hydroquinone] for topical or external use shall also be covered under this Schedule.
1124[5. Notwithstanding anything contained in these rules, the provisions of rule 65 and rule 97 in respect or drugs specified from serial number 538 to serial number 551 inserted vide Notification number G.S.R. 277(E), dated 23rd March, 2018 published in the Gazette of India, Extraordinary, Part II, Section
Central Drugs Standard Control Organization, Ministry of Health and Family Welfare, Govt. of India Page 510 of 963
(3), Sub-section (i) shall be on voluntary basis for a period commencing on the day on which this notification shall come into force and ending on the 31st March, 2019 and thereafter shall be mandatory.]",
497,Thymosin-alpha1,SCHEDULE H,(See rules 65 and 97),G.S.R. 360(E),01-07-2024,,502-509,"Note: —1. Preparations exempted under proviso to para 2 of Note to Schedule X shall also be covered by this Schedule.
2. The salts, esters, derivatives and preparations containing the above substances excluding those intended for topical or external use (except ophthalmic and ear/nose preparations containing antibiotics and/or steroids) are also covered by this Schedule.
3. The inclusion of a substance in this Schedule does not imply or convey that the substance is exempted from the provisions of Rule 122A/122B.]
1122[4. The salts, esters, derivatives and preparations containing 1123[steroids or Hydroquinone] for topical or external use shall also be covered under this Schedule.
1124[5. Notwithstanding anything contained in these rules, the provisions of rule 65 and rule 97 in respect or drugs specified from serial number 538 to serial number 551 inserted vide Notification number G.S.R. 277(E), dated 23rd March, 2018 published in the Gazette of India, Extraordinary, Part II, Section
Central Drugs Standard Control Organization, Ministry of Health and Family Welfare, Govt. of India Page 510 of 963
(3), Sub-section (i) shall be on voluntary basis for a period commencing on the day on which this notification shall come into force and ending on the 31st March, 2019 and thereafter shall be mandatory.]",
498,Tiaprofenic acid,SCHEDULE H,(See rules 65 and 97),G.S.R. 360(E),01-07-2024,,502-509,"Note: —1. Preparations exempted under proviso to para 2 of Note to Schedule X shall also be covered by this Schedule.
2. The salts, esters, derivatives and preparations containing the above substances excluding those intended for topical or external use (except ophthalmic and ear/nose preparations containing antibiotics and/or steroids) are also covered by this Schedule.
3. The inclusion of a substance in this Schedule does not imply or convey that the substance is exempted from the provisions of Rule 122A/122B.]
1122[4. The salts, esters, derivatives and preparations containing 1123[steroids or Hydroquinone] for topical or external use shall also be covered under this Schedule.
1124[5. Notwithstanding anything contained in these rules, the provisions of rule 65 and rule 97 in respect or drugs specified from serial number 538 to serial number 551 inserted vide Notification number G.S.R. 277(E), dated 23rd March, 2018 published in the Gazette of India, Extraordinary, Part II, Section
Central Drugs Standard Control Organization, Ministry of Health and Family Welfare, Govt. of India Page 510 of 963
(3), Sub-section (i) shall be on voluntary basis for a period commencing on the day on which this notification shall come into force and ending on the 31st March, 2019 and thereafter shall be mandatory.]",
499,Tibolone,SCHEDULE H,(See rules 65 and 97),G.S.R. 360(E),01-07-2024,,502-509,"Note: —1. Preparations exempted under proviso to para 2 of Note to Schedule X shall also be covered by this Schedule.
2. The salts, esters, derivatives and preparations containing the above substances excluding those intended for topical or external use (except ophthalmic and ear/nose preparations containing antibiotics and/or steroids) are also covered by this Schedule.
3. The inclusion of a substance in this Schedule does not imply or convey that the substance is exempted from the provisions of Rule 122A/122B.]
1122[4. The salts, esters, derivatives and preparations containing 1123[steroids or Hydroquinone] for topical or external use shall also be covered under this Schedule.
1124[5. Notwithstanding anything contained in these rules, the provisions of rule 65 and rule 97 in respect or drugs specified from serial number 538 to serial number 551 inserted vide Notification number G.S.R. 277(E), dated 23rd March, 2018 published in the Gazette of India, Extraordinary, Part II, Section
Central Drugs Standard Control Organization, Ministry of Health and Family Welfare, Govt. of India Page 510 of 963
(3), Sub-section (i) shall be on voluntary basis for a period commencing on the day on which this notification shall come into force and ending on the 31st March, 2019 and thereafter shall be mandatory.]",
500,Timolol maleate,SCHEDULE H,(See rules 65 and 97),G.S.R. 360(E),01-07-2024,,502-509,"Note: —1. Preparations exempted under proviso to para 2 of Note to Schedule X shall also be covered by this Schedule.
2. The salts, esters, derivatives and preparations containing the above substances excluding those intended for topical or external use (except ophthalmic and ear/nose preparations containing antibiotics and/or steroids) are also covered by this Schedule.
3. The inclusion of a substance in this Schedule does not imply or convey that the substance is exempted from the provisions of Rule 122A/122B.]
1122[4. The salts, esters, derivatives and preparations containing 1123[steroids or Hydroquinone] for topical or external use shall also be covered under this Schedule.
1124[5. Notwithstanding anything contained in these rules, the provisions of rule 65 and rule 97 in respect or drugs specified from serial number 538 to serial number 551 inserted vide Notification number G.S.R. 277(E), dated 23rd March, 2018 published in the Gazette of India, Extraordinary, Part II, Section
Central Drugs Standard Control Organization, Ministry of Health and Family Welfare, Govt. of India Page 510 of 963
(3), Sub-section (i) shall be on voluntary basis for a period commencing on the day on which this notification shall come into force and ending on the 31st March, 2019 and thereafter shall be mandatory.]",
501,Tinidazole,SCHEDULE H,(See rules 65 and 97),G.S.R. 360(E),01-07-2024,,502-509,"Note: —1. Preparations exempted under proviso to para 2 of Note to Schedule X shall also be covered by this Schedule.
2. The salts, esters, derivatives and preparations containing the above substances excluding those intended for topical or external use (except ophthalmic and ear/nose preparations containing antibiotics and/or steroids) are also covered by this Schedule.
3. The inclusion of a substance in this Schedule does not imply or convey that the substance is exempted from the provisions of Rule 122A/122B.]
1122[4. The salts, esters, derivatives and preparations containing 1123[steroids or Hydroquinone] for topical or external use shall also be covered under this Schedule.
1124[5. Notwithstanding anything contained in these rules, the provisions of rule 65 and rule 97 in respect or drugs specified from serial number 538 to serial number 551 inserted vide Notification number G.S.R. 277(E), dated 23rd March, 2018 published in the Gazette of India, Extraordinary, Part II, Section
Central Drugs Standard Control Organization, Ministry of Health and Family Welfare, Govt. of India Page 510 of 963
(3), Sub-section (i) shall be on voluntary basis for a period commencing on the day on which this notification shall come into force and ending on the 31st March, 2019 and thereafter shall be mandatory.]",
502,Tizanidine,SCHEDULE H,(See rules 65 and 97),G.S.R. 360(E),01-07-2024,,502-509,"Note: —1. Preparations exempted under proviso to para 2 of Note to Schedule X shall also be covered by this Schedule.
2. The salts, esters, derivatives and preparations containing the above substances excluding those intended for topical or external use (except ophthalmic and ear/nose preparations containing antibiotics and/or steroids) are also covered by this Schedule.
3. The inclusion of a substance in this Schedule does not imply or convey that the substance is exempted from the provisions of Rule 122A/122B.]
1122[4. The salts, esters, derivatives and preparations containing 1123[steroids or Hydroquinone] for topical or external use shall also be covered under this Schedule.
1124[5. Notwithstanding anything contained in these rules, the provisions of rule 65 and rule 97 in respect or drugs specified from serial number 538 to serial number 551 inserted vide Notification number G.S.R. 277(E), dated 23rd March, 2018 published in the Gazette of India, Extraordinary, Part II, Section
Central Drugs Standard Control Organization, Ministry of Health and Family Welfare, Govt. of India Page 510 of 963
(3), Sub-section (i) shall be on voluntary basis for a period commencing on the day on which this notification shall come into force and ending on the 31st March, 2019 and thereafter shall be mandatory.]",
503,Tabramycin,SCHEDULE H,(See rules 65 and 97),G.S.R. 360(E),01-07-2024,,502-509,"Note: —1. Preparations exempted under proviso to para 2 of Note to Schedule X shall also be covered by this Schedule.
2. The salts, esters, derivatives and preparations containing the above substances excluding those intended for topical or external use (except ophthalmic and ear/nose preparations containing antibiotics and/or steroids) are also covered by this Schedule.
3. The inclusion of a substance in this Schedule does not imply or convey that the substance is exempted from the provisions of Rule 122A/122B.]
1122[4. The salts, esters, derivatives and preparations containing 1123[steroids or Hydroquinone] for topical or external use shall also be covered under this Schedule.
1124[5. Notwithstanding anything contained in these rules, the provisions of rule 65 and rule 97 in respect or drugs specified from serial number 538 to serial number 551 inserted vide Notification number G.S.R. 277(E), dated 23rd March, 2018 published in the Gazette of India, Extraordinary, Part II, Section
Central Drugs Standard Control Organization, Ministry of Health and Family Welfare, Govt. of India Page 510 of 963
(3), Sub-section (i) shall be on voluntary basis for a period commencing on the day on which this notification shall come into force and ending on the 31st March, 2019 and thereafter shall be mandatory.]",
504,Tolfenamic acid,SCHEDULE H,(See rules 65 and 97),G.S.R. 360(E),01-07-2024,,502-509,"Note: —1. Preparations exempted under proviso to para 2 of Note to Schedule X shall also be covered by this Schedule.
2. The salts, esters, derivatives and preparations containing the above substances excluding those intended for topical or external use (except ophthalmic and ear/nose preparations containing antibiotics and/or steroids) are also covered by this Schedule.
3. The inclusion of a substance in this Schedule does not imply or convey that the substance is exempted from the provisions of Rule 122A/122B.]
1122[4. The salts, esters, derivatives and preparations containing 1123[steroids or Hydroquinone] for topical or external use shall also be covered under this Schedule.
1124[5. Notwithstanding anything contained in these rules, the provisions of rule 65 and rule 97 in respect or drugs specified from serial number 538 to serial number 551 inserted vide Notification number G.S.R. 277(E), dated 23rd March, 2018 published in the Gazette of India, Extraordinary, Part II, Section
Central Drugs Standard Control Organization, Ministry of Health and Family Welfare, Govt. of India Page 510 of 963
(3), Sub-section (i) shall be on voluntary basis for a period commencing on the day on which this notification shall come into force and ending on the 31st March, 2019 and thereafter shall be mandatory.]",
505,Topiramate,SCHEDULE H,(See rules 65 and 97),G.S.R. 360(E),01-07-2024,,502-509,"Note: —1. Preparations exempted under proviso to para 2 of Note to Schedule X shall also be covered by this Schedule.
2. The salts, esters, derivatives and preparations containing the above substances excluding those intended for topical or external use (except ophthalmic and ear/nose preparations containing antibiotics and/or steroids) are also covered by this Schedule.
3. The inclusion of a substance in this Schedule does not imply or convey that the substance is exempted from the provisions of Rule 122A/122B.]
1122[4. The salts, esters, derivatives and preparations containing 1123[steroids or Hydroquinone] for topical or external use shall also be covered under this Schedule.
1124[5. Notwithstanding anything contained in these rules, the provisions of rule 65 and rule 97 in respect or drugs specified from serial number 538 to serial number 551 inserted vide Notification number G.S.R. 277(E), dated 23rd March, 2018 published in the Gazette of India, Extraordinary, Part II, Section
Central Drugs Standard Control Organization, Ministry of Health and Family Welfare, Govt. of India Page 510 of 963
(3), Sub-section (i) shall be on voluntary basis for a period commencing on the day on which this notification shall come into force and ending on the 31st March, 2019 and thereafter shall be mandatory.]",
506,Topotecan hydrochloride,SCHEDULE H,(See rules 65 and 97),G.S.R. 360(E),01-07-2024,,502-509,"Note: —1. Preparations exempted under proviso to para 2 of Note to Schedule X shall also be covered by this Schedule.
2. The salts, esters, derivatives and preparations containing the above substances excluding those intended for topical or external use (except ophthalmic and ear/nose preparations containing antibiotics and/or steroids) are also covered by this Schedule.
3. The inclusion of a substance in this Schedule does not imply or convey that the substance is exempted from the provisions of Rule 122A/122B.]
1122[4. The salts, esters, derivatives and preparations containing 1123[steroids or Hydroquinone] for topical or external use shall also be covered under this Schedule.
1124[5. Notwithstanding anything contained in these rules, the provisions of rule 65 and rule 97 in respect or drugs specified from serial number 538 to serial number 551 inserted vide Notification number G.S.R. 277(E), dated 23rd March, 2018 published in the Gazette of India, Extraordinary, Part II, Section
Central Drugs Standard Control Organization, Ministry of Health and Family Welfare, Govt. of India Page 510 of 963
(3), Sub-section (i) shall be on voluntary basis for a period commencing on the day on which this notification shall come into force and ending on the 31st March, 2019 and thereafter shall be mandatory.]",
507,1119[***],SCHEDULE H,(See rules 65 and 97),G.S.R. 360(E),01-07-2024,,502-509,"Note: —1. Preparations exempted under proviso to para 2 of Note to Schedule X shall also be covered by this Schedule.
2. The salts, esters, derivatives and preparations containing the above substances excluding those intended for topical or external use (except ophthalmic and ear/nose preparations containing antibiotics and/or steroids) are also covered by this Schedule.
3. The inclusion of a substance in this Schedule does not imply or convey that the substance is exempted from the provisions of Rule 122A/122B.]
1122[4. The salts, esters, derivatives and preparations containing 1123[steroids or Hydroquinone] for topical or external use shall also be covered under this Schedule.
1124[5. Notwithstanding anything contained in these rules, the provisions of rule 65 and rule 97 in respect or drugs specified from serial number 538 to serial number 551 inserted vide Notification number G.S.R. 277(E), dated 23rd March, 2018 published in the Gazette of India, Extraordinary, Part II, Section
Central Drugs Standard Control Organization, Ministry of Health and Family Welfare, Govt. of India Page 510 of 963
(3), Sub-section (i) shall be on voluntary basis for a period commencing on the day on which this notification shall come into force and ending on the 31st March, 2019 and thereafter shall be mandatory.]","Entries No. 466, 493, 507 and 534 (relating to Sparfloxacin, Thiacetazone, Tramadol Hydrochloride and Zolpidem) omitted by G.S.R. 588(E) dated 30th August, 2013 (w.e.f. 27-2-2014)."
508,Tranexamic acid,SCHEDULE H,(See rules 65 and 97),G.S.R. 360(E),01-07-2024,,502-509,"Note: —1. Preparations exempted under proviso to para 2 of Note to Schedule X shall also be covered by this Schedule.
2. The salts, esters, derivatives and preparations containing the above substances excluding those intended for topical or external use (except ophthalmic and ear/nose preparations containing antibiotics and/or steroids) are also covered by this Schedule.
3. The inclusion of a substance in this Schedule does not imply or convey that the substance is exempted from the provisions of Rule 122A/122B.]
1122[4. The salts, esters, derivatives and preparations containing 1123[steroids or Hydroquinone] for topical or external use shall also be covered under this Schedule.
1124[5. Notwithstanding anything contained in these rules, the provisions of rule 65 and rule 97 in respect or drugs specified from serial number 538 to serial number 551 inserted vide Notification number G.S.R. 277(E), dated 23rd March, 2018 published in the Gazette of India, Extraordinary, Part II, Section
Central Drugs Standard Control Organization, Ministry of Health and Family Welfare, Govt. of India Page 510 of 963
(3), Sub-section (i) shall be on voluntary basis for a period commencing on the day on which this notification shall come into force and ending on the 31st March, 2019 and thereafter shall be mandatory.]",
509,"Tranylcypromine, its salts",SCHEDULE H,(See rules 65 and 97),G.S.R. 360(E),01-07-2024,,502-509,"Note: —1. Preparations exempted under proviso to para 2 of Note to Schedule X shall also be covered by this Schedule.
2. The salts, esters, derivatives and preparations containing the above substances excluding those intended for topical or external use (except ophthalmic and ear/nose preparations containing antibiotics and/or steroids) are also covered by this Schedule.
3. The inclusion of a substance in this Schedule does not imply or convey that the substance is exempted from the provisions of Rule 122A/122B.]
1122[4. The salts, esters, derivatives and preparations containing 1123[steroids or Hydroquinone] for topical or external use shall also be covered under this Schedule.
1124[5. Notwithstanding anything contained in these rules, the provisions of rule 65 and rule 97 in respect or drugs specified from serial number 538 to serial number 551 inserted vide Notification number G.S.R. 277(E), dated 23rd March, 2018 published in the Gazette of India, Extraordinary, Part II, Section
Central Drugs Standard Control Organization, Ministry of Health and Family Welfare, Govt. of India Page 510 of 963
(3), Sub-section (i) shall be on voluntary basis for a period commencing on the day on which this notification shall come into force and ending on the 31st March, 2019 and thereafter shall be mandatory.]",
510,Trazodone,SCHEDULE H,(See rules 65 and 97),G.S.R. 360(E),01-07-2024,,502-509,"Note: —1. Preparations exempted under proviso to para 2 of Note to Schedule X shall also be covered by this Schedule.
2. The salts, esters, derivatives and preparations containing the above substances excluding those intended for topical or external use (except ophthalmic and ear/nose preparations containing antibiotics and/or steroids) are also covered by this Schedule.
3. The inclusion of a substance in this Schedule does not imply or convey that the substance is exempted from the provisions of Rule 122A/122B.]
1122[4. The salts, esters, derivatives and preparations containing 1123[steroids or Hydroquinone] for topical or external use shall also be covered under this Schedule.
1124[5. Notwithstanding anything contained in these rules, the provisions of rule 65 and rule 97 in respect or drugs specified from serial number 538 to serial number 551 inserted vide Notification number G.S.R. 277(E), dated 23rd March, 2018 published in the Gazette of India, Extraordinary, Part II, Section
Central Drugs Standard Control Organization, Ministry of Health and Family Welfare, Govt. of India Page 510 of 963
(3), Sub-section (i) shall be on voluntary basis for a period commencing on the day on which this notification shall come into force and ending on the 31st March, 2019 and thereafter shall be mandatory.]",
511,Tretinoin,SCHEDULE H,(See rules 65 and 97),G.S.R. 360(E),01-07-2024,,502-509,"Note: —1. Preparations exempted under proviso to para 2 of Note to Schedule X shall also be covered by this Schedule.
2. The salts, esters, derivatives and preparations containing the above substances excluding those intended for topical or external use (except ophthalmic and ear/nose preparations containing antibiotics and/or steroids) are also covered by this Schedule.
3. The inclusion of a substance in this Schedule does not imply or convey that the substance is exempted from the provisions of Rule 122A/122B.]
1122[4. The salts, esters, derivatives and preparations containing 1123[steroids or Hydroquinone] for topical or external use shall also be covered under this Schedule.
1124[5. Notwithstanding anything contained in these rules, the provisions of rule 65 and rule 97 in respect or drugs specified from serial number 538 to serial number 551 inserted vide Notification number G.S.R. 277(E), dated 23rd March, 2018 published in the Gazette of India, Extraordinary, Part II, Section
Central Drugs Standard Control Organization, Ministry of Health and Family Welfare, Govt. of India Page 510 of 963
(3), Sub-section (i) shall be on voluntary basis for a period commencing on the day on which this notification shall come into force and ending on the 31st March, 2019 and thereafter shall be mandatory.]",
512,Trifluperazine,SCHEDULE H,(See rules 65 and 97),G.S.R. 360(E),01-07-2024,,502-509,"Note: —1. Preparations exempted under proviso to para 2 of Note to Schedule X shall also be covered by this Schedule.
2. The salts, esters, derivatives and preparations containing the above substances excluding those intended for topical or external use (except ophthalmic and ear/nose preparations containing antibiotics and/or steroids) are also covered by this Schedule.
3. The inclusion of a substance in this Schedule does not imply or convey that the substance is exempted from the provisions of Rule 122A/122B.]
1122[4. The salts, esters, derivatives and preparations containing 1123[steroids or Hydroquinone] for topical or external use shall also be covered under this Schedule.
1124[5. Notwithstanding anything contained in these rules, the provisions of rule 65 and rule 97 in respect or drugs specified from serial number 538 to serial number 551 inserted vide Notification number G.S.R. 277(E), dated 23rd March, 2018 published in the Gazette of India, Extraordinary, Part II, Section
Central Drugs Standard Control Organization, Ministry of Health and Family Welfare, Govt. of India Page 510 of 963
(3), Sub-section (i) shall be on voluntary basis for a period commencing on the day on which this notification shall come into force and ending on the 31st March, 2019 and thereafter shall be mandatory.]",
513,Trifluperidol hydrochloride,SCHEDULE H,(See rules 65 and 97),G.S.R. 360(E),01-07-2024,,502-509,"Note: —1. Preparations exempted under proviso to para 2 of Note to Schedule X shall also be covered by this Schedule.
2. The salts, esters, derivatives and preparations containing the above substances excluding those intended for topical or external use (except ophthalmic and ear/nose preparations containing antibiotics and/or steroids) are also covered by this Schedule.
3. The inclusion of a substance in this Schedule does not imply or convey that the substance is exempted from the provisions of Rule 122A/122B.]
1122[4. The salts, esters, derivatives and preparations containing 1123[steroids or Hydroquinone] for topical or external use shall also be covered under this Schedule.
1124[5. Notwithstanding anything contained in these rules, the provisions of rule 65 and rule 97 in respect or drugs specified from serial number 538 to serial number 551 inserted vide Notification number G.S.R. 277(E), dated 23rd March, 2018 published in the Gazette of India, Extraordinary, Part II, Section
Central Drugs Standard Control Organization, Ministry of Health and Family Welfare, Govt. of India Page 510 of 963
(3), Sub-section (i) shall be on voluntary basis for a period commencing on the day on which this notification shall come into force and ending on the 31st March, 2019 and thereafter shall be mandatory.]",
514,Triflusal,SCHEDULE H,(See rules 65 and 97),G.S.R. 360(E),01-07-2024,,502-509,"Note: —1. Preparations exempted under proviso to para 2 of Note to Schedule X shall also be covered by this Schedule.
2. The salts, esters, derivatives and preparations containing the above substances excluding those intended for topical or external use (except ophthalmic and ear/nose preparations containing antibiotics and/or steroids) are also covered by this Schedule.
3. The inclusion of a substance in this Schedule does not imply or convey that the substance is exempted from the provisions of Rule 122A/122B.]
1122[4. The salts, esters, derivatives and preparations containing 1123[steroids or Hydroquinone] for topical or external use shall also be covered under this Schedule.
1124[5. Notwithstanding anything contained in these rules, the provisions of rule 65 and rule 97 in respect or drugs specified from serial number 538 to serial number 551 inserted vide Notification number G.S.R. 277(E), dated 23rd March, 2018 published in the Gazette of India, Extraordinary, Part II, Section
Central Drugs Standard Control Organization, Ministry of Health and Family Welfare, Govt. of India Page 510 of 963
(3), Sub-section (i) shall be on voluntary basis for a period commencing on the day on which this notification shall come into force and ending on the 31st March, 2019 and thereafter shall be mandatory.]",
515,Trimetazidine dihydrochloride,SCHEDULE H,(See rules 65 and 97),G.S.R. 360(E),01-07-2024,,502-509,"Note: —1. Preparations exempted under proviso to para 2 of Note to Schedule X shall also be covered by this Schedule.
2. The salts, esters, derivatives and preparations containing the above substances excluding those intended for topical or external use (except ophthalmic and ear/nose preparations containing antibiotics and/or steroids) are also covered by this Schedule.
3. The inclusion of a substance in this Schedule does not imply or convey that the substance is exempted from the provisions of Rule 122A/122B.]
1122[4. The salts, esters, derivatives and preparations containing 1123[steroids or Hydroquinone] for topical or external use shall also be covered under this Schedule.
1124[5. Notwithstanding anything contained in these rules, the provisions of rule 65 and rule 97 in respect or drugs specified from serial number 538 to serial number 551 inserted vide Notification number G.S.R. 277(E), dated 23rd March, 2018 published in the Gazette of India, Extraordinary, Part II, Section
Central Drugs Standard Control Organization, Ministry of Health and Family Welfare, Govt. of India Page 510 of 963
(3), Sub-section (i) shall be on voluntary basis for a period commencing on the day on which this notification shall come into force and ending on the 31st March, 2019 and thereafter shall be mandatory.]",
516,Trimipramine,SCHEDULE H,(See rules 65 and 97),G.S.R. 360(E),01-07-2024,,502-509,"Note: —1. Preparations exempted under proviso to para 2 of Note to Schedule X shall also be covered by this Schedule.
2. The salts, esters, derivatives and preparations containing the above substances excluding those intended for topical or external use (except ophthalmic and ear/nose preparations containing antibiotics and/or steroids) are also covered by this Schedule.
3. The inclusion of a substance in this Schedule does not imply or convey that the substance is exempted from the provisions of Rule 122A/122B.]
1122[4. The salts, esters, derivatives and preparations containing 1123[steroids or Hydroquinone] for topical or external use shall also be covered under this Schedule.
1124[5. Notwithstanding anything contained in these rules, the provisions of rule 65 and rule 97 in respect or drugs specified from serial number 538 to serial number 551 inserted vide Notification number G.S.R. 277(E), dated 23rd March, 2018 published in the Gazette of India, Extraordinary, Part II, Section
Central Drugs Standard Control Organization, Ministry of Health and Family Welfare, Govt. of India Page 510 of 963
(3), Sub-section (i) shall be on voluntary basis for a period commencing on the day on which this notification shall come into force and ending on the 31st March, 2019 and thereafter shall be mandatory.]",
517,Tripotassium dicitrate bismuthate,SCHEDULE H,(See rules 65 and 97),G.S.R. 360(E),01-07-2024,,502-509,"Note: —1. Preparations exempted under proviso to para 2 of Note to Schedule X shall also be covered by this Schedule.
2. The salts, esters, derivatives and preparations containing the above substances excluding those intended for topical or external use (except ophthalmic and ear/nose preparations containing antibiotics and/or steroids) are also covered by this Schedule.
3. The inclusion of a substance in this Schedule does not imply or convey that the substance is exempted from the provisions of Rule 122A/122B.]
1122[4. The salts, esters, derivatives and preparations containing 1123[steroids or Hydroquinone] for topical or external use shall also be covered under this Schedule.
1124[5. Notwithstanding anything contained in these rules, the provisions of rule 65 and rule 97 in respect or drugs specified from serial number 538 to serial number 551 inserted vide Notification number G.S.R. 277(E), dated 23rd March, 2018 published in the Gazette of India, Extraordinary, Part II, Section
Central Drugs Standard Control Organization, Ministry of Health and Family Welfare, Govt. of India Page 510 of 963
(3), Sub-section (i) shall be on voluntary basis for a period commencing on the day on which this notification shall come into force and ending on the 31st March, 2019 and thereafter shall be mandatory.]",
518,Tromantadine hydrochloride,SCHEDULE H,(See rules 65 and 97),G.S.R. 360(E),01-07-2024,,502-509,"Note: —1. Preparations exempted under proviso to para 2 of Note to Schedule X shall also be covered by this Schedule.
2. The salts, esters, derivatives and preparations containing the above substances excluding those intended for topical or external use (except ophthalmic and ear/nose preparations containing antibiotics and/or steroids) are also covered by this Schedule.
3. The inclusion of a substance in this Schedule does not imply or convey that the substance is exempted from the provisions of Rule 122A/122B.]
1122[4. The salts, esters, derivatives and preparations containing 1123[steroids or Hydroquinone] for topical or external use shall also be covered under this Schedule.
1124[5. Notwithstanding anything contained in these rules, the provisions of rule 65 and rule 97 in respect or drugs specified from serial number 538 to serial number 551 inserted vide Notification number G.S.R. 277(E), dated 23rd March, 2018 published in the Gazette of India, Extraordinary, Part II, Section
Central Drugs Standard Control Organization, Ministry of Health and Family Welfare, Govt. of India Page 510 of 963
(3), Sub-section (i) shall be on voluntary basis for a period commencing on the day on which this notification shall come into force and ending on the 31st March, 2019 and thereafter shall be mandatory.]",
519,Urokinase,SCHEDULE H,(See rules 65 and 97),G.S.R. 360(E),01-07-2024,,502-509,"Note: —1. Preparations exempted under proviso to para 2 of Note to Schedule X shall also be covered by this Schedule.
2. The salts, esters, derivatives and preparations containing the above substances excluding those intended for topical or external use (except ophthalmic and ear/nose preparations containing antibiotics and/or steroids) are also covered by this Schedule.
3. The inclusion of a substance in this Schedule does not imply or convey that the substance is exempted from the provisions of Rule 122A/122B.]
1122[4. The salts, esters, derivatives and preparations containing 1123[steroids or Hydroquinone] for topical or external use shall also be covered under this Schedule.
1124[5. Notwithstanding anything contained in these rules, the provisions of rule 65 and rule 97 in respect or drugs specified from serial number 538 to serial number 551 inserted vide Notification number G.S.R. 277(E), dated 23rd March, 2018 published in the Gazette of India, Extraordinary, Part II, Section
Central Drugs Standard Control Organization, Ministry of Health and Family Welfare, Govt. of India Page 510 of 963
(3), Sub-section (i) shall be on voluntary basis for a period commencing on the day on which this notification shall come into force and ending on the 31st March, 2019 and thereafter shall be mandatory.]",
520,Valsartan,SCHEDULE H,(See rules 65 and 97),G.S.R. 360(E),01-07-2024,,502-509,"Note: —1. Preparations exempted under proviso to para 2 of Note to Schedule X shall also be covered by this Schedule.
2. The salts, esters, derivatives and preparations containing the above substances excluding those intended for topical or external use (except ophthalmic and ear/nose preparations containing antibiotics and/or steroids) are also covered by this Schedule.
3. The inclusion of a substance in this Schedule does not imply or convey that the substance is exempted from the provisions of Rule 122A/122B.]
1122[4. The salts, esters, derivatives and preparations containing 1123[steroids or Hydroquinone] for topical or external use shall also be covered under this Schedule.
1124[5. Notwithstanding anything contained in these rules, the provisions of rule 65 and rule 97 in respect or drugs specified from serial number 538 to serial number 551 inserted vide Notification number G.S.R. 277(E), dated 23rd March, 2018 published in the Gazette of India, Extraordinary, Part II, Section
Central Drugs Standard Control Organization, Ministry of Health and Family Welfare, Govt. of India Page 510 of 963
(3), Sub-section (i) shall be on voluntary basis for a period commencing on the day on which this notification shall come into force and ending on the 31st March, 2019 and thereafter shall be mandatory.]",
521,Vasopressin,SCHEDULE H,(See rules 65 and 97),G.S.R. 360(E),01-07-2024,,502-509,"Note: —1. Preparations exempted under proviso to para 2 of Note to Schedule X shall also be covered by this Schedule.
2. The salts, esters, derivatives and preparations containing the above substances excluding those intended for topical or external use (except ophthalmic and ear/nose preparations containing antibiotics and/or steroids) are also covered by this Schedule.
3. The inclusion of a substance in this Schedule does not imply or convey that the substance is exempted from the provisions of Rule 122A/122B.]
1122[4. The salts, esters, derivatives and preparations containing 1123[steroids or Hydroquinone] for topical or external use shall also be covered under this Schedule.
1124[5. Notwithstanding anything contained in these rules, the provisions of rule 65 and rule 97 in respect or drugs specified from serial number 538 to serial number 551 inserted vide Notification number G.S.R. 277(E), dated 23rd March, 2018 published in the Gazette of India, Extraordinary, Part II, Section
Central Drugs Standard Control Organization, Ministry of Health and Family Welfare, Govt. of India Page 510 of 963
(3), Sub-section (i) shall be on voluntary basis for a period commencing on the day on which this notification shall come into force and ending on the 31st March, 2019 and thereafter shall be mandatory.]",
522,Vecuronium bromide,SCHEDULE H,(See rules 65 and 97),G.S.R. 360(E),01-07-2024,,502-509,"Note: —1. Preparations exempted under proviso to para 2 of Note to Schedule X shall also be covered by this Schedule.
2. The salts, esters, derivatives and preparations containing the above substances excluding those intended for topical or external use (except ophthalmic and ear/nose preparations containing antibiotics and/or steroids) are also covered by this Schedule.
3. The inclusion of a substance in this Schedule does not imply or convey that the substance is exempted from the provisions of Rule 122A/122B.]
1122[4. The salts, esters, derivatives and preparations containing 1123[steroids or Hydroquinone] for topical or external use shall also be covered under this Schedule.
1124[5. Notwithstanding anything contained in these rules, the provisions of rule 65 and rule 97 in respect or drugs specified from serial number 538 to serial number 551 inserted vide Notification number G.S.R. 277(E), dated 23rd March, 2018 published in the Gazette of India, Extraordinary, Part II, Section
Central Drugs Standard Control Organization, Ministry of Health and Family Welfare, Govt. of India Page 510 of 963
(3), Sub-section (i) shall be on voluntary basis for a period commencing on the day on which this notification shall come into force and ending on the 31st March, 2019 and thereafter shall be mandatory.]",
523,Venlafaxine hydrochloride,SCHEDULE H,(See rules 65 and 97),G.S.R. 360(E),01-07-2024,,502-509,"Note: —1. Preparations exempted under proviso to para 2 of Note to Schedule X shall also be covered by this Schedule.
2. The salts, esters, derivatives and preparations containing the above substances excluding those intended for topical or external use (except ophthalmic and ear/nose preparations containing antibiotics and/or steroids) are also covered by this Schedule.
3. The inclusion of a substance in this Schedule does not imply or convey that the substance is exempted from the provisions of Rule 122A/122B.]
1122[4. The salts, esters, derivatives and preparations containing 1123[steroids or Hydroquinone] for topical or external use shall also be covered under this Schedule.
1124[5. Notwithstanding anything contained in these rules, the provisions of rule 65 and rule 97 in respect or drugs specified from serial number 538 to serial number 551 inserted vide Notification number G.S.R. 277(E), dated 23rd March, 2018 published in the Gazette of India, Extraordinary, Part II, Section
Central Drugs Standard Control Organization, Ministry of Health and Family Welfare, Govt. of India Page 510 of 963
(3), Sub-section (i) shall be on voluntary basis for a period commencing on the day on which this notification shall come into force and ending on the 31st March, 2019 and thereafter shall be mandatory.]",
524,Verapamil hydrochloride,SCHEDULE H,(See rules 65 and 97),G.S.R. 360(E),01-07-2024,,502-509,"Note: —1. Preparations exempted under proviso to para 2 of Note to Schedule X shall also be covered by this Schedule.
2. The salts, esters, derivatives and preparations containing the above substances excluding those intended for topical or external use (except ophthalmic and ear/nose preparations containing antibiotics and/or steroids) are also covered by this Schedule.
3. The inclusion of a substance in this Schedule does not imply or convey that the substance is exempted from the provisions of Rule 122A/122B.]
1122[4. The salts, esters, derivatives and preparations containing 1123[steroids or Hydroquinone] for topical or external use shall also be covered under this Schedule.
1124[5. Notwithstanding anything contained in these rules, the provisions of rule 65 and rule 97 in respect or drugs specified from serial number 538 to serial number 551 inserted vide Notification number G.S.R. 277(E), dated 23rd March, 2018 published in the Gazette of India, Extraordinary, Part II, Section
Central Drugs Standard Control Organization, Ministry of Health and Family Welfare, Govt. of India Page 510 of 963
(3), Sub-section (i) shall be on voluntary basis for a period commencing on the day on which this notification shall come into force and ending on the 31st March, 2019 and thereafter shall be mandatory.]",
525,Verteporfin,SCHEDULE H,(See rules 65 and 97),G.S.R. 360(E),01-07-2024,,502-509,"Note: —1. Preparations exempted under proviso to para 2 of Note to Schedule X shall also be covered by this Schedule.
2. The salts, esters, derivatives and preparations containing the above substances excluding those intended for topical or external use (except ophthalmic and ear/nose preparations containing antibiotics and/or steroids) are also covered by this Schedule.
3. The inclusion of a substance in this Schedule does not imply or convey that the substance is exempted from the provisions of Rule 122A/122B.]
1122[4. The salts, esters, derivatives and preparations containing 1123[steroids or Hydroquinone] for topical or external use shall also be covered under this Schedule.
1124[5. Notwithstanding anything contained in these rules, the provisions of rule 65 and rule 97 in respect or drugs specified from serial number 538 to serial number 551 inserted vide Notification number G.S.R. 277(E), dated 23rd March, 2018 published in the Gazette of India, Extraordinary, Part II, Section
Central Drugs Standard Control Organization, Ministry of Health and Family Welfare, Govt. of India Page 510 of 963
(3), Sub-section (i) shall be on voluntary basis for a period commencing on the day on which this notification shall come into force and ending on the 31st March, 2019 and thereafter shall be mandatory.]",
526,Vincristine sulphate,SCHEDULE H,(See rules 65 and 97),G.S.R. 360(E),01-07-2024,,502-509,"Note: —1. Preparations exempted under proviso to para 2 of Note to Schedule X shall also be covered by this Schedule.
2. The salts, esters, derivatives and preparations containing the above substances excluding those intended for topical or external use (except ophthalmic and ear/nose preparations containing antibiotics and/or steroids) are also covered by this Schedule.
3. The inclusion of a substance in this Schedule does not imply or convey that the substance is exempted from the provisions of Rule 122A/122B.]
1122[4. The salts, esters, derivatives and preparations containing 1123[steroids or Hydroquinone] for topical or external use shall also be covered under this Schedule.
1124[5. Notwithstanding anything contained in these rules, the provisions of rule 65 and rule 97 in respect or drugs specified from serial number 538 to serial number 551 inserted vide Notification number G.S.R. 277(E), dated 23rd March, 2018 published in the Gazette of India, Extraordinary, Part II, Section
Central Drugs Standard Control Organization, Ministry of Health and Family Welfare, Govt. of India Page 510 of 963
(3), Sub-section (i) shall be on voluntary basis for a period commencing on the day on which this notification shall come into force and ending on the 31st March, 2019 and thereafter shall be mandatory.]",
527,Vinblastine sulphate,SCHEDULE H,(See rules 65 and 97),G.S.R. 360(E),01-07-2024,,502-509,"Note: —1. Preparations exempted under proviso to para 2 of Note to Schedule X shall also be covered by this Schedule.
2. The salts, esters, derivatives and preparations containing the above substances excluding those intended for topical or external use (except ophthalmic and ear/nose preparations containing antibiotics and/or steroids) are also covered by this Schedule.
3. The inclusion of a substance in this Schedule does not imply or convey that the substance is exempted from the provisions of Rule 122A/122B.]
1122[4. The salts, esters, derivatives and preparations containing 1123[steroids or Hydroquinone] for topical or external use shall also be covered under this Schedule.
1124[5. Notwithstanding anything contained in these rules, the provisions of rule 65 and rule 97 in respect or drugs specified from serial number 538 to serial number 551 inserted vide Notification number G.S.R. 277(E), dated 23rd March, 2018 published in the Gazette of India, Extraordinary, Part II, Section
Central Drugs Standard Control Organization, Ministry of Health and Family Welfare, Govt. of India Page 510 of 963
(3), Sub-section (i) shall be on voluntary basis for a period commencing on the day on which this notification shall come into force and ending on the 31st March, 2019 and thereafter shall be mandatory.]",
528,Vindesine sulphate,SCHEDULE H,(See rules 65 and 97),G.S.R. 360(E),01-07-2024,,502-509,"Note: —1. Preparations exempted under proviso to para 2 of Note to Schedule X shall also be covered by this Schedule.
2. The salts, esters, derivatives and preparations containing the above substances excluding those intended for topical or external use (except ophthalmic and ear/nose preparations containing antibiotics and/or steroids) are also covered by this Schedule.
3. The inclusion of a substance in this Schedule does not imply or convey that the substance is exempted from the provisions of Rule 122A/122B.]
1122[4. The salts, esters, derivatives and preparations containing 1123[steroids or Hydroquinone] for topical or external use shall also be covered under this Schedule.
1124[5. Notwithstanding anything contained in these rules, the provisions of rule 65 and rule 97 in respect or drugs specified from serial number 538 to serial number 551 inserted vide Notification number G.S.R. 277(E), dated 23rd March, 2018 published in the Gazette of India, Extraordinary, Part II, Section
Central Drugs Standard Control Organization, Ministry of Health and Family Welfare, Govt. of India Page 510 of 963
(3), Sub-section (i) shall be on voluntary basis for a period commencing on the day on which this notification shall come into force and ending on the 31st March, 2019 and thereafter shall be mandatory.]",
529,Vinorelbine tatrate,SCHEDULE H,(See rules 65 and 97),G.S.R. 360(E),01-07-2024,,502-509,"Note: —1. Preparations exempted under proviso to para 2 of Note to Schedule X shall also be covered by this Schedule.
2. The salts, esters, derivatives and preparations containing the above substances excluding those intended for topical or external use (except ophthalmic and ear/nose preparations containing antibiotics and/or steroids) are also covered by this Schedule.
3. The inclusion of a substance in this Schedule does not imply or convey that the substance is exempted from the provisions of Rule 122A/122B.]
1122[4. The salts, esters, derivatives and preparations containing 1123[steroids or Hydroquinone] for topical or external use shall also be covered under this Schedule.
1124[5. Notwithstanding anything contained in these rules, the provisions of rule 65 and rule 97 in respect or drugs specified from serial number 538 to serial number 551 inserted vide Notification number G.S.R. 277(E), dated 23rd March, 2018 published in the Gazette of India, Extraordinary, Part II, Section
Central Drugs Standard Control Organization, Ministry of Health and Family Welfare, Govt. of India Page 510 of 963
(3), Sub-section (i) shall be on voluntary basis for a period commencing on the day on which this notification shall come into force and ending on the 31st March, 2019 and thereafter shall be mandatory.]",
530,Xipamide,SCHEDULE H,(See rules 65 and 97),G.S.R. 360(E),01-07-2024,,502-509,"Note: —1. Preparations exempted under proviso to para 2 of Note to Schedule X shall also be covered by this Schedule.
2. The salts, esters, derivatives and preparations containing the above substances excluding those intended for topical or external use (except ophthalmic and ear/nose preparations containing antibiotics and/or steroids) are also covered by this Schedule.
3. The inclusion of a substance in this Schedule does not imply or convey that the substance is exempted from the provisions of Rule 122A/122B.]
1122[4. The salts, esters, derivatives and preparations containing 1123[steroids or Hydroquinone] for topical or external use shall also be covered under this Schedule.
1124[5. Notwithstanding anything contained in these rules, the provisions of rule 65 and rule 97 in respect or drugs specified from serial number 538 to serial number 551 inserted vide Notification number G.S.R. 277(E), dated 23rd March, 2018 published in the Gazette of India, Extraordinary, Part II, Section
Central Drugs Standard Control Organization, Ministry of Health and Family Welfare, Govt. of India Page 510 of 963
(3), Sub-section (i) shall be on voluntary basis for a period commencing on the day on which this notification shall come into force and ending on the 31st March, 2019 and thereafter shall be mandatory.]",
531,Zidovudine hydrochloride,SCHEDULE H,(See rules 65 and 97),G.S.R. 360(E),01-07-2024,,502-509,"Note: —1. Preparations exempted under proviso to para 2 of Note to Schedule X shall also be covered by this Schedule.
2. The salts, esters, derivatives and preparations containing the above substances excluding those intended for topical or external use (except ophthalmic and ear/nose preparations containing antibiotics and/or steroids) are also covered by this Schedule.
3. The inclusion of a substance in this Schedule does not imply or convey that the substance is exempted from the provisions of Rule 122A/122B.]
1122[4. The salts, esters, derivatives and preparations containing 1123[steroids or Hydroquinone] for topical or external use shall also be covered under this Schedule.
1124[5. Notwithstanding anything contained in these rules, the provisions of rule 65 and rule 97 in respect or drugs specified from serial number 538 to serial number 551 inserted vide Notification number G.S.R. 277(E), dated 23rd March, 2018 published in the Gazette of India, Extraordinary, Part II, Section
Central Drugs Standard Control Organization, Ministry of Health and Family Welfare, Govt. of India Page 510 of 963
(3), Sub-section (i) shall be on voluntary basis for a period commencing on the day on which this notification shall come into force and ending on the 31st March, 2019 and thereafter shall be mandatory.]",
532,Ziprasidone hydrochloride,SCHEDULE H,(See rules 65 and 97),G.S.R. 360(E),01-07-2024,,502-509,"Note: —1. Preparations exempted under proviso to para 2 of Note to Schedule X shall also be covered by this Schedule.
2. The salts, esters, derivatives and preparations containing the above substances excluding those intended for topical or external use (except ophthalmic and ear/nose preparations containing antibiotics and/or steroids) are also covered by this Schedule.
3. The inclusion of a substance in this Schedule does not imply or convey that the substance is exempted from the provisions of Rule 122A/122B.]
1122[4. The salts, esters, derivatives and preparations containing 1123[steroids or Hydroquinone] for topical or external use shall also be covered under this Schedule.
1124[5. Notwithstanding anything contained in these rules, the provisions of rule 65 and rule 97 in respect or drugs specified from serial number 538 to serial number 551 inserted vide Notification number G.S.R. 277(E), dated 23rd March, 2018 published in the Gazette of India, Extraordinary, Part II, Section
Central Drugs Standard Control Organization, Ministry of Health and Family Welfare, Govt. of India Page 510 of 963
(3), Sub-section (i) shall be on voluntary basis for a period commencing on the day on which this notification shall come into force and ending on the 31st March, 2019 and thereafter shall be mandatory.]",
533,Zoledronic acid,SCHEDULE H,(See rules 65 and 97),G.S.R. 360(E),01-07-2024,,502-509,"Note: —1. Preparations exempted under proviso to para 2 of Note to Schedule X shall also be covered by this Schedule.
2. The salts, esters, derivatives and preparations containing the above substances excluding those intended for topical or external use (except ophthalmic and ear/nose preparations containing antibiotics and/or steroids) are also covered by this Schedule.
3. The inclusion of a substance in this Schedule does not imply or convey that the substance is exempted from the provisions of Rule 122A/122B.]
1122[4. The salts, esters, derivatives and preparations containing 1123[steroids or Hydroquinone] for topical or external use shall also be covered under this Schedule.
1124[5. Notwithstanding anything contained in these rules, the provisions of rule 65 and rule 97 in respect or drugs specified from serial number 538 to serial number 551 inserted vide Notification number G.S.R. 277(E), dated 23rd March, 2018 published in the Gazette of India, Extraordinary, Part II, Section
Central Drugs Standard Control Organization, Ministry of Health and Family Welfare, Govt. of India Page 510 of 963
(3), Sub-section (i) shall be on voluntary basis for a period commencing on the day on which this notification shall come into force and ending on the 31st March, 2019 and thereafter shall be mandatory.]",
534,1119[***],SCHEDULE H,(See rules 65 and 97),G.S.R. 360(E),01-07-2024,,502-509,"Note: —1. Preparations exempted under proviso to para 2 of Note to Schedule X shall also be covered by this Schedule.
2. The salts, esters, derivatives and preparations containing the above substances excluding those intended for topical or external use (except ophthalmic and ear/nose preparations containing antibiotics and/or steroids) are also covered by this Schedule.
3. The inclusion of a substance in this Schedule does not imply or convey that the substance is exempted from the provisions of Rule 122A/122B.]
1122[4. The salts, esters, derivatives and preparations containing 1123[steroids or Hydroquinone] for topical or external use shall also be covered under this Schedule.
1124[5. Notwithstanding anything contained in these rules, the provisions of rule 65 and rule 97 in respect or drugs specified from serial number 538 to serial number 551 inserted vide Notification number G.S.R. 277(E), dated 23rd March, 2018 published in the Gazette of India, Extraordinary, Part II, Section
Central Drugs Standard Control Organization, Ministry of Health and Family Welfare, Govt. of India Page 510 of 963
(3), Sub-section (i) shall be on voluntary basis for a period commencing on the day on which this notification shall come into force and ending on the 31st March, 2019 and thereafter shall be mandatory.]","Entries No. 466, 493, 507 and 534 (relating to Sparfloxacin, Thiacetazone, Tramadol Hydrochloride and Zolpidem) omitted by G.S.R. 588(E) dated 30th August, 2013 (w.e.f. 27-2-2014)."
535,Zopiclone,SCHEDULE H,(See rules 65 and 97),G.S.R. 360(E),01-07-2024,,502-509,"Note: —1. Preparations exempted under proviso to para 2 of Note to Schedule X shall also be covered by this Schedule.
2. The salts, esters, derivatives and preparations containing the above substances excluding those intended for topical or external use (except ophthalmic and ear/nose preparations containing antibiotics and/or steroids) are also covered by this Schedule.
3. The inclusion of a substance in this Schedule does not imply or convey that the substance is exempted from the provisions of Rule 122A/122B.]
1122[4. The salts, esters, derivatives and preparations containing 1123[steroids or Hydroquinone] for topical or external use shall also be covered under this Schedule.
1124[5. Notwithstanding anything contained in these rules, the provisions of rule 65 and rule 97 in respect or drugs specified from serial number 538 to serial number 551 inserted vide Notification number G.S.R. 277(E), dated 23rd March, 2018 published in the Gazette of India, Extraordinary, Part II, Section
Central Drugs Standard Control Organization, Ministry of Health and Family Welfare, Govt. of India Page 510 of 963
(3), Sub-section (i) shall be on voluntary basis for a period commencing on the day on which this notification shall come into force and ending on the 31st March, 2019 and thereafter shall be mandatory.]",
536,Zuclopenthixol,SCHEDULE H,(See rules 65 and 97),G.S.R. 360(E),01-07-2024,,502-509,"Note: —1. Preparations exempted under proviso to para 2 of Note to Schedule X shall also be covered by this Schedule.
2. The salts, esters, derivatives and preparations containing the above substances excluding those intended for topical or external use (except ophthalmic and ear/nose preparations containing antibiotics and/or steroids) are also covered by this Schedule.
3. The inclusion of a substance in this Schedule does not imply or convey that the substance is exempted from the provisions of Rule 122A/122B.]
1122[4. The salts, esters, derivatives and preparations containing 1123[steroids or Hydroquinone] for topical or external use shall also be covered under this Schedule.
1124[5. Notwithstanding anything contained in these rules, the provisions of rule 65 and rule 97 in respect or drugs specified from serial number 538 to serial number 551 inserted vide Notification number G.S.R. 277(E), dated 23rd March, 2018 published in the Gazette of India, Extraordinary, Part II, Section
Central Drugs Standard Control Organization, Ministry of Health and Family Welfare, Govt. of India Page 510 of 963
(3), Sub-section (i) shall be on voluntary basis for a period commencing on the day on which this notification shall come into force and ending on the 31st March, 2019 and thereafter shall be mandatory.]",
537,Etizolam [1120],SCHEDULE H,(See rules 65 and 97),G.S.R. 360(E),01-07-2024,,502-509,"Note: —1. Preparations exempted under proviso to para 2 of Note to Schedule X shall also be covered by this Schedule.
2. The salts, esters, derivatives and preparations containing the above substances excluding those intended for topical or external use (except ophthalmic and ear/nose preparations containing antibiotics and/or steroids) are also covered by this Schedule.
3. The inclusion of a substance in this Schedule does not imply or convey that the substance is exempted from the provisions of Rule 122A/122B.]
1122[4. The salts, esters, derivatives and preparations containing 1123[steroids or Hydroquinone] for topical or external use shall also be covered under this Schedule.
1124[5. Notwithstanding anything contained in these rules, the provisions of rule 65 and rule 97 in respect or drugs specified from serial number 538 to serial number 551 inserted vide Notification number G.S.R. 277(E), dated 23rd March, 2018 published in the Gazette of India, Extraordinary, Part II, Section
Central Drugs Standard Control Organization, Ministry of Health and Family Welfare, Govt. of India Page 510 of 963
(3), Sub-section (i) shall be on voluntary basis for a period commencing on the day on which this notification shall come into force and ending on the 31st March, 2019 and thereafter shall be mandatory.]","Ins. By G.S.R. 303(E) dated 30th March, 2017 (w.e.f. 30-3-2017)."
538,Alclometasone [1121],SCHEDULE H,(See rules 65 and 97),G.S.R. 360(E),01-07-2024,,502-509,"Note: —1. Preparations exempted under proviso to para 2 of Note to Schedule X shall also be covered by this Schedule.
2. The salts, esters, derivatives and preparations containing the above substances excluding those intended for topical or external use (except ophthalmic and ear/nose preparations containing antibiotics and/or steroids) are also covered by this Schedule.
3. The inclusion of a substance in this Schedule does not imply or convey that the substance is exempted from the provisions of Rule 122A/122B.]
1122[4. The salts, esters, derivatives and preparations containing 1123[steroids or Hydroquinone] for topical or external use shall also be covered under this Schedule.
1124[5. Notwithstanding anything contained in these rules, the provisions of rule 65 and rule 97 in respect or drugs specified from serial number 538 to serial number 551 inserted vide Notification number G.S.R. 277(E), dated 23rd March, 2018 published in the Gazette of India, Extraordinary, Part II, Section
Central Drugs Standard Control Organization, Ministry of Health and Family Welfare, Govt. of India Page 510 of 963
(3), Sub-section (i) shall be on voluntary basis for a period commencing on the day on which this notification shall come into force and ending on the 31st March, 2019 and thereafter shall be mandatory.]","Ins. By G.S.R. 277(E) dated 23rd March, 2018 (w.e.f.23-3-2018)."
539,Beclomethasone,SCHEDULE H,(See rules 65 and 97),G.S.R. 360(E),01-07-2024,,502-509,"Note: —1. Preparations exempted under proviso to para 2 of Note to Schedule X shall also be covered by this Schedule.
2. The salts, esters, derivatives and preparations containing the above substances excluding those intended for topical or external use (except ophthalmic and ear/nose preparations containing antibiotics and/or steroids) are also covered by this Schedule.
3. The inclusion of a substance in this Schedule does not imply or convey that the substance is exempted from the provisions of Rule 122A/122B.]
1122[4. The salts, esters, derivatives and preparations containing 1123[steroids or Hydroquinone] for topical or external use shall also be covered under this Schedule.
1124[5. Notwithstanding anything contained in these rules, the provisions of rule 65 and rule 97 in respect or drugs specified from serial number 538 to serial number 551 inserted vide Notification number G.S.R. 277(E), dated 23rd March, 2018 published in the Gazette of India, Extraordinary, Part II, Section
Central Drugs Standard Control Organization, Ministry of Health and Family Welfare, Govt. of India Page 510 of 963
(3), Sub-section (i) shall be on voluntary basis for a period commencing on the day on which this notification shall come into force and ending on the 31st March, 2019 and thereafter shall be mandatory.]",
540,Betamethasone,SCHEDULE H,(See rules 65 and 97),G.S.R. 360(E),01-07-2024,,502-509,"Note: —1. Preparations exempted under proviso to para 2 of Note to Schedule X shall also be covered by this Schedule.
2. The salts, esters, derivatives and preparations containing the above substances excluding those intended for topical or external use (except ophthalmic and ear/nose preparations containing antibiotics and/or steroids) are also covered by this Schedule.
3. The inclusion of a substance in this Schedule does not imply or convey that the substance is exempted from the provisions of Rule 122A/122B.]
1122[4. The salts, esters, derivatives and preparations containing 1123[steroids or Hydroquinone] for topical or external use shall also be covered under this Schedule.
1124[5. Notwithstanding anything contained in these rules, the provisions of rule 65 and rule 97 in respect or drugs specified from serial number 538 to serial number 551 inserted vide Notification number G.S.R. 277(E), dated 23rd March, 2018 published in the Gazette of India, Extraordinary, Part II, Section
Central Drugs Standard Control Organization, Ministry of Health and Family Welfare, Govt. of India Page 510 of 963
(3), Sub-section (i) shall be on voluntary basis for a period commencing on the day on which this notification shall come into force and ending on the 31st March, 2019 and thereafter shall be mandatory.]",
541,Desonide,SCHEDULE H,(See rules 65 and 97),G.S.R. 360(E),01-07-2024,,502-509,"Note: —1. Preparations exempted under proviso to para 2 of Note to Schedule X shall also be covered by this Schedule.
2. The salts, esters, derivatives and preparations containing the above substances excluding those intended for topical or external use (except ophthalmic and ear/nose preparations containing antibiotics and/or steroids) are also covered by this Schedule.
3. The inclusion of a substance in this Schedule does not imply or convey that the substance is exempted from the provisions of Rule 122A/122B.]
1122[4. The salts, esters, derivatives and preparations containing 1123[steroids or Hydroquinone] for topical or external use shall also be covered under this Schedule.
1124[5. Notwithstanding anything contained in these rules, the provisions of rule 65 and rule 97 in respect or drugs specified from serial number 538 to serial number 551 inserted vide Notification number G.S.R. 277(E), dated 23rd March, 2018 published in the Gazette of India, Extraordinary, Part II, Section
Central Drugs Standard Control Organization, Ministry of Health and Family Welfare, Govt. of India Page 510 of 963
(3), Sub-section (i) shall be on voluntary basis for a period commencing on the day on which this notification shall come into force and ending on the 31st March, 2019 and thereafter shall be mandatory.]",
542,Desoximetasone,SCHEDULE H,(See rules 65 and 97),G.S.R. 360(E),01-07-2024,,502-509,"Note: —1. Preparations exempted under proviso to para 2 of Note to Schedule X shall also be covered by this Schedule.
2. The salts, esters, derivatives and preparations containing the above substances excluding those intended for topical or external use (except ophthalmic and ear/nose preparations containing antibiotics and/or steroids) are also covered by this Schedule.
3. The inclusion of a substance in this Schedule does not imply or convey that the substance is exempted from the provisions of Rule 122A/122B.]
1122[4. The salts, esters, derivatives and preparations containing 1123[steroids or Hydroquinone] for topical or external use shall also be covered under this Schedule.
1124[5. Notwithstanding anything contained in these rules, the provisions of rule 65 and rule 97 in respect or drugs specified from serial number 538 to serial number 551 inserted vide Notification number G.S.R. 277(E), dated 23rd March, 2018 published in the Gazette of India, Extraordinary, Part II, Section
Central Drugs Standard Control Organization, Ministry of Health and Family Welfare, Govt. of India Page 510 of 963
(3), Sub-section (i) shall be on voluntary basis for a period commencing on the day on which this notification shall come into force and ending on the 31st March, 2019 and thereafter shall be mandatory.]",
543,Dexamethasone,SCHEDULE H,(See rules 65 and 97),G.S.R. 360(E),01-07-2024,,502-509,"Note: —1. Preparations exempted under proviso to para 2 of Note to Schedule X shall also be covered by this Schedule.
2. The salts, esters, derivatives and preparations containing the above substances excluding those intended for topical or external use (except ophthalmic and ear/nose preparations containing antibiotics and/or steroids) are also covered by this Schedule.
3. The inclusion of a substance in this Schedule does not imply or convey that the substance is exempted from the provisions of Rule 122A/122B.]
1122[4. The salts, esters, derivatives and preparations containing 1123[steroids or Hydroquinone] for topical or external use shall also be covered under this Schedule.
1124[5. Notwithstanding anything contained in these rules, the provisions of rule 65 and rule 97 in respect or drugs specified from serial number 538 to serial number 551 inserted vide Notification number G.S.R. 277(E), dated 23rd March, 2018 published in the Gazette of India, Extraordinary, Part II, Section
Central Drugs Standard Control Organization, Ministry of Health and Family Welfare, Govt. of India Page 510 of 963
(3), Sub-section (i) shall be on voluntary basis for a period commencing on the day on which this notification shall come into force and ending on the 31st March, 2019 and thereafter shall be mandatory.]",
544,Diflorasone diacetate,SCHEDULE H,(See rules 65 and 97),G.S.R. 360(E),01-07-2024,,502-509,"Note: —1. Preparations exempted under proviso to para 2 of Note to Schedule X shall also be covered by this Schedule.
2. The salts, esters, derivatives and preparations containing the above substances excluding those intended for topical or external use (except ophthalmic and ear/nose preparations containing antibiotics and/or steroids) are also covered by this Schedule.
3. The inclusion of a substance in this Schedule does not imply or convey that the substance is exempted from the provisions of Rule 122A/122B.]
1122[4. The salts, esters, derivatives and preparations containing 1123[steroids or Hydroquinone] for topical or external use shall also be covered under this Schedule.
1124[5. Notwithstanding anything contained in these rules, the provisions of rule 65 and rule 97 in respect or drugs specified from serial number 538 to serial number 551 inserted vide Notification number G.S.R. 277(E), dated 23rd March, 2018 published in the Gazette of India, Extraordinary, Part II, Section
Central Drugs Standard Control Organization, Ministry of Health and Family Welfare, Govt. of India Page 510 of 963
(3), Sub-section (i) shall be on voluntary basis for a period commencing on the day on which this notification shall come into force and ending on the 31st March, 2019 and thereafter shall be mandatory.]",
545,Fluocinonide,SCHEDULE H,(See rules 65 and 97),G.S.R. 360(E),01-07-2024,,502-509,"Note: —1. Preparations exempted under proviso to para 2 of Note to Schedule X shall also be covered by this Schedule.
2. The salts, esters, derivatives and preparations containing the above substances excluding those intended for topical or external use (except ophthalmic and ear/nose preparations containing antibiotics and/or steroids) are also covered by this Schedule.
3. The inclusion of a substance in this Schedule does not imply or convey that the substance is exempted from the provisions of Rule 122A/122B.]
1122[4. The salts, esters, derivatives and preparations containing 1123[steroids or Hydroquinone] for topical or external use shall also be covered under this Schedule.
1124[5. Notwithstanding anything contained in these rules, the provisions of rule 65 and rule 97 in respect or drugs specified from serial number 538 to serial number 551 inserted vide Notification number G.S.R. 277(E), dated 23rd March, 2018 published in the Gazette of India, Extraordinary, Part II, Section
Central Drugs Standard Control Organization, Ministry of Health and Family Welfare, Govt. of India Page 510 of 963
(3), Sub-section (i) shall be on voluntary basis for a period commencing on the day on which this notification shall come into force and ending on the 31st March, 2019 and thereafter shall be mandatory.]",
546,Huocinolone acetonide,SCHEDULE H,(See rules 65 and 97),G.S.R. 360(E),01-07-2024,,502-509,"Note: —1. Preparations exempted under proviso to para 2 of Note to Schedule X shall also be covered by this Schedule.
2. The salts, esters, derivatives and preparations containing the above substances excluding those intended for topical or external use (except ophthalmic and ear/nose preparations containing antibiotics and/or steroids) are also covered by this Schedule.
3. The inclusion of a substance in this Schedule does not imply or convey that the substance is exempted from the provisions of Rule 122A/122B.]
1122[4. The salts, esters, derivatives and preparations containing 1123[steroids or Hydroquinone] for topical or external use shall also be covered under this Schedule.
1124[5. Notwithstanding anything contained in these rules, the provisions of rule 65 and rule 97 in respect or drugs specified from serial number 538 to serial number 551 inserted vide Notification number G.S.R. 277(E), dated 23rd March, 2018 published in the Gazette of India, Extraordinary, Part II, Section
Central Drugs Standard Control Organization, Ministry of Health and Family Welfare, Govt. of India Page 510 of 963
(3), Sub-section (i) shall be on voluntary basis for a period commencing on the day on which this notification shall come into force and ending on the 31st March, 2019 and thereafter shall be mandatory.]",
547,Halobetasol propionate,SCHEDULE H,(See rules 65 and 97),G.S.R. 360(E),01-07-2024,01-07-2024,502-509,"Note: —1. Preparations exempted under proviso to para 2 of Note to Schedule X shall also be covered by this Schedule.
2. The salts, esters, derivatives and preparations containing the above substances excluding those intended for topical or external use (except ophthalmic and ear/nose preparations containing antibiotics and/or steroids) are also covered by this Schedule.
3. The inclusion of a substance in this Schedule does not imply or convey that the substance is exempted from the provisions of Rule 122A/122B.]
1122[4. The salts, esters, derivatives and preparations containing 1123[steroids or Hydroquinone] for topical or external use shall also be covered under this Schedule.
1124[5. Notwithstanding anything contained in these rules, the provisions of rule 65 and rule 97 in respect or drugs specified from serial number 538 to serial number 551 inserted vide Notification number G.S.R. 277(E), dated 23rd March, 2018 published in the Gazette of India, Extraordinary, Part II, Section
Central Drugs Standard Control Organization, Ministry of Health and Family Welfare, Govt. of India Page 510 of 963
(3), Sub-section (i) shall be on voluntary basis for a period commencing on the day on which this notification shall come into force and ending on the 31st March, 2019 and thereafter shall be mandatory.]",
548,Halometasone,SCHEDULE H,(See rules 65 and 97),G.S.R. 360(E),01-07-2024,01-07-2024,502-509,"Note: —1. Preparations exempted under proviso to para 2 of Note to Schedule X shall also be covered by this Schedule.
2. The salts, esters, derivatives and preparations containing the above substances excluding those intended for topical or external use (except ophthalmic and ear/nose preparations containing antibiotics and/or steroids) are also covered by this Schedule.
3. The inclusion of a substance in this Schedule does not imply or convey that the substance is exempted from the provisions of Rule 122A/122B.]
1122[4. The salts, esters, derivatives and preparations containing 1123[steroids or Hydroquinone] for topical or external use shall also be covered under this Schedule.
1124[5. Notwithstanding anything contained in these rules, the provisions of rule 65 and rule 97 in respect or drugs specified from serial number 538 to serial number 551 inserted vide Notification number G.S.R. 277(E), dated 23rd March, 2018 published in the Gazette of India, Extraordinary, Part II, Section
Central Drugs Standard Control Organization, Ministry of Health and Family Welfare, Govt. of India Page 510 of 963
(3), Sub-section (i) shall be on voluntary basis for a period commencing on the day on which this notification shall come into force and ending on the 31st March, 2019 and thereafter shall be mandatory.]",
549,Methylprednisone,SCHEDULE H,(See rules 65 and 97),G.S.R. 360(E),01-07-2024,01-07-2024,502-509,"Note: —1. Preparations exempted under proviso to para 2 of Note to Schedule X shall also be covered by this Schedule.
2. The salts, esters, derivatives and preparations containing the above substances excluding those intended for topical or external use (except ophthalmic and ear/nose preparations containing antibiotics and/or steroids) are also covered by this Schedule.
3. The inclusion of a substance in this Schedule does not imply or convey that the substance is exempted from the provisions of Rule 122A/122B.]
1122[4. The salts, esters, derivatives and preparations containing 1123[steroids or Hydroquinone] for topical or external use shall also be covered under this Schedule.
1124[5. Notwithstanding anything contained in these rules, the provisions of rule 65 and rule 97 in respect or drugs specified from serial number 538 to serial number 551 inserted vide Notification number G.S.R. 277(E), dated 23rd March, 2018 published in the Gazette of India, Extraordinary, Part II, Section
Central Drugs Standard Control Organization, Ministry of Health and Family Welfare, Govt. of India Page 510 of 963
(3), Sub-section (i) shall be on voluntary basis for a period commencing on the day on which this notification shall come into force and ending on the 31st March, 2019 and thereafter shall be mandatory.]",
550,Prednicarbate,SCHEDULE H,(See rules 65 and 97),G.S.R. 360(E),01-07-2024,01-07-2024,502-509,"Note: —1. Preparations exempted under proviso to para 2 of Note to Schedule X shall also be covered by this Schedule.
2. The salts, esters, derivatives and preparations containing the above substances excluding those intended for topical or external use (except ophthalmic and ear/nose preparations containing antibiotics and/or steroids) are also covered by this Schedule.
3. The inclusion of a substance in this Schedule does not imply or convey that the substance is exempted from the provisions of Rule 122A/122B.]
1122[4. The salts, esters, derivatives and preparations containing 1123[steroids or Hydroquinone] for topical or external use shall also be covered under this Schedule.
1124[5. Notwithstanding anything contained in these rules, the provisions of rule 65 and rule 97 in respect or drugs specified from serial number 538 to serial number 551 inserted vide Notification number G.S.R. 277(E), dated 23rd March, 2018 published in the Gazette of India, Extraordinary, Part II, Section
Central Drugs Standard Control Organization, Ministry of Health and Family Welfare, Govt. of India Page 510 of 963
(3), Sub-section (i) shall be on voluntary basis for a period commencing on the day on which this notification shall come into force and ending on the 31st March, 2019 and thereafter shall be mandatory.]",
551,Triamcinolone acetonide,SCHEDULE H,(See rules 65 and 97),G.S.R. 360(E),01-07-2024,01-07-2024,502-509,"Note: —1. Preparations exempted under proviso to para 2 of Note to Schedule X shall also be covered by this Schedule.
2. The salts, esters, derivatives and preparations containing the above substances excluding those intended for topical or external use (except ophthalmic and ear/nose preparations containing antibiotics and/or steroids) are also covered by this Schedule.
3. The inclusion of a substance in this Schedule does not imply or convey that the substance is exempted from the provisions of Rule 122A/122B.]
1122[4. The salts, esters, derivatives and preparations containing 1123[steroids or Hydroquinone] for topical or external use shall also be covered under this Schedule.
1124[5. Notwithstanding anything contained in these rules, the provisions of rule 65 and rule 97 in respect or drugs specified from serial number 538 to serial number 551 inserted vide Notification number G.S.R. 277(E), dated 23rd March, 2018 published in the Gazette of India, Extraordinary, Part II, Section
Central Drugs Standard Control Organization, Ministry of Health and Family Welfare, Govt. of India Page 510 of 963
(3), Sub-section (i) shall be on voluntary basis for a period commencing on the day on which this notification shall come into force and ending on the 31st March, 2019 and thereafter shall be mandatory.]",
552,Acitretin [1336],SCHEDULE H,(See rules 65 and 97),G.S.R. 360(E),01-07-2024,01-07-2024,502-509,"Note: —1. Preparations exempted under proviso to para 2 of Note to Schedule X shall also be covered by this Schedule.
2. The salts, esters, derivatives and preparations containing the above substances excluding those intended for topical or external use (except ophthalmic and ear/nose preparations containing antibiotics and/or steroids) are also covered by this Schedule.
3. The inclusion of a substance in this Schedule does not imply or convey that the substance is exempted from the provisions of Rule 122A/122B.]
1122[4. The salts, esters, derivatives and preparations containing 1123[steroids or Hydroquinone] for topical or external use shall also be covered under this Schedule.
1124[5. Notwithstanding anything contained in these rules, the provisions of rule 65 and rule 97 in respect or drugs specified from serial number 538 to serial number 551 inserted vide Notification number G.S.R. 277(E), dated 23rd March, 2018 published in the Gazette of India, Extraordinary, Part II, Section
Central Drugs Standard Control Organization, Ministry of Health and Family Welfare, Govt. of India Page 510 of 963
(3), Sub-section (i) shall be on voluntary basis for a period commencing on the day on which this notification shall come into force and ending on the 31st March, 2019 and thereafter shall be mandatory.]",Ins. By G.S.R. 357(E) dated 18-05-2022 (w.e.f. 01-11-2022)
1,Alprazolam,SCHEDULE H1,(See rules 65 and 97),G.S.R. 360(E),01-07-2024,01-07-2024,510,,
2,Balofloxacin,SCHEDULE H1,(See rules 65 and 97),G.S.R. 360(E),01-07-2024,01-07-2024,510,,
3,Buprenorphine,SCHEDULE H1,(See rules 65 and 97),G.S.R. 360(E),01-07-2024,01-07-2024,510,,
4,Capreomycin,SCHEDULE H1,(See rules 65 and 97),G.S.R. 360(E),01-07-2024,01-07-2024,510,,
5,Cerdinir,SCHEDULE H1,(See rules 65 and 97),G.S.R. 360(E),01-07-2024,01-07-2024,510,,
6,Cefditoren,SCHEDULE H1,(See rules 65 and 97),G.S.R. 360(E),01-07-2024,01-07-2024,510,,
7,Cefepime,SCHEDULE H1,(See rules 65 and 97),G.S.R. 360(E),01-07-2024,01-07-2024,510,,
8,Cefetamet,SCHEDULE H1,(See rules 65 and 97),G.S.R. 360(E),01-07-2024,01-07-2024,510,,
9,Cefixime,SCHEDULE H1,(See rules 65 and 97),G.S.R. 360(E),01-07-2024,01-07-2024,510,,
10,Cefoperazone,SCHEDULE H1,(See rules 65 and 97),G.S.R. 360(E),01-07-2024,01-07-2024,510,,
11,Cefotaxime,SCHEDULE H1,(See rules 65 and 97),G.S.R. 360(E),01-07-2024,01-07-2024,510,,
12,Cefpirome,SCHEDULE H1,(See rules 65 and 97),G.S.R. 360(E),01-07-2024,01-07-2024,510,,
13,Cefpodoxime,SCHEDULE H1,(See rules 65 and 97),G.S.R. 360(E),01-07-2024,01-07-2024,510,,
14,Ceftazidime,SCHEDULE H1,(See rules 65 and 97),G.S.R. 360(E),01-07-2024,01-07-2024,510,,
15,Ceftibuten,SCHEDULE H1,(See rules 65 and 97),G.S.R. 360(E),01-07-2024,01-07-2024,510,,
16,Ceftizoxime,SCHEDULE H1,(See rules 65 and 97),G.S.R. 360(E),01-07-2024,01-07-2024,510,,
17,Ceftriaxone,SCHEDULE H1,(See rules 65 and 97),G.S.R. 360(E),01-07-2024,01-07-2024,510,,
18,Chlordiazepoxide,SCHEDULE H1,(See rules 65 and 97),G.S.R. 360(E),01-07-2024,01-07-2024,510,,
19,Clofazimine,SCHEDULE H1,(See rules 65 and 97),G.S.R. 360(E),01-07-2024,01-07-2024,510,,
20,Codeine,SCHEDULE H1,(See rules 65 and 97),G.S.R. 360(E),01-07-2024,01-07-2024,510,,
21,Cycloserine,SCHEDULE H1,(See rules 65 and 97),G.S.R. 360(E),01-07-2024,01-07-2024,510,,
22,Diazepam,SCHEDULE H1,(See rules 65 and 97),G.S.R. 360(E),01-07-2024,01-07-2024,510,,
23,Diphenoxylate,SCHEDULE H1,(See rules 65 and 97),G.S.R. 360(E),01-07-2024,01-07-2024,510,,
24,Doripenem,SCHEDULE H1,(See rules 65 and 97),G.S.R. 360(E),01-07-2024,01-07-2024,510,,
25,Ertapenem,SCHEDULE H1,(See rules 65 and 97),G.S.R. 360(E),01-07-2024,01-07-2024,510,,
26,Ethambutol Hydrochloride,SCHEDULE H1,(See rules 65 and 97),G.S.R. 360(E),01-07-2024,01-07-2024,510,,
27,Ethionamide,SCHEDULE H1,(See rules 65 and 97),G.S.R. 360(E),01-07-2024,01-07-2024,510,,
28,Feropenem,SCHEDULE H1,(See rules 65 and 97),G.S.R. 360(E),01-07-2024,01-07-2024,510,,
29,Gemifloxacin,SCHEDULE H1,(See rules 65 and 97),G.S.R. 360(E),01-07-2024,01-07-2024,510,,
30,Imipenem,SCHEDULE H1,(See rules 65 and 97),G.S.R. 360(E),01-07-2024,01-07-2024,510,,
31,lsoniazid,SCHEDULE H1,(See rules 65 and 97),G.S.R. 360(E),01-07-2024,01-07-2024,510,,
32,Levofloxacin,SCHEDULE H1,(See rules 65 and 97),G.S.R. 360(E),01-07-2024,01-07-2024,510,,
33,Meropenem,SCHEDULE H1,(See rules 65 and 97),G.S.R. 360(E),01-07-2024,01-07-2024,510,,
34,Midazolam,SCHEDULE H1,(See rules 65 and 97),G.S.R. 360(E),01-07-2024,01-07-2024,510,,
35,Moxifloxacin,SCHEDULE H1,(See rules 65 and 97),G.S.R. 360(E),01-07-2024,01-07-2024,510,,
36,Nitrazepam,SCHEDULE H1,(See rules 65 and 97),G.S.R. 360(E),01-07-2024,01-07-2024,510,,
37,Pentazocine,SCHEDULE H1,(See rules 65 and 97),G.S.R. 360(E),01-07-2024,01-07-2024,510,,
38,Prulifloxacin,SCHEDULE H1,(See rules 65 and 97),G.S.R. 360(E),01-07-2024,01-07-2024,510,,
39,Pyrazinamide,SCHEDULE H1,(See rules 65 and 97),G.S.R. 360(E),01-07-2024,01-07-2024,510,,
40,Rifabutin,SCHEDULE H1,(See rules 65 and 97),G.S.R. 360(E),01-07-2024,01-07-2024,510,,
41,Rifampicin,SCHEDULE H1,(See rules 65 and 97),G.S.R. 360(E),01-07-2024,01-07-2024,510,,
42,SodiumPara-aminosalicylate,SCHEDULE H1,(See rules 65 and 97),G.S.R. 360(E),01-07-2024,01-07-2024,510,,
43,Sparfloxacin,SCHEDULE H1,(See rules 65 and 97),G.S.R. 360(E),01-07-2024,01-07-2024,510,,
44,Tniacetazone,SCHEDULE H1,(See rules 65 and 97),G.S.R. 360(E),01-07-2024,01-07-2024,510,,
45,Tramadol,SCHEDULE H1,(See rules 65 and 97),G.S.R. 360(E),01-07-2024,01-07-2024,510,,
46,Zolpidem,SCHEDULE H1,(See rules 65 and 97),G.S.R. 360(E),01-07-2024,01-07-2024,510,,
47,Oxytocin [1126],SCHEDULE H1,(See rules 65 and 97),G.S.R. 360(E),01-07-2024,01-07-2024,510,,"Ins. by G.S.R. 795(E) dated 21st August, 2018 (w.e.f. 1-9-2018)."
48,Tapentadol [1127],SCHEDULE H1,(See rules 65 and 97),G.S.R. 360(E),01-07-2024,01-07-2024,510,,"Ins. By G.S.R. 258(E) dated 7th April, 2021 (w.e.f. 1-11-2021)."
49,Oseltamivir [1341],SCHEDULE H1,(See rules 65 and 97),G.S.R. 360(E),01-07-2024,01-07-2024,510,,Ins. By G.S.R 95(E) dated 05.02.2024 (w.e.f. 05.02.2024).
50,Zanamivir [1341],SCHEDULE H1,(See rules 65 and 97),G.S.R. 360(E),01-07-2024,01-07-2024,510,,Ins. By G.S.R 95(E) dated 05.02.2024 (w.e.f. 05.02.2024).
51,Pregabalin,SCHEDULE H1,(See rules 65 and 97),G.S.R. 377(E),13-05-2026,09-11-2026,-,,Ins. By G.S.R. 377(E) dated 13.05.2026 (w.e.f. 09.11.2026).
52,All oral formulations containing more than 12% alcohol v/v (Ethyl Alcohol) packed and sold inpackings or bottles of more than 30 milliliters.,SCHEDULE H1,(See rules 65 and 97),G.S.R. 607(E),08-07-2026,04-01-2027,-,,Ins. By G.S.R. 607(E) dated 08.07.2026 (w.e.f. 04.01.2027).
1,ACILOC 150 MG TABLET 30,SCHEDULE H2,[See sub-rules (6) and (7) of rule 96],G.S.R. 360(E),01-07-2024,01-07-2024,510-517,,
2,ACILOC 300 MG TABLET 20,SCHEDULE H2,[See sub-rules (6) and (7) of rule 96],G.S.R. 360(E),01-07-2024,01-07-2024,510-517,,
3,ACTEMRA 400 MG INJECTION 1,SCHEDULE H2,[See sub-rules (6) and (7) of rule 96],G.S.R. 360(E),01-07-2024,01-07-2024,510-517,,
4,ACTRAPID HUMAN 40 IU INJECTION 10 ML,SCHEDULE H2,[See sub-rules (6) and (7) of rule 96],G.S.R. 360(E),01-07-2024,01-07-2024,510-517,,
5,AEROCORT WITH DOSE COUNTER 50/50 MCG INHALER 200 MDI,SCHEDULE H2,[See sub-rules (6) and (7) of rule 96],G.S.R. 360(E),01-07-2024,01-07-2024,510-517,,
6,AJADUO 25/5 MG TABLET 10,SCHEDULE H2,[See sub-rules (6) and (7) of rule 96],G.S.R. 360(E),01-07-2024,01-07-2024,510-517,,
7,ALLEGRA 120 MG TABLET 10,SCHEDULE H2,[See sub-rules (6) and (7) of rule 96],G.S.R. 360(E),01-07-2024,01-07-2024,510-517,,
8,ALLEGRA 180 MG TABLET 10,SCHEDULE H2,[See sub-rules (6) and (7) of rule 96],G.S.R. 360(E),01-07-2024,01-07-2024,510-517,,
9,AMBISOME 50 MG INJECTION 20 ML,SCHEDULE H2,[See sub-rules (6) and (7) of rule 96],G.S.R. 360(E),01-07-2024,01-07-2024,510-517,,
10,AMICIN 500 MG INJECTION 2 ML,SCHEDULE H2,[See sub-rules (6) and (7) of rule 96],G.S.R. 360(E),01-07-2024,01-07-2024,510-517,,
11,AMLOKIND-AT 50/5 MG TABLET 10,SCHEDULE H2,[See sub-rules (6) and (7) of rule 96],G.S.R. 360(E),01-07-2024,01-07-2024,510-517,,
12,ASCORIL D PLUS NEW 5/2/10 MG SYRUP 100 ML,SCHEDULE H2,[See sub-rules (6) and (7) of rule 96],G.S.R. 360(E),01-07-2024,01-07-2024,510-517,,
13,ASCORIL LS 1/30/50 MG SYRUP 100 ML,SCHEDULE H2,[See sub-rules (6) and (7) of rule 96],G.S.R. 360(E),01-07-2024,01-07-2024,510-517,,
14,ASCORIL PLUS 50/1.25/2 MG EXPECTORANT 120 ML,SCHEDULE H2,[See sub-rules (6) and (7) of rule 96],G.S.R. 360(E),01-07-2024,01-07-2024,510-517,,
15,ASTHAKIND DX 5/2/15 MG SYRUP 100 ML,SCHEDULE H2,[See sub-rules (6) and (7) of rule 96],G.S.R. 360(E),01-07-2024,01-07-2024,510-517,,
16,ASTHALIN 100 MCG INHALER 200 MDI,SCHEDULE H2,[See sub-rules (6) and (7) of rule 96],G.S.R. 360(E),01-07-2024,01-07-2024,510-517,,
17,AUGMENTIN DUO 500/125 MG TABLET 10,SCHEDULE H2,[See sub-rules (6) and (7) of rule 96],G.S.R. 360(E),01-07-2024,01-07-2024,510-517,,
18,AVOMINE 25 MG TABLET 10,SCHEDULE H2,[See sub-rules (6) and (7) of rule 96],G.S.R. 360(E),01-07-2024,01-07-2024,510-517,,
19,AXCER 90 MG TABLET 14,SCHEDULE H2,[See sub-rules (6) and (7) of rule 96],G.S.R. 360(E),01-07-2024,01-07-2024,510-517,,
20,AZEE 500 MG TABLET 5,SCHEDULE H2,[See sub-rules (6) and (7) of rule 96],G.S.R. 360(E),01-07-2024,01-07-2024,510-517,,
21,AZITHRAL 500 MG TABLET 5,SCHEDULE H2,[See sub-rules (6) and (7) of rule 96],G.S.R. 360(E),01-07-2024,01-07-2024,510-517,,
22,BECOSULES CAPSULE 20,SCHEDULE H2,[See sub-rules (6) and (7) of rule 96],G.S.R. 360(E),01-07-2024,01-07-2024,510-517,,
23,BECOSULES Z CAPSULE 20,SCHEDULE H2,[See sub-rules (6) and (7) of rule 96],G.S.R. 360(E),01-07-2024,01-07-2024,510-517,,
24,BETADINE 10 % OINTMENT 20 GM,SCHEDULE H2,[See sub-rules (6) and (7) of rule 96],G.S.R. 360(E),01-07-2024,01-07-2024,510-517,,
25,BETADINE 10 % SOLUTION 100 ML,SCHEDULE H2,[See sub-rules (6) and (7) of rule 96],G.S.R. 360(E),01-07-2024,01-07-2024,510-517,,
26,BETADINE MINT 2 % GARGLE 100 ML,SCHEDULE H2,[See sub-rules (6) and (7) of rule 96],G.S.R. 360(E),01-07-2024,01-07-2024,510-517,,
27,BETNESOL 0.5 MG TABLET 20,SCHEDULE H2,[See sub-rules (6) and (7) of rule 96],G.S.R. 360(E),01-07-2024,01-07-2024,510-517,,
28,BETNOVATE C 0.1/3 % CREAM 30 GM,SCHEDULE H2,[See sub-rules (6) and (7) of rule 96],G.S.R. 360(E),01-07-2024,01-07-2024,510-517,,
29,BETNOVATE N 0.1/0.5 % CREAM 20 GM,SCHEDULE H2,[See sub-rules (6) and (7) of rule 96],G.S.R. 360(E),01-07-2024,01-07-2024,510-517,,
30,BETNOVATE N 0.1/0.5 % CREAM 25 GM,SCHEDULE H2,[See sub-rules (6) and (7) of rule 96],G.S.R. 360(E),01-07-2024,01-07-2024,510-517,,
31,BETT 0.5 ML INJECTION 0.5 ML,SCHEDULE H2,[See sub-rules (6) and (7) of rule 96],G.S.R. 360(E),01-07-2024,01-07-2024,510-517,,
32,BEVON SYRUP 200 ML,SCHEDULE H2,[See sub-rules (6) and (7) of rule 96],G.S.R. 360(E),01-07-2024,01-07-2024,510-517,,
33,BIO D3 MAX 500 MG/0.25MCG/400MCG/120MG CAPSULE 15,SCHEDULE H2,[See sub-rules (6) and (7) of rule 96],G.S.R. 360(E),01-07-2024,01-07-2024,510-517,,
34,BRILINTA 90 MG TABLET 14,SCHEDULE H2,[See sub-rules (6) and (7) of rule 96],G.S.R. 360(E),01-07-2024,01-07-2024,510-517,,
35,BRO ZEDEX 50/1.25/4 MG SYRUP 100 ML,SCHEDULE H2,[See sub-rules (6) and (7) of rule 96],G.S.R. 360(E),01-07-2024,01-07-2024,510-517,,
36,BUDECORT 0.5 MG RESPULES 2 ML,SCHEDULE H2,[See sub-rules (6) and (7) of rule 96],G.S.R. 360(E),01-07-2024,01-07-2024,510-517,,
37,CALCIROL 60000 IU GRANULES 1 GM,SCHEDULE H2,[See sub-rules (6) and (7) of rule 96],G.S.R. 360(E),01-07-2024,01-07-2024,510-517,,
38,CALDIKIND PLUS 500 MG/0.25MCG/400MCG/60MG CAPSULE 10,SCHEDULE H2,[See sub-rules (6) and (7) of rule 96],G.S.R. 360(E),01-07-2024,01-07-2024,510-517,,
39,CALPOL 500 MG TABLET 15,SCHEDULE H2,[See sub-rules (6) and (7) of rule 96],G.S.R. 360(E),01-07-2024,01-07-2024,510-517,,
40,CALPOL 650 MG TABLET 15,SCHEDULE H2,[See sub-rules (6) and (7) of rule 96],G.S.R. 360(E),01-07-2024,01-07-2024,510-517,,
41,CALPOL PEAD 250 MG SUSPENSION 60 ML,SCHEDULE H2,[See sub-rules (6) and (7) of rule 96],G.S.R. 360(E),01-07-2024,01-07-2024,510-517,,
42,CANDIFORCE 200 MG CAPSULE 7,SCHEDULE H2,[See sub-rules (6) and (7) of rule 96],G.S.R. 360(E),01-07-2024,01-07-2024,510-517,,
43,CCM 250 MG TABLET 40,SCHEDULE H2,[See sub-rules (6) and (7) of rule 96],G.S.R. 360(E),01-07-2024,01-07-2024,510-517,,
44,CEFAKIND 500 MG TABLET 10,SCHEDULE H2,[See sub-rules (6) and (7) of rule 96],G.S.R. 360(E),01-07-2024,01-07-2024,510-517,,
45,CEFTUM 500 MG TABLET 4,SCHEDULE H2,[See sub-rules (6) and (7) of rule 96],G.S.R. 360(E),01-07-2024,01-07-2024,510-517,,
46,CEPODEM 200 MG TABLET 10,SCHEDULE H2,[See sub-rules (6) and (7) of rule 96],G.S.R. 360(E),01-07-2024,01-07-2024,510-517,,
47,CHYMORAL FORTE 100000 IU TABLET 20,SCHEDULE H2,[See sub-rules (6) and (7) of rule 96],G.S.R. 360(E),01-07-2024,01-07-2024,510-517,,
48,CIDMUS 24/26 MG TABLET 14,SCHEDULE H2,[See sub-rules (6) and (7) of rule 96],G.S.R. 360(E),01-07-2024,01-07-2024,510-517,,
49,CILACAR 10 MG TABLET 15,SCHEDULE H2,[See sub-rules (6) and (7) of rule 96],G.S.R. 360(E),01-07-2024,01-07-2024,510-517,,
50,CIPREMI 100 MG INJECTION 1,SCHEDULE H2,[See sub-rules (6) and (7) of rule 96],G.S.R. 360(E),01-07-2024,01-07-2024,510-517,,
51,CLARIBID 500 MG TABLET 10,SCHEDULE H2,[See sub-rules (6) and (7) of rule 96],G.S.R. 360(E),01-07-2024,01-07-2024,510-517,,
52,CLAVAM 500/125 MG TABLET 10,SCHEDULE H2,[See sub-rules (6) and (7) of rule 96],G.S.R. 360(E),01-07-2024,01-07-2024,510-517,,
53,CLEXANE 40 MG INJECTION 0.4 ML,SCHEDULE H2,[See sub-rules (6) and (7) of rule 96],G.S.R. 360(E),01-07-2024,01-07-2024,510-517,,
54,CLEXANE 60 MG INJECTION 0.6 ML,SCHEDULE H2,[See sub-rules (6) and (7) of rule 96],G.S.R. 360(E),01-07-2024,01-07-2024,510-517,,
55,COBADEX CZS TABLET 15,SCHEDULE H2,[See sub-rules (6) and (7) of rule 96],G.S.R. 360(E),01-07-2024,01-07-2024,510-517,,
56,CODISTAR 4/10 MG SYRUP 100 ML,SCHEDULE H2,[See sub-rules (6) and (7) of rule 96],G.S.R. 360(E),01-07-2024,01-07-2024,510-517,,
57,COMBIFLAM 400/325 MG TABLET 20,SCHEDULE H2,[See sub-rules (6) and (7) of rule 96],G.S.R. 360(E),01-07-2024,01-07-2024,510-517,,
58,CONCOR 5 MG TABLET 10,SCHEDULE H2,[See sub-rules (6) and (7) of rule 96],G.S.R. 360(E),01-07-2024,01-07-2024,510-517,,
59,COREX DX 4/10 MG SYRUP 100 ML,SCHEDULE H2,[See sub-rules (6) and (7) of rule 96],G.S.R. 360(E),01-07-2024,01-07-2024,510-517,,
60,CREMAFFIN PLUS SF 1.25 ML/3.75ML/3.33MG LIQUID 225 ML,SCHEDULE H2,[See sub-rules (6) and (7) of rule 96],G.S.R. 360(E),01-07-2024,01-07-2024,510-517,,
61,CYPON 275/2 MG SYRUP 200 ML,SCHEDULE H2,[See sub-rules (6) and (7) of rule 96],G.S.R. 360(E),01-07-2024,01-07-2024,510-517,,
62,CYRA D 30/20 MG TABLET SR 10,SCHEDULE H2,[See sub-rules (6) and (7) of rule 96],G.S.R. 360(E),01-07-2024,01-07-2024,510-517,,
63,DALACIN C 300 MG CAPSULE 10,SCHEDULE H2,[See sub-rules (6) and (7) of rule 96],G.S.R. 360(E),01-07-2024,01-07-2024,510-517,,
64,DECA DURABOLIN 50 MG INJECTION 1,SCHEDULE H2,[See sub-rules (6) and (7) of rule 96],G.S.R. 360(E),01-07-2024,01-07-2024,510-517,,
65,DEFCORT 6 MG TABLET 10,SCHEDULE H2,[See sub-rules (6) and (7) of rule 96],G.S.R. 360(E),01-07-2024,01-07-2024,510-517,,
66,DERIPHYLLIN 25.3/84.7 MG INJECTION 2 ML,SCHEDULE H2,[See sub-rules (6) and (7) of rule 96],G.S.R. 360(E),01-07-2024,01-07-2024,510-517,,
67,DEROBIN 1.15/1.15/5.3 % OINTMENT 30 GM,SCHEDULE H2,[See sub-rules (6) and (7) of rule 96],G.S.R. 360(E),01-07-2024,01-07-2024,510-517,,
68,DEXONA (VIAL) 4 MG INJECTION 2 ML,SCHEDULE H2,[See sub-rules (6) and (7) of rule 96],G.S.R. 360(E),01-07-2024,01-07-2024,510-517,,
69,DEXORANGE 160 MG/0.5MG/7.5MCG SYRUP 200 ML,SCHEDULE H2,[See sub-rules (6) and (7) of rule 96],G.S.R. 360(E),01-07-2024,01-07-2024,510-517,,
70,DOLO 650 MG TABLET 15,SCHEDULE H2,[See sub-rules (6) and (7) of rule 96],G.S.R. 360(E),01-07-2024,01-07-2024,510-517,,
71,DOLONEX 20 MG TABLET DT 15,SCHEDULE H2,[See sub-rules (6) and (7) of rule 96],G.S.R. 360(E),01-07-2024,01-07-2024,510-517,,
72,DOXINATE 10/10 MG TABLET 30,SCHEDULE H2,[See sub-rules (6) and (7) of rule 96],G.S.R. 360(E),01-07-2024,01-07-2024,510-517,,
73,DOXT SL 100 MG/5BIU CAPSULE 10,SCHEDULE H2,[See sub-rules (6) and (7) of rule 96],G.S.R. 360(E),01-07-2024,01-07-2024,510-517,,
74,DOXY 1 FORTE L DR 100 MG/5BIU CAPSULE 10,SCHEDULE H2,[See sub-rules (6) and (7) of rule 96],G.S.R. 360(E),01-07-2024,01-07-2024,510-517,,
75,DULCOFLEX 5 MG TABLET 10,SCHEDULE H2,[See sub-rules (6) and (7) of rule 96],G.S.R. 360(E),01-07-2024,01-07-2024,510-517,,
76,DUOLIN 3 1.25 MG/500MCG RESPULES 3 ML,SCHEDULE H2,[See sub-rules (6) and (7) of rule 96],G.S.R. 360(E),01-07-2024,01-07-2024,510-517,,
77,DUPHASTON 10 MG TABLET 10,SCHEDULE H2,[See sub-rules (6) and (7) of rule 96],G.S.R. 360(E),01-07-2024,01-07-2024,510-517,,
78,DYDROBOON 10 MG TABLET 10,SCHEDULE H2,[See sub-rules (6) and (7) of rule 96],G.S.R. 360(E),01-07-2024,01-07-2024,510-517,,
79,DYNAPAR AQ 75 MG INJECTION 1 ML,SCHEDULE H2,[See sub-rules (6) and (7) of rule 96],G.S.R. 360(E),01-07-2024,01-07-2024,510-517,,
80,EASY SIX PREFILLED SYRINGE 0.5 ML,SCHEDULE H2,[See sub-rules (6) and (7) of rule 96],G.S.R. 360(E),01-07-2024,01-07-2024,510-517,,
81,ECOSPRIN AV 10/75 MG CAPSULE 15,SCHEDULE H2,[See sub-rules (6) and (7) of rule 96],G.S.R. 360(E),01-07-2024,01-07-2024,510-517,,
82,ECOSPRIN GOLD 75/20/75 MG TABLET 15,SCHEDULE H2,[See sub-rules (6) and (7) of rule 96],G.S.R. 360(E),01-07-2024,01-07-2024,510-517,,
83,ELAXIM 40 MG INJECTION 1,SCHEDULE H2,[See sub-rules (6) and (7) of rule 96],G.S.R. 360(E),01-07-2024,01-07-2024,510-517,,
84,ELECTRAL SACHET 21.8 GM,SCHEDULE H2,[See sub-rules (6) and (7) of rule 96],G.S.R. 360(E),01-07-2024,01-07-2024,510-517,,
85,ELIQUIS 2.5 MG TABLET 10,SCHEDULE H2,[See sub-rules (6) and (7) of rule 96],G.S.R. 360(E),01-07-2024,01-07-2024,510-517,,
86,ELIQUIS 5 MG TABLET 10,SCHEDULE H2,[See sub-rules (6) and (7) of rule 96],G.S.R. 360(E),01-07-2024,01-07-2024,510-517,,
87,ELTROXIN 100 MCG TABLET 120,SCHEDULE H2,[See sub-rules (6) and (7) of rule 96],G.S.R. 360(E),01-07-2024,01-07-2024,510-517,,
88,ENTEROGERMINA 2 BIU ORAL SUSPENSION 5 ML,SCHEDULE H2,[See sub-rules (6) and (7) of rule 96],G.S.R. 360(E),01-07-2024,01-07-2024,510-517,,
89,EXHEP 40 MG PREFILLED SYRINGE 0.4 ML,SCHEDULE H2,[See sub-rules (6) and (7) of rule 96],G.S.R. 360(E),01-07-2024,01-07-2024,510-517,,
90,FABIFLU 200 MG TABLET 34,SCHEDULE H2,[See sub-rules (6) and (7) of rule 96],G.S.R. 360(E),01-07-2024,01-07-2024,510-517,,
91,FABIFLU 400 MG TABLET 17,SCHEDULE H2,[See sub-rules (6) and (7) of rule 96],G.S.R. 360(E),01-07-2024,01-07-2024,510-517,,
92,FABIFLU COPACK 800 MG TABLET 18,SCHEDULE H2,[See sub-rules (6) and (7) of rule 96],G.S.R. 360(E),01-07-2024,01-07-2024,510-517,,
93,FARONEM 200 MG TABLET 10,SCHEDULE H2,[See sub-rules (6) and (7) of rule 96],G.S.R. 360(E),01-07-2024,01-07-2024,510-517,,
94,FARONEM 300 MG TABLET ER 10,SCHEDULE H2,[See sub-rules (6) and (7) of rule 96],G.S.R. 360(E),01-07-2024,01-07-2024,510-517,,
95,FORACORT 20/500 MCG RESPULES 2 ML,SCHEDULE H2,[See sub-rules (6) and (7) of rule 96],G.S.R. 360(E),01-07-2024,01-07-2024,510-517,,
96,FORACORT 6/200 MCG ROTACAP 30,SCHEDULE H2,[See sub-rules (6) and (7) of rule 96],G.S.R. 360(E),01-07-2024,01-07-2024,510-517,,
97,FORACORT 6/400 MCG ROTACAP 30,SCHEDULE H2,[See sub-rules (6) and (7) of rule 96],G.S.R. 360(E),01-07-2024,01-07-2024,510-517,,
98,FORXIGA 10 MG TABLET 14,SCHEDULE H2,[See sub-rules (6) and (7) of rule 96],G.S.R. 360(E),01-07-2024,01-07-2024,510-517,,
99,GABAPIN NT 400/10 MG TABLET 15,SCHEDULE H2,[See sub-rules (6) and (7) of rule 96],G.S.R. 360(E),01-07-2024,01-07-2024,510-517,,
100,GALVUS 50 MG TABLET 15,SCHEDULE H2,[See sub-rules (6) and (7) of rule 96],G.S.R. 360(E),01-07-2024,01-07-2024,510-517,,
101,GALVUS MET 50/1000 MG TABLET 15,SCHEDULE H2,[See sub-rules (6) and (7) of rule 96],G.S.R. 360(E),01-07-2024,01-07-2024,510-517,,
102,GALVUS MET 50/500 MG TABLET 15,SCHEDULE H2,[See sub-rules (6) and (7) of rule 96],G.S.R. 360(E),01-07-2024,01-07-2024,510-517,,
103,GEFTINAT 250 MG TABLET 30,SCHEDULE H2,[See sub-rules (6) and (7) of rule 96],G.S.R. 360(E),01-07-2024,01-07-2024,510-517,,
104,GELUSIL MPS 250/50/250 MG LIQUID 200 ML,SCHEDULE H2,[See sub-rules (6) and (7) of rule 96],G.S.R. 360(E),01-07-2024,01-07-2024,510-517,,
105,GEMCAL 500 MG/0.25MCG/7.5MG CAPSULE 15,SCHEDULE H2,[See sub-rules (6) and (7) of rule 96],G.S.R. 360(E),01-07-2024,01-07-2024,510-517,,
106,GEMER 2/500 MG TABLET 10,SCHEDULE H2,[See sub-rules (6) and (7) of rule 96],G.S.R. 360(E),01-07-2024,01-07-2024,510-517,,
107,GIBTULIO 25 MG TABLET 10,SCHEDULE H2,[See sub-rules (6) and (7) of rule 96],G.S.R. 360(E),01-07-2024,01-07-2024,510-517,,
108,GLUCONORM-G 2/500 MG TABLET 15,SCHEDULE H2,[See sub-rules (6) and (7) of rule 96],G.S.R. 360(E),01-07-2024,01-07-2024,510-517,,
109,GLYCOMET GP 1/500 MG TABLET 15,SCHEDULE H2,[See sub-rules (6) and (7) of rule 96],G.S.R. 360(E),01-07-2024,01-07-2024,510-517,,
110,GLYCOMET GP 2/500 MG TABLET SR 15,SCHEDULE H2,[See sub-rules (6) and (7) of rule 96],G.S.R. 360(E),01-07-2024,01-07-2024,510-517,,
111,GLYNASE MF 5/500 MG TABLET 10,SCHEDULE H2,[See sub-rules (6) and (7) of rule 96],G.S.R. 360(E),01-07-2024,01-07-2024,510-517,,
112,GLYXAMBI 25/5 MG TABLET 10,SCHEDULE H2,[See sub-rules (6) and (7) of rule 96],G.S.R. 360(E),01-07-2024,01-07-2024,510-517,,
113,GRILINCTUS 60/2.5/5/50 MG SYRUP 100 ML,SCHEDULE H2,[See sub-rules (6) and (7) of rule 96],G.S.R. 360(E),01-07-2024,01-07-2024,510-517,,
114,GUDCEF 200 MG TABLET 10,SCHEDULE H2,[See sub-rules (6) and (7) of rule 96],G.S.R. 360(E),01-07-2024,01-07-2024,510-517,,
115,GUDCEF CV 200/125 MG TABLET 10,SCHEDULE H2,[See sub-rules (6) and (7) of rule 96],G.S.R. 360(E),01-07-2024,01-07-2024,510-517,,
116,HCQS 200 MG TABLET 15,SCHEDULE H2,[See sub-rules (6) and (7) of rule 96],G.S.R. 360(E),01-07-2024,01-07-2024,510-517,,
117,HEXAXIM INJECTION 0.5 ML,SCHEDULE H2,[See sub-rules (6) and (7) of rule 96],G.S.R. 360(E),01-07-2024,01-07-2024,510-517,,
118,HUCOG HP 5000 IU INJECTION 1 ML,SCHEDULE H2,[See sub-rules (6) and (7) of rule 96],G.S.R. 360(E),01-07-2024,01-07-2024,510-517,,
119,HUMINSULIN 30/70 100 IU CARTRIDGE 3 ML,SCHEDULE H2,[See sub-rules (6) and (7) of rule 96],G.S.R. 360(E),01-07-2024,01-07-2024,510-517,,
120,INFANRIX HEXA INJECTION 0.5 ML,SCHEDULE H2,[See sub-rules (6) and (7) of rule 96],G.S.R. 360(E),01-07-2024,01-07-2024,510-517,,
121,ISTAMET 50/500 MG TABLET 15,SCHEDULE H2,[See sub-rules (6) and (7) of rule 96],G.S.R. 360(E),01-07-2024,01-07-2024,510-517,,
122,IVABRAD 5 MG TABLET 15,SCHEDULE H2,[See sub-rules (6) and (7) of rule 96],G.S.R. 360(E),01-07-2024,01-07-2024,510-517,,
123,IVERMECTOL NEW 12 MG TABLET 2,SCHEDULE H2,[See sub-rules (6) and (7) of rule 96],G.S.R. 360(E),01-07-2024,01-07-2024,510-517,,
124,JALRA M 50/500 MG TABLET 15,SCHEDULE H2,[See sub-rules (6) and (7) of rule 96],G.S.R. 360(E),01-07-2024,01-07-2024,510-517,,
125,JANUMET 50/1000 MG TABLET 15,SCHEDULE H2,[See sub-rules (6) and (7) of rule 96],G.S.R. 360(E),01-07-2024,01-07-2024,510-517,,
126,JANUMET 50/500 MG TABLET 15,SCHEDULE H2,[See sub-rules (6) and (7) of rule 96],G.S.R. 360(E),01-07-2024,01-07-2024,510-517,,
127,JANUVIA 100 MG TABLET 7,SCHEDULE H2,[See sub-rules (6) and (7) of rule 96],G.S.R. 360(E),01-07-2024,01-07-2024,510-517,,
128,JARDIANCE 10 MG TABLET 10,SCHEDULE H2,[See sub-rules (6) and (7) of rule 96],G.S.R. 360(E),01-07-2024,01-07-2024,510-517,,
129,JARDIANCE 25 MG TABLET 10,SCHEDULE H2,[See sub-rules (6) and (7) of rule 96],G.S.R. 360(E),01-07-2024,01-07-2024,510-517,,
130,KABIMOL 1000 MG INFUSION 100 ML,SCHEDULE H2,[See sub-rules (6) and (7) of rule 96],G.S.R. 360(E),01-07-2024,01-07-2024,510-517,,
131,KARVOL PLUS CAPSULE 10,SCHEDULE H2,[See sub-rules (6) and (7) of rule 96],G.S.R. 360(E),01-07-2024,01-07-2024,510-517,,
132,KENACORT 40 MG INJECTION 1 ML,SCHEDULE H2,[See sub-rules (6) and (7) of rule 96],G.S.R. 360(E),01-07-2024,01-07-2024,510-517,,
133,KETOROL 10 MG TABLET DT 15,SCHEDULE H2,[See sub-rules (6) and (7) of rule 96],G.S.R. 360(E),01-07-2024,01-07-2024,510-517,,
134,KETOSTERIL TABLET 20,SCHEDULE H2,[See sub-rules (6) and (7) of rule 96],G.S.R. 360(E),01-07-2024,01-07-2024,510-517,,
135,LANTUS 100 IU CARTRIDGE 3 ML,SCHEDULE H2,[See sub-rules (6) and (7) of rule 96],G.S.R. 360(E),01-07-2024,01-07-2024,510-517,,
136,LANTUS SOLOSTAR 100 IU DISPOSABLE PEN 3 ML,SCHEDULE H2,[See sub-rules (6) and (7) of rule 96],G.S.R. 360(E),01-07-2024,01-07-2024,510-517,,
137,LEVERA 500 MG TABLET 15,SCHEDULE H2,[See sub-rules (6) and (7) of rule 96],G.S.R. 360(E),01-07-2024,01-07-2024,510-517,,
138,LEVIPIL 500 MG TABLET 10,SCHEDULE H2,[See sub-rules (6) and (7) of rule 96],G.S.R. 360(E),01-07-2024,01-07-2024,510-517,,
139,LIBRAX 2.5/5 MG TABLET 20,SCHEDULE H2,[See sub-rules (6) and (7) of rule 96],G.S.R. 360(E),01-07-2024,01-07-2024,510-517,,
140,LIMCEE CHEW ORANGE 500 MG TABLET 15,SCHEDULE H2,[See sub-rules (6) and (7) of rule 96],G.S.R. 360(E),01-07-2024,01-07-2024,510-517,,
141,LIPAGLYN 4 MG TABLET 10,SCHEDULE H2,[See sub-rules (6) and (7) of rule 96],G.S.R. 360(E),01-07-2024,01-07-2024,510-517,,
142,LMWX 40 MG INJECTION 0.4 ML,SCHEDULE H2,[See sub-rules (6) and (7) of rule 96],G.S.R. 360(E),01-07-2024,01-07-2024,510-517,,
143,LOBATE GM NEO 0.05/0.5/2 % CREAM 15 GM,SCHEDULE H2,[See sub-rules (6) and (7) of rule 96],G.S.R. 360(E),01-07-2024,01-07-2024,510-517,,
144,LONOPIN 40 MG INJECTION 0.4 ML,SCHEDULE H2,[See sub-rules (6) and (7) of rule 96],G.S.R. 360(E),01-07-2024,01-07-2024,510-517,,
145,LOSAR 50 MG TABLET 15,SCHEDULE H2,[See sub-rules (6) and (7) of rule 96],G.S.R. 360(E),01-07-2024,01-07-2024,510-517,,
146,LOSAR H 50/12.5 MG TABLET 15,SCHEDULE H2,[See sub-rules (6) and (7) of rule 96],G.S.R. 360(E),01-07-2024,01-07-2024,510-517,,
147,MACBERY XT 50/1.25/4 MG SYRUP 100 ML,SCHEDULE H2,[See sub-rules (6) and (7) of rule 96],G.S.R. 360(E),01-07-2024,01-07-2024,510-517,,
148,MAGNEX FORTE 1000/500 MG INJECTION 1,SCHEDULE H2,[See sub-rules (6) and (7) of rule 96],G.S.R. 360(E),01-07-2024,01-07-2024,510-517,,
149,MANFORCE 100 MG TABLET 4,SCHEDULE H2,[See sub-rules (6) and (7) of rule 96],G.S.R. 360(E),01-07-2024,01-07-2024,510-517,,
150,MANFORCE 50 MG TABLET 9,SCHEDULE H2,[See sub-rules (6) and (7) of rule 96],G.S.R. 360(E),01-07-2024,01-07-2024,510-517,,
151,MAXTRA 5/2 MG SYRUP 60 ML,SCHEDULE H2,[See sub-rules (6) and (7) of rule 96],G.S.R. 360(E),01-07-2024,01-07-2024,510-517,,
152,MEFTAL SPAS 10/250 MG TABLET 10,SCHEDULE H2,[See sub-rules (6) and (7) of rule 96],G.S.R. 360(E),01-07-2024,01-07-2024,510-517,,
153,MEGALIS 20 MG TABLET 4,SCHEDULE H2,[See sub-rules (6) and (7) of rule 96],G.S.R. 360(E),01-07-2024,01-07-2024,510-517,,
154,MEGANEURON OD PLUS 1500 MCG CAPSULE 10,SCHEDULE H2,[See sub-rules (6) and (7) of rule 96],G.S.R. 360(E),01-07-2024,01-07-2024,510-517,,
155,MENACTRA INJECTION 0.5 ML,SCHEDULE H2,[See sub-rules (6) and (7) of rule 96],G.S.R. 360(E),01-07-2024,01-07-2024,510-517,,
156,MERO 1000 MG INJECTION 1,SCHEDULE H2,[See sub-rules (6) and (7) of rule 96],G.S.R. 360(E),01-07-2024,01-07-2024,510-517,,
157,MEROMAC 1000 MG INJECTION 1,SCHEDULE H2,[See sub-rules (6) and (7) of rule 96],G.S.R. 360(E),01-07-2024,01-07-2024,510-517,,
158,MERONEM 1000 MG INJECTION 1,SCHEDULE H2,[See sub-rules (6) and (7) of rule 96],G.S.R. 360(E),01-07-2024,01-07-2024,510-517,,
159,MEROZA 1000 MG INJECTION 1 ML,SCHEDULE H2,[See sub-rules (6) and (7) of rule 96],G.S.R. 360(E),01-07-2024,01-07-2024,510-517,,
160,MIFEGEST KIT 200 MG/200MCG TABLET 1,SCHEDULE H2,[See sub-rules (6) and (7) of rule 96],G.S.R. 360(E),01-07-2024,01-07-2024,510-517,,
161,MIKACIN 500 MG INJECTION 2 ML,SCHEDULE H2,[See sub-rules (6) and (7) of rule 96],G.S.R. 360(E),01-07-2024,01-07-2024,510-517,,
162,MINIPRESS XL 5 MG TABLET XL 30,SCHEDULE H2,[See sub-rules (6) and (7) of rule 96],G.S.R. 360(E),01-07-2024,01-07-2024,510-517,,
163,MIXTARD HM PENFILL 30/70 100 IU INJECTION 3 ML,SCHEDULE H2,[See sub-rules (6) and (7) of rule 96],G.S.R. 360(E),01-07-2024,01-07-2024,510-517,,
164,MIXTARD HUMAN 30/70 40 IU INJECTION 10 ML,SCHEDULE H2,[See sub-rules (6) and (7) of rule 96],G.S.R. 360(E),01-07-2024,01-07-2024,510-517,,
165,MIXTARD HUMAN 50/50 40 IU INJECTION 10 ML,SCHEDULE H2,[See sub-rules (6) and (7) of rule 96],G.S.R. 360(E),01-07-2024,01-07-2024,510-517,,
166,MONOCEF 1000 MG INJECTION 5 ML,SCHEDULE H2,[See sub-rules (6) and (7) of rule 96],G.S.R. 360(E),01-07-2024,01-07-2024,510-517,,
167,MONOCEF O 200 MG TABLET 10,SCHEDULE H2,[See sub-rules (6) and (7) of rule 96],G.S.R. 360(E),01-07-2024,01-07-2024,510-517,,
168,MONOCEF SB 1000/500 MG INJECTION 1,SCHEDULE H2,[See sub-rules (6) and (7) of rule 96],G.S.R. 360(E),01-07-2024,01-07-2024,510-517,,
169,MONTAIR LC 10/5 MG TABLET 15,SCHEDULE H2,[See sub-rules (6) and (7) of rule 96],G.S.R. 360(E),01-07-2024,01-07-2024,510-517,,
170,MONTAZ 1000/125 MG INJECTION 1,SCHEDULE H2,[See sub-rules (6) and (7) of rule 96],G.S.R. 360(E),01-07-2024,01-07-2024,510-517,,
171,MONTEK-LC 10/5 MG TABLET 10,SCHEDULE H2,[See sub-rules (6) and (7) of rule 96],G.S.R. 360(E),01-07-2024,01-07-2024,510-517,,
172,MONTICOPE 10/5 MG TABLET 10,SCHEDULE H2,[See sub-rules (6) and (7) of rule 96],G.S.R. 360(E),01-07-2024,01-07-2024,510-517,,
173,MOX 500 MG CAPSULE 15,SCHEDULE H2,[See sub-rules (6) and (7) of rule 96],G.S.R. 360(E),01-07-2024,01-07-2024,510-517,,
174,MOX CV 500/125 MG TABLET 10,SCHEDULE H2,[See sub-rules (6) and (7) of rule 96],G.S.R. 360(E),01-07-2024,01-07-2024,510-517,,
175,MOXCLAV 500/125 MG TABLET 10,SCHEDULE H2,[See sub-rules (6) and (7) of rule 96],G.S.R. 360(E),01-07-2024,01-07-2024,510-517,,
176,MOXIKIND CV 500/125 MG TABLET 10,SCHEDULE H2,[See sub-rules (6) and (7) of rule 96],G.S.R. 360(E),01-07-2024,01-07-2024,510-517,,
177,MUCAINE MINT 10/291/98 MG GEL 200 ML,SCHEDULE H2,[See sub-rules (6) and (7) of rule 96],G.S.R. 360(E),01-07-2024,01-07-2024,510-517,,
178,MUCINAC SF ORANGE 600 MG TABLET 10,SCHEDULE H2,[See sub-rules (6) and (7) of rule 96],G.S.R. 360(E),01-07-2024,01-07-2024,510-517,,
179,NEBICARD 5 MG TABLET 10,SCHEDULE H2,[See sub-rules (6) and (7) of rule 96],G.S.R. 360(E),01-07-2024,01-07-2024,510-517,,
180,NEFROSAVE 150/500 MG TABLET 15,SCHEDULE H2,[See sub-rules (6) and (7) of rule 96],G.S.R. 360(E),01-07-2024,01-07-2024,510-517,,
181,NEUROBION FORTE TABLET 30,SCHEDULE H2,[See sub-rules (6) and (7) of rule 96],G.S.R. 360(E),01-07-2024,01-07-2024,510-517,,
182,NEXPRO 40 MG TABLET 15,SCHEDULE H2,[See sub-rules (6) and (7) of rule 96],G.S.R. 360(E),01-07-2024,01-07-2024,510-517,,
183,NEXPRO RD 30/40 MG CAPSULE 10,SCHEDULE H2,[See sub-rules (6) and (7) of rule 96],G.S.R. 360(E),01-07-2024,01-07-2024,510-517,,
184,NIKORAN 5 MG TABLET 20,SCHEDULE H2,[See sub-rules (6) and (7) of rule 96],G.S.R. 360(E),01-07-2024,01-07-2024,510-517,,
185,NISE 100 MG TABLET 15,SCHEDULE H2,[See sub-rules (6) and (7) of rule 96],G.S.R. 360(E),01-07-2024,01-07-2024,510-517,,
186,NITROCONTIN 2.6 MG TABLET CR 30,SCHEDULE H2,[See sub-rules (6) and (7) of rule 96],G.S.R. 360(E),01-07-2024,01-07-2024,510-517,,
187,NOVOMIX 100 IU CARTRIDGE 3 ML,SCHEDULE H2,[See sub-rules (6) and (7) of rule 96],G.S.R. 360(E),01-07-2024,01-07-2024,510-517,,
188,NOVOMIX 30/70 MG FLEXPEN 3 ML,SCHEDULE H2,[See sub-rules (6) and (7) of rule 96],G.S.R. 360(E),01-07-2024,01-07-2024,510-517,,
189,NOVORAPID 100 IU CARTRIDGE 3 ML,SCHEDULE H2,[See sub-rules (6) and (7) of rule 96],G.S.R. 360(E),01-07-2024,01-07-2024,510-517,,
190,NUROKIND LC 500 MG/1.5MG/1500MCG TABLET 15,SCHEDULE H2,[See sub-rules (6) and (7) of rule 96],G.S.R. 360(E),01-07-2024,01-07-2024,510-517,,
191,NUROKIND PLUS RF 1500 MCG CAPSULE 10,SCHEDULE H2,[See sub-rules (6) and (7) of rule 96],G.S.R. 360(E),01-07-2024,01-07-2024,510-517,,
192,O2 200/500 MG TABLET 10,SCHEDULE H2,[See sub-rules (6) and (7) of rule 96],G.S.R. 360(E),01-07-2024,01-07-2024,510-517,,
193,OMEZ 20 MG CAPSULE 20,SCHEDULE H2,[See sub-rules (6) and (7) of rule 96],G.S.R. 360(E),01-07-2024,01-07-2024,510-517,,
194,OMEZ D 30/20 MG CAPSULE SR 15,SCHEDULE H2,[See sub-rules (6) and (7) of rule 96],G.S.R. 360(E),01-07-2024,01-07-2024,510-517,,
195,OMNIKACIN 500 MG INJECTION 2 ML,SCHEDULE H2,[See sub-rules (6) and (7) of rule 96],G.S.R. 360(E),01-07-2024,01-07-2024,510-517,,
196,ONDERO 5 MG TABLET 10,SCHEDULE H2,[See sub-rules (6) and (7) of rule 96],G.S.R. 360(E),01-07-2024,01-07-2024,510-517,,
197,ONDERO MET 2.5/500 MG TABLET 10,SCHEDULE H2,[See sub-rules (6) and (7) of rule 96],G.S.R. 360(E),01-07-2024,01-07-2024,510-517,,
198,OROFER FCM INJECTION 10 ML,SCHEDULE H2,[See sub-rules (6) and (7) of rule 96],G.S.R. 360(E),01-07-2024,01-07-2024,510-517,,
199,OROFER-XT 100/1.5 MG TABLET 10,SCHEDULE H2,[See sub-rules (6) and (7) of rule 96],G.S.R. 360(E),01-07-2024,01-07-2024,510-517,,
200,OROFER-XT PLUS 30 MG/500MCG/500MCG SUSPENSION 200 ML,SCHEDULE H2,[See sub-rules (6) and (7) of rule 96],G.S.R. 360(E),01-07-2024,01-07-2024,510-517,,
201,OTRIVIN OXY FAST RELIEF 0.05 % SPRAY 10 ML,SCHEDULE H2,[See sub-rules (6) and (7) of rule 96],G.S.R. 360(E),01-07-2024,01-07-2024,510-517,,
202,OVRAL L 0.03/0.15 MG TABLET 21,SCHEDULE H2,[See sub-rules (6) and (7) of rule 96],G.S.R. 360(E),01-07-2024,01-07-2024,510-517,,
203,OXRA 10 MG TABLET 14,SCHEDULE H2,[See sub-rules (6) and (7) of rule 96],G.S.R. 360(E),01-07-2024,01-07-2024,510-517,,
204,PAN 40 MG TABLET 15,SCHEDULE H2,[See sub-rules (6) and (7) of rule 96],G.S.R. 360(E),01-07-2024,01-07-2024,510-517,,
205,PAN D 30/40 MG CAPSULE 15,SCHEDULE H2,[See sub-rules (6) and (7) of rule 96],G.S.R. 360(E),01-07-2024,01-07-2024,510-517,,
206,PANDERM PLUS PLUS 0.05/0.5/2 % CREAM 15 GM,SCHEDULE H2,[See sub-rules (6) and (7) of rule 96],G.S.R. 360(E),01-07-2024,01-07-2024,510-517,,
207,PANTIN IV 40 MG INJECTION 10 ML,SCHEDULE H2,[See sub-rules (6) and (7) of rule 96],G.S.R. 360(E),01-07-2024,01-07-2024,510-517,,
208,PANTOCID 40 MG TABLET 15,SCHEDULE H2,[See sub-rules (6) and (7) of rule 96],G.S.R. 360(E),01-07-2024,01-07-2024,510-517,,
209,PANTOCID DSR 30/40 MG CAPSULE 15,SCHEDULE H2,[See sub-rules (6) and (7) of rule 96],G.S.R. 360(E),01-07-2024,01-07-2024,510-517,,
210,PANTODAC 40 MG TABLET 15,SCHEDULE H2,[See sub-rules (6) and (7) of rule 96],G.S.R. 360(E),01-07-2024,01-07-2024,510-517,,
211,PANTODAC DSR 30/40 MG CAPSULE 15,SCHEDULE H2,[See sub-rules (6) and (7) of rule 96],G.S.R. 360(E),01-07-2024,01-07-2024,510-517,,
212,PANTOP 40 MG INJECTION 10 ML,SCHEDULE H2,[See sub-rules (6) and (7) of rule 96],G.S.R. 360(E),01-07-2024,01-07-2024,510-517,,
213,PANTOP 40 MG TABLET 15,SCHEDULE H2,[See sub-rules (6) and (7) of rule 96],G.S.R. 360(E),01-07-2024,01-07-2024,510-517,,
214,PANTOP D 10/20 MG CAPSULE 10,SCHEDULE H2,[See sub-rules (6) and (7) of rule 96],G.S.R. 360(E),01-07-2024,01-07-2024,510-517,,
215,PANTOP D SR 30/40 MG CAPSULE SR 10,SCHEDULE H2,[See sub-rules (6) and (7) of rule 96],G.S.R. 360(E),01-07-2024,01-07-2024,510-517,,
216,PHENSEDYL COUGH LINCTUS 4/10 MG SYRUP 100 ML,SCHEDULE H2,[See sub-rules (6) and (7) of rule 96],G.S.R. 360(E),01-07-2024,01-07-2024,510-517,,
217,PIPZO 4000/500 MG INJECTION 10 ML,SCHEDULE H2,[See sub-rules (6) and (7) of rule 96],G.S.R. 360(E),01-07-2024,01-07-2024,510-517,,
218,PRACTIN 4 MG TABLET 10,SCHEDULE H2,[See sub-rules (6) and (7) of rule 96],G.S.R. 360(E),01-07-2024,01-07-2024,510-517,,
219,PREGA NEWS KIT 6,SCHEDULE H2,[See sub-rules (6) and (7) of rule 96],G.S.R. 360(E),01-07-2024,01-07-2024,510-517,,
220,PREVENAR 13 INJECTION 0.5 ML,SCHEDULE H2,[See sub-rules (6) and (7) of rule 96],G.S.R. 360(E),01-07-2024,01-07-2024,510-517,,
221,R.B TONE SYRUP 200 ML,SCHEDULE H2,[See sub-rules (6) and (7) of rule 96],G.S.R. 360(E),01-07-2024,01-07-2024,510-517,,
222,RABLET-D 30/20 MG CAPSULE 10,SCHEDULE H2,[See sub-rules (6) and (7) of rule 96],G.S.R. 360(E),01-07-2024,01-07-2024,510-517,,
223,RANTAC 150 MG TABLET 30,SCHEDULE H2,[See sub-rules (6) and (7) of rule 96],G.S.R. 360(E),01-07-2024,01-07-2024,510-517,,
224,RAZO 20 MG TABLET 15,SCHEDULE H2,[See sub-rules (6) and (7) of rule 96],G.S.R. 360(E),01-07-2024,01-07-2024,510-517,,
225,RAZO D 30/20 MG TABLET 15,SCHEDULE H2,[See sub-rules (6) and (7) of rule 96],G.S.R. 360(E),01-07-2024,01-07-2024,510-517,,
226,REFRESH TEARS 0.5 % EYE DROPS 10 ML,SCHEDULE H2,[See sub-rules (6) and (7) of rule 96],G.S.R. 360(E),01-07-2024,01-07-2024,510-517,,
227,REJUNEX-CD3 TABLET 10,SCHEDULE H2,[See sub-rules (6) and (7) of rule 96],G.S.R. 360(E),01-07-2024,01-07-2024,510-517,,
228,REMDAC 100 MG INJECTION 1,SCHEDULE H2,[See sub-rules (6) and (7) of rule 96],G.S.R. 360(E),01-07-2024,01-07-2024,510-517,,
229,ROSUVAS 10 MG TABLET 15,SCHEDULE H2,[See sub-rules (6) and (7) of rule 96],G.S.R. 360(E),01-07-2024,01-07-2024,510-517,,
230,ROSUVAS 20 MG TABLET 10,SCHEDULE H2,[See sub-rules (6) and (7) of rule 96],G.S.R. 360(E),01-07-2024,01-07-2024,510-517,,
231,RYZODEG 2.56/1.05 MG PENFILL 3 ML,SCHEDULE H2,[See sub-rules (6) and (7) of rule 96],G.S.R. 360(E),01-07-2024,01-07-2024,510-517,,
232,SARIDON 250/50/150 MG TABLET 10,SCHEDULE H2,[See sub-rules (6) and (7) of rule 96],G.S.R. 360(E),01-07-2024,01-07-2024,510-517,,
233,SEROFLO 50/250 MCG ROTACAP 30,SCHEDULE H2,[See sub-rules (6) and (7) of rule 96],G.S.R. 360(E),01-07-2024,01-07-2024,510-517,,
234,SHELCAL 500 MG/250IU TABLET 15,SCHEDULE H2,[See sub-rules (6) and (7) of rule 96],G.S.R. 360(E),01-07-2024,01-07-2024,510-517,,
235,SHELCAL XT 500 MG/2000IU/1500MCG/1MG/20MG TABLET 15,SCHEDULE H2,[See sub-rules (6) and (7) of rule 96],G.S.R. 360(E),01-07-2024,01-07-2024,510-517,,
236,SILODAL 8 MG TABLET 10,SCHEDULE H2,[See sub-rules (6) and (7) of rule 96],G.S.R. 360(E),01-07-2024,01-07-2024,510-517,,
237,SILODAL D 8/0.5 MG TABLET 10,SCHEDULE H2,[See sub-rules (6) and (7) of rule 96],G.S.R. 360(E),01-07-2024,01-07-2024,510-517,,
238,SINAREST 125/5/1 MG SYRUP 60 ML,SCHEDULE H2,[See sub-rules (6) and (7) of rule 96],G.S.R. 360(E),01-07-2024,01-07-2024,510-517,,
239,SINAREST NEW 500/10/2 MG TABLET 10,SCHEDULE H2,[See sub-rules (6) and (7) of rule 96],G.S.R. 360(E),01-07-2024,01-07-2024,510-517,,
240,SINAREST NEW 500/10/2 MG TABLET 15,SCHEDULE H2,[See sub-rules (6) and (7) of rule 96],G.S.R. 360(E),01-07-2024,01-07-2024,510-517,,
241,SKINLITE 2/0.1/0.025 % CREAM 25 GM,SCHEDULE H2,[See sub-rules (6) and (7) of rule 96],G.S.R. 360(E),01-07-2024,01-07-2024,510-517,,
242,SOMPRAZ D 30/40 MG CAPSULE 15,SCHEDULE H2,[See sub-rules (6) and (7) of rule 96],G.S.R. 360(E),01-07-2024,01-07-2024,510-517,,
243,SPASMO PROXYVON PLUS 10/325/50 MG CAPSULE 8,SCHEDULE H2,[See sub-rules (6) and (7) of rule 96],G.S.R. 360(E),01-07-2024,01-07-2024,510-517,,
244,SPEGRA 50/200/25 MG TABLET 30,SCHEDULE H2,[See sub-rules (6) and (7) of rule 96],G.S.R. 360(E),01-07-2024,01-07-2024,510-517,,
245,STAMLO 5 MG TABLET 30,SCHEDULE H2,[See sub-rules (6) and (7) of rule 96],G.S.R. 360(E),01-07-2024,01-07-2024,510-517,,
246,STAMLO BETA 50/5 MG TABLET 15,SCHEDULE H2,[See sub-rules (6) and (7) of rule 96],G.S.R. 360(E),01-07-2024,01-07-2024,510-517,,
247,STEMETIL 5 MG TABLET MD 15,SCHEDULE H2,[See sub-rules (6) and (7) of rule 96],G.S.R. 360(E),01-07-2024,01-07-2024,510-517,,
248,SUCRAFIL O 1000/20 MG GEL 200 ML,SCHEDULE H2,[See sub-rules (6) and (7) of rule 96],G.S.R. 360(E),01-07-2024,01-07-2024,510-517,,
249,SUMO 100/325 MG TABLET 15,SCHEDULE H2,[See sub-rules (6) and (7) of rule 96],G.S.R. 360(E),01-07-2024,01-07-2024,510-517,,
250,SUMO L IV 1000 MG INFUSION 100 ML,SCHEDULE H2,[See sub-rules (6) and (7) of rule 96],G.S.R. 360(E),01-07-2024,01-07-2024,510-517,,
251,SUPRADYN TABLET 15,SCHEDULE H2,[See sub-rules (6) and (7) of rule 96],G.S.R. 360(E),01-07-2024,01-07-2024,510-517,,
252,SYNFLORIX INJECTION 1,SCHEDULE H2,[See sub-rules (6) and (7) of rule 96],G.S.R. 360(E),01-07-2024,01-07-2024,510-517,,
253,T BACT 2 % OINTMENT 15 GM,SCHEDULE H2,[See sub-rules (6) and (7) of rule 96],G.S.R. 360(E),01-07-2024,01-07-2024,510-517,,
254,T BACT 2 % OINTMENT 5 GM,SCHEDULE H2,[See sub-rules (6) and (7) of rule 96],G.S.R. 360(E),01-07-2024,01-07-2024,510-517,,
255,TARGOCID 400 MG INJECTION 1 ML,SCHEDULE H2,[See sub-rules (6) and (7) of rule 96],G.S.R. 360(E),01-07-2024,01-07-2024,510-517,,
256,TAXIM O 200 MG TABLET 10,SCHEDULE H2,[See sub-rules (6) and (7) of rule 96],G.S.R. 360(E),01-07-2024,01-07-2024,510-517,,
257,TAZOMAC 4000/500 MG INJECTION 2 ML,SCHEDULE H2,[See sub-rules (6) and (7) of rule 96],G.S.R. 360(E),01-07-2024,01-07-2024,510-517,,
258,TELEKAST-L 10/5 MG TABLET 15,SCHEDULE H2,[See sub-rules (6) and (7) of rule 96],G.S.R. 360(E),01-07-2024,01-07-2024,510-517,,
259,TELMA 40 MG TABLET 30,SCHEDULE H2,[See sub-rules (6) and (7) of rule 96],G.S.R. 360(E),01-07-2024,01-07-2024,510-517,,
260,TELMA AM 40/5 MG TABLET 15,SCHEDULE H2,[See sub-rules (6) and (7) of rule 96],G.S.R. 360(E),01-07-2024,01-07-2024,510-517,,
261,TELMA H 40/12.5 MG TABLET 15,SCHEDULE H2,[See sub-rules (6) and (7) of rule 96],G.S.R. 360(E),01-07-2024,01-07-2024,510-517,,
262,TELMIKIND 40 MG TABLET 10,SCHEDULE H2,[See sub-rules (6) and (7) of rule 96],G.S.R. 360(E),01-07-2024,01-07-2024,510-517,,
263,TELMIKIND AM 40/5 MG TABLET 10,SCHEDULE H2,[See sub-rules (6) and (7) of rule 96],G.S.R. 360(E),01-07-2024,01-07-2024,510-517,,
264,TELMIKIND H 40/12.5 MG TABLET 10,SCHEDULE H2,[See sub-rules (6) and (7) of rule 96],G.S.R. 360(E),01-07-2024,01-07-2024,510-517,,
265,THROMBOPHOB OINTMENT 20 GM,SCHEDULE H2,[See sub-rules (6) and (7) of rule 96],G.S.R. 360(E),01-07-2024,01-07-2024,510-517,,
266,THYRONORM 100 MCG TABLET 120,SCHEDULE H2,[See sub-rules (6) and (7) of rule 96],G.S.R. 360(E),01-07-2024,01-07-2024,510-517,,
237,THYRONORM 25 MCG TABLET 120,SCHEDULE H2,[See sub-rules (6) and (7) of rule 96],G.S.R. 360(E),01-07-2024,01-07-2024,510-517,,
268,THYRONORM 50 MCG TABLET 120,SCHEDULE H2,[See sub-rules (6) and (7) of rule 96],G.S.R. 360(E),01-07-2024,01-07-2024,510-517,,
269,TOSSEX NEW 4/10 MG SYRUP 100 ML,SCHEDULE H2,[See sub-rules (6) and (7) of rule 96],G.S.R. 360(E),01-07-2024,01-07-2024,510-517,,
270,TRAJENTA 5 MG TABLET 10,SCHEDULE H2,[See sub-rules (6) and (7) of rule 96],G.S.R. 360(E),01-07-2024,01-07-2024,510-517,,
271,TRESIBA FLEXTOUCH 100 IU DISPOSABLE PEN 3 ML,SCHEDULE H2,[See sub-rules (6) and (7) of rule 96],G.S.R. 360(E),01-07-2024,01-07-2024,510-517,,
272,TUSQ DX 5/2/15 MG SYRUP 100 ML,SCHEDULE H2,[See sub-rules (6) and (7) of rule 96],G.S.R. 360(E),01-07-2024,01-07-2024,510-517,,
273,UDILIV 150 MG TABLET 15,SCHEDULE H2,[See sub-rules (6) and (7) of rule 96],G.S.R. 360(E),01-07-2024,01-07-2024,510-517,,
274,UDILIV 300 MG TABLET 15,SCHEDULE H2,[See sub-rules (6) and (7) of rule 96],G.S.R. 360(E),01-07-2024,01-07-2024,510-517,,
275,ULTRACET 325/37.5 MG TABLET 15,SCHEDULE H2,[See sub-rules (6) and (7) of rule 96],G.S.R. 360(E),01-07-2024,01-07-2024,510-517,,
276,UNIENZYME TABLET 15,SCHEDULE H2,[See sub-rules (6) and (7) of rule 96],G.S.R. 360(E),01-07-2024,01-07-2024,510-517,,
277,UNWANTED 72 1.5 MG TABLET 1,SCHEDULE H2,[See sub-rules (6) and (7) of rule 96],G.S.R. 360(E),01-07-2024,01-07-2024,510-517,,
278,UNWANTED KIT 200 MG/200MCG TABLET 1,SCHEDULE H2,[See sub-rules (6) and (7) of rule 96],G.S.R. 360(E),01-07-2024,01-07-2024,510-517,,
279,UPRISE D3 60000 IU CAPSULE 8,SCHEDULE H2,[See sub-rules (6) and (7) of rule 96],G.S.R. 360(E),01-07-2024,01-07-2024,510-517,,
280,URIMAX 0.4 MG CAPSULE 20,SCHEDULE H2,[See sub-rules (6) and (7) of rule 96],G.S.R. 360(E),01-07-2024,01-07-2024,510-517,,
281,URIMAX D 0.4/0.5 MG TABLET 15,SCHEDULE H2,[See sub-rules (6) and (7) of rule 96],G.S.R. 360(E),01-07-2024,01-07-2024,510-517,,
282,URSOCOL 300 MG TABLET 15,SCHEDULE H2,[See sub-rules (6) and (7) of rule 96],G.S.R. 360(E),01-07-2024,01-07-2024,510-517,,
283,VARILRIX INJECTION 0.5 ML,SCHEDULE H2,[See sub-rules (6) and (7) of rule 96],G.S.R. 360(E),01-07-2024,01-07-2024,510-517,,
284,VELOZ D 30/20 MG CAPSULE SR 10,SCHEDULE H2,[See sub-rules (6) and (7) of rule 96],G.S.R. 360(E),01-07-2024,01-07-2024,510-517,,
285,VELPANAT 400/100 MG TABLET 28,SCHEDULE H2,[See sub-rules (6) and (7) of rule 96],G.S.R. 360(E),01-07-2024,01-07-2024,510-517,,
286,VERTIN 16 MG TABLET 15,SCHEDULE H2,[See sub-rules (6) and (7) of rule 96],G.S.R. 360(E),01-07-2024,01-07-2024,510-517,,
287,VOLINI 1.16 % SPRAY 40 GM,SCHEDULE H2,[See sub-rules (6) and (7) of rule 96],G.S.R. 360(E),01-07-2024,01-07-2024,510-517,,
288,VORIER 200 MG TABLET 4,SCHEDULE H2,[See sub-rules (6) and (7) of rule 96],G.S.R. 360(E),01-07-2024,01-07-2024,510-517,,
289,VOVERAN SR 100 MG TABLET SR 15,SCHEDULE H2,[See sub-rules (6) and (7) of rule 96],G.S.R. 360(E),01-07-2024,01-07-2024,510-517,,
290,VYMADA 24/26 MG TABLET 14,SCHEDULE H2,[See sub-rules (6) and (7) of rule 96],G.S.R. 360(E),01-07-2024,01-07-2024,510-517,,
291,WYSOLONE 10 MG TABLET DT 15,SCHEDULE H2,[See sub-rules (6) and (7) of rule 96],G.S.R. 360(E),01-07-2024,01-07-2024,510-517,,
292,WYSOLONE 5 MG TABLET DT 15,SCHEDULE H2,[See sub-rules (6) and (7) of rule 96],G.S.R. 360(E),01-07-2024,01-07-2024,510-517,,
293,XONE 1000 MG INJECTION 5 ML,SCHEDULE H2,[See sub-rules (6) and (7) of rule 96],G.S.R. 360(E),01-07-2024,01-07-2024,510-517,,
294,ZAVICEFTA 2000/500 MG VIAL 10 ML,SCHEDULE H2,[See sub-rules (6) and (7) of rule 96],G.S.R. 360(E),01-07-2024,01-07-2024,510-517,,
295,ZEDEX 4/5/50 MG SYRUP 100 ML,SCHEDULE H2,[See sub-rules (6) and (7) of rule 96],G.S.R. 360(E),01-07-2024,01-07-2024,510-517,,
296,ZERODOL P 100/325 MG TABLET 10,SCHEDULE H2,[See sub-rules (6) and (7) of rule 96],G.S.R. 360(E),01-07-2024,01-07-2024,510-517,,
297,ZERODOL SP 100/325/15 MG TABLET 10,SCHEDULE H2,[See sub-rules (6) and (7) of rule 96],G.S.R. 360(E),01-07-2024,01-07-2024,510-517,,
298,ZIFI 200 MG TABLET 10,SCHEDULE H2,[See sub-rules (6) and (7) of rule 96],G.S.R. 360(E),01-07-2024,01-07-2024,510-517,,
299,ZORYL-M 2/500 MG TABLET 20,SCHEDULE H2,[See sub-rules (6) and (7) of rule 96],G.S.R. 360(E),01-07-2024,01-07-2024,510-517,,
300,ZOSTUM 1000/500 MG INJECTION 1,SCHEDULE H2,[See sub-rules (6) and (7) of rule 96],G.S.R. 360(E),01-07-2024,01-07-2024,510-517,,
301,All Vaccines,SCHEDULE H2,[See sub-rules (6) and (7) of rule 96],G.S.R. 506(E),22-06-2026,01-07-2026,-,,Ins. By G.S.R. 506(E) dated 22.06.2026 (w.e.f. 01.07.2026).
302,All Antimicrobials,SCHEDULE H2,[See sub-rules (6) and (7) of rule 96],G.S.R. 506(E),22-06-2026,01-07-2028,-,,Ins. By G.S.R. 506(E) dated 22.06.2026 (w.e.f. 01.07.2028).
303,"All Narcotic Drugs and Psychotropic Substance, listed under the Narcotic Drugs and Psychotropic Substance Act, 1985 and rules made thereunder",SCHEDULE H2,[See sub-rules (6) and (7) of rule 96],G.S.R. 506(E),22-06-2026,01-07-2026,-,,Ins. By G.S.R. 506(E) dated 22.06.2026 (w.e.f. 01.07.2026).
304,All Anticancer drugs,SCHEDULE H2,[See sub-rules (6) and (7) of rule 96],G.S.R. 506(E),22-06-2026,01-07-2026,-,,Ins. By G.S.R. 506(E) dated 22.06.2026 (w.e.f. 01.07.2026).
1,Omited,SCHEDULE I,-,-,-,-,-,-,"Schedule I omitted by G.S.R. 462(E) dated 22nd June, 1982 (w.e.f. 22-6-1982)."
1,AIDS,SCHEDULE J,(See rule 106),G.S.R. 360(E),01-07-2024,01-07-2024,518,,
2,Angina Pectoris,SCHEDULE J,(See rule 106),G.S.R. 360(E),01-07-2024,01-07-2024,518,,
3,Appendicitis,SCHEDULE J,(See rule 106),G.S.R. 360(E),01-07-2024,01-07-2024,518,,
4,Arteriosclerosis,SCHEDULE J,(See rule 106),G.S.R. 360(E),01-07-2024,01-07-2024,518,,
5,Baldness,SCHEDULE J,(See rule 106),G.S.R. 360(E),01-07-2024,01-07-2024,518,,
6,Blindness,SCHEDULE J,(See rule 106),G.S.R. 360(E),01-07-2024,01-07-2024,518,,
7,Bronchial Asthma,SCHEDULE J,(See rule 106),G.S.R. 360(E),01-07-2024,01-07-2024,518,,
8,Cancer and Benign tumour,SCHEDULE J,(See rule 106),G.S.R. 360(E),01-07-2024,01-07-2024,518,,
9,Cataract,SCHEDULE J,(See rule 106),G.S.R. 360(E),01-07-2024,01-07-2024,518,,
10,Change in colour of the hair and growth of new hair,SCHEDULE J,(See rule 106),G.S.R. 360(E),01-07-2024,01-07-2024,518,,
11,Change of foetal sex by drugs,SCHEDULE J,(See rule 106),G.S.R. 360(E),01-07-2024,01-07-2024,518,,
12,Congenital malformations,SCHEDULE J,(See rule 106),G.S.R. 360(E),01-07-2024,01-07-2024,518,,
13,Deafness,SCHEDULE J,(See rule 106),G.S.R. 360(E),01-07-2024,01-07-2024,518,,
14,Diabetes,SCHEDULE J,(See rule 106),G.S.R. 360(E),01-07-2024,01-07-2024,518,,
15,Diseases and disorders of uterus,SCHEDULE J,(See rule 106),G.S.R. 360(E),01-07-2024,01-07-2024,518,,
16,Epilepticfits and psychiatric disorders,SCHEDULE J,(See rule 106),G.S.R. 360(E),01-07-2024,01-07-2024,518,,
17,Encephalitis,SCHEDULE J,(See rule 106),G.S.R. 360(E),01-07-2024,01-07-2024,518,,
18,Fairness of the skin,SCHEDULE J,(See rule 106),G.S.R. 360(E),01-07-2024,01-07-2024,518,,
19,"Form, structure of breast",SCHEDULE J,(See rule 106),G.S.R. 360(E),01-07-2024,01-07-2024,518,,
20,Gangrene,SCHEDULE J,(See rule 106),G.S.R. 360(E),01-07-2024,01-07-2024,518,,
21,Genetic disorders,SCHEDULE J,(See rule 106),G.S.R. 360(E),01-07-2024,01-07-2024,518,,
22,Glaucoma,SCHEDULE J,(See rule 106),G.S.R. 360(E),01-07-2024,01-07-2024,518,,
23,Goitre,SCHEDULE J,(See rule 106),G.S.R. 360(E),01-07-2024,01-07-2024,518,,
24,Hernia,SCHEDULE J,(See rule 106),G.S.R. 360(E),01-07-2024,01-07-2024,518,,
25,High/low Blood Pressure,SCHEDULE J,(See rule 106),G.S.R. 360(E),01-07-2024,01-07-2024,518,,
26,Hydrocele,SCHEDULE J,(See rule 106),G.S.R. 360(E),01-07-2024,01-07-2024,518,,
27,Insanity,SCHEDULE J,(See rule 106),G.S.R. 360(E),01-07-2024,01-07-2024,518,,
28,Increase in brain capacity and improvement of memory,SCHEDULE J,(See rule 106),G.S.R. 360(E),01-07-2024,01-07-2024,518,,
29,Improvement in height of children/adults,SCHEDULE J,(See rule 106),G.S.R. 360(E),01-07-2024,01-07-2024,518,,
30,Improvement in size and shape of the sexual organ and in duration of sexual performance,SCHEDULE J,(See rule 106),G.S.R. 360(E),01-07-2024,01-07-2024,518,,
31,Improvement in the strength of the natural teeth,SCHEDULE J,(See rule 106),G.S.R. 360(E),01-07-2024,01-07-2024,518,,
32,Improvement in vision,SCHEDULE J,(See rule 106),G.S.R. 360(E),01-07-2024,01-07-2024,518,,
33,Jaundice/Hepatitis/Liverdisorders,SCHEDULE J,(See rule 106),G.S.R. 360(E),01-07-2024,01-07-2024,518,,
34,Leukaemia,SCHEDULE J,(See rule 106),G.S.R. 360(E),01-07-2024,01-07-2024,518,,
35,Leucoderma,SCHEDULE J,(See rule 106),G.S.R. 360(E),01-07-2024,01-07-2024,518,,
36,Maintenance or improvement of capacity of the human being for sexual pleasure,SCHEDULE J,(See rule 106),G.S.R. 360(E),01-07-2024,01-07-2024,518,,
37,"Mental retardation, subnormalities and growth",SCHEDULE J,(See rule 106),G.S.R. 360(E),01-07-2024,01-07-2024,518,,
38,Myocardial infarction,SCHEDULE J,(See rule 106),G.S.R. 360(E),01-07-2024,01-07-2024,518,,
39,Obesity,SCHEDULE J,(See rule 106),G.S.R. 360(E),01-07-2024,01-07-2024,518,,
40,Paralysis,SCHEDULE J,(See rule 106),G.S.R. 360(E),01-07-2024,01-07-2024,518,,
41,Parkinsonism,SCHEDULE J,(See rule 106),G.S.R. 360(E),01-07-2024,01-07-2024,518,,
42,Piles and Fistulae,SCHEDULE J,(See rule 106),G.S.R. 360(E),01-07-2024,01-07-2024,518,,
43,Power to rejuvenate,SCHEDULE J,(See rule 106),G.S.R. 360(E),01-07-2024,01-07-2024,518,,
44,Premature ageing,SCHEDULE J,(See rule 106),G.S.R. 360(E),01-07-2024,01-07-2024,518,,
45,Premature greying of hair,SCHEDULE J,(See rule 106),G.S.R. 360(E),01-07-2024,01-07-2024,518,,
46,Rheumatic Heart diseases,SCHEDULE J,(See rule 106),G.S.R. 360(E),01-07-2024,01-07-2024,518,,
47,"Sexual Impotence, Premature ejaculation and spermatorrhoea",SCHEDULE J,(See rule 106),G.S.R. 360(E),01-07-2024,01-07-2024,518,,
48,Spondylitis,SCHEDULE J,(See rule 106),G.S.R. 360(E),01-07-2024,01-07-2024,518,,
49,Stammering,SCHEDULE J,(See rule 106),G.S.R. 360(E),01-07-2024,01-07-2024,518,,
50,"Stones in gall-bladder, kidney, bladder",SCHEDULE J,(See rule 106),G.S.R. 360(E),01-07-2024,01-07-2024,518,,
51,Varicose vein,SCHEDULE J,(See rule 106),G.S.R. 360(E),01-07-2024,01-07-2024,518,,
1,Exepted Drug,SCHEDULE K,(See rule 123),G.S.R. 360(E),01-07-2024,01-07-2024,519-530,,See Drugs & Cosmetic Rules 1945
1,GOOD LABORATORY PRACTICES AND REQUIREMENT OF PREMISES AND EQUIPMENTS,SCHEDULE L-I,"(See rules 74, 78 and 150E)",G.S.R. 360(E),01-07-2024,01-07-2024,530-544,,See Drugs & Cosmetic Rules 1945
1,"GOOD MANUFACTURING PRACTICES AND REQUIREMENTS OF PREMISES, PLANT AND EQUIPMENT FOR PHARMACEUTICAL PRODUCTS",SCHEDULE M,"[See rules 71, 74, 76 and 78]",G.S.R. 360(E),01-07-2024,01-07-2024,544-784,,See Drugs & Cosmetic Rules 1945
1,LIST OF MINIMUM EQUIPMENT FOR THE EFFICIENT RUNNING OF A PHARMACY,SCHEDULE N,[See rule 64(1)],G.S.R. 360(E),01-07-2024,01-07-2024,785-788,,See Drugs & Cosmetic Rules 1945
1,STANDARD FOR DISINFECTANT FLUIDS,SCHEDULE O,[See rule 126],G.S.R. 360(E),01-07-2024,01-07-2024,788-797,,See Drugs & Cosmetic Rules 1945
1,PACK SIZES OF DRUGS,SCHEDULE P I,(See rule 109),G.S.R. 360(E),01-07-2024,01-07-2024,797-798,,See Drugs & Cosmetic Rules 1945
1,"Schedule Q omitted by G.S.R. 763(E), dated 15th December, 2020 (w.e.f. 15-12-2020). Earlier Schedule Q was added by Notification No. F. 1-36/64-D (G.S.R. 1183(E)), dated 17th August, 1964 (w.e.f. 22-8-1964) and amended by G.S.R. 11(E), dated 7th January, 1991 (w.e.f. 7-11-1991) , by G.S.R. 811(E), dated 14th November, 1994 (w.e.f. 14-11-1994) and by G.S.R. 203(E), dated 18th March, 2015 (w.e.f. 18-3-2015).",SCHEDULE Q,-,G.S.R. 360(E),01-07-2024,01-07-2024,798,,See Drugs & Cosmetic Rules 1945
1,STANDARDS FOR CONDOMS MADE OF RUBBER LATEX INTENDED FOR SINGLE USE AND OTHER MECHANICAL CONTRACEPTIVE,SCHEDULE R,(See rule 125),G.S.R. 360(E),01-07-2024,01-07-2024,798-810,,See Drugs & Cosmetic Rules 1945
1,Medical devices,SCHEDULE R1,"(See rules 109A, 109B, 109C and and 125A)",G.S.R. 360(E),01-07-2024,01-07-2024,810,,See Drugs & Cosmetic Rules 1945
1,"Schedule S omitted by G.S.R. 763(E), dated 15th December, 2020 (w.e.f. 15-12-2020). Earlier Schedule S was inserted by G.S.R. 510(E) dated 26th July, 1982 (w.e.f. 26-7-1982) and omitted by G.S.R. 1098(E) dated 9th July, 1976 (w.e.f. 24-7-1976) and amended by G.S.R. 731(E) dated 23rd August , 1990 (w.e.f. 23-8-1990), by G.S.R. 673(E) dated 27th October, 1993 (w.e.f.27-10-1993), by G.S.R. 553(E) dated 20th July, 1995 (w.e.f. 20-7-1995), by G.S.R. 592(E) dated 13th August, 2008 (w.e.f. 13-8-2008), by G.S.R. 724(E) dated 7th November, 2013 (w.e.f. 7-11-2013) and by G.S.R. 203(E) dated 18th March, 2015 (w.e.f. 18-3-2015).",SCHEDULE S,-,G.S.R. 360(E),01-07-2024,01-07-2024,811,,See Drugs & Cosmetic Rules 1945
1,GOOD MANUFACTURING PRACTICES FOR AYURVEDIC SIDDHA AND UNANI MEDICINES,SCHEDULE T,(See Rule 157),G.S.R. 360(E),01-07-2024,01-07-2024,811-833,,See Drugs & Cosmetic Rules 1945
1,FORM FOR RECORD OF UTILIZATION OF RAW MATERIAL BY AYURVEDA OR SIDDHA OR UNANI LICENSED MANUFACTURING UNITS DURING THE FINANCIAL YEAR,SCHEDULE TA,(See rule 157A),G.S.R. 360(E),01-07-2024,01-07-2024,833-835,,See Drugs & Cosmetic Rules 1945
1,PARTICULARS TO BE SHOWN IN MANUFACTURING RECORDS,SCHEDULE U,"(See rules 74, 74A, 74B, 78 and 78A)",G.S.R. 360(E),01-07-2024,01-07-2024,835-843,,See Drugs & Cosmetic Rules 1945
1,"Schedule U (1) omitted by G.S.R. 763(E), dated 15th December, 2020 (w.e.f. 15-12-2020). Earlier Schedule U (1) was added by G.S.R. 1594, dated 28th October, 1976, (w.e.f. 13-11-1976)",SCHEDULE U (I),-,G.S.R. 360(E),01-07-2024,01-07-2024,843,,See Drugs & Cosmetic Rules 1945
1,STANDARDS FOR PATENT OR PROPRIETARY MEDICINES,SCHEDULE V,(See rule 124B),G.S.R. 360(E),01-07-2024,01-07-2024,843-847,,"See Drugs & Cosmetic Rules 1945 / Certain words omitted by G.S.R. 59(E) dated 22nd January, 1992 (w.e.f. 22-1-1992)
1285.
Schedule W omitted by G.S.R. 94(E) dated 8th May, 2000 (w.e.f. 8-5-2000). Earlier Schedule W was inserted by G.S.R. 27(E) dated 17th January, 1981 (w.e.f 1-8-1981)."
1,Amobarbital,SCHEDULE X,"(See rules 23, 61, 75, 97 and 105A)",G.S.R. 360(E),01-07-2024,01-07-2024,848,"Notes.—l.Any stereiosometric form of the substance specified in this Schedule, any salt of the substance and preparation containing such substances are also covered by this Schedule.
2. Preparations containing the above substances are also covered by this Schedule:
Provided, however, preparations containing Meprobamate 1289[***] in combination with other drugs may be exempted by the Licensing Authority specified in clause (b) of rule 21, from the provisions of this Schedule, if satisfactory evidence is adduced that these preparations are not liable to be misused.]",
2,Glutethimide,SCHEDULE X,"(See rules 23, 61, 75, 97 and 105A)",G.S.R. 360(E),01-07-2024,01-07-2024,848,"Notes.—l.Any stereiosometric form of the substance specified in this Schedule, any salt of the substance and preparation containing such substances are also covered by this Schedule.
2. Preparations containing the above substances are also covered by this Schedule:
Provided, however, preparations containing Meprobamate 1289[***] in combination with other drugs may be exempted by the Licensing Authority specified in clause (b) of rule 21, from the provisions of this Schedule, if satisfactory evidence is adduced that these preparations are not liable to be misused.]",
3,Pentobarbital,SCHEDULE X,"(See rules 23, 61, 75, 97 and 105A)",G.S.R. 360(E),01-07-2024,01-07-2024,848,"Notes.—l.Any stereiosometric form of the substance specified in this Schedule, any salt of the substance and preparation containing such substances are also covered by this Schedule.
2. Preparations containing the above substances are also covered by this Schedule:
Provided, however, preparations containing Meprobamate 1289[***] in combination with other drugs may be exempted by the Licensing Authority specified in clause (b) of rule 21, from the provisions of this Schedule, if satisfactory evidence is adduced that these preparations are not liable to be misused.]",
4,Ketamine hydrochloride,SCHEDULE X,"(See rules 23, 61, 75, 97 and 105A)",G.S.R. 360(E),01-07-2024,01-07-2024,848,"Notes.—l.Any stereiosometric form of the substance specified in this Schedule, any salt of the substance and preparation containing such substances are also covered by this Schedule.
2. Preparations containing the above substances are also covered by this Schedule:
Provided, however, preparations containing Meprobamate 1289[***] in combination with other drugs may be exempted by the Licensing Authority specified in clause (b) of rule 21, from the provisions of this Schedule, if satisfactory evidence is adduced that these preparations are not liable to be misused.]","Ins. by G.S.R. 724(E), dated 7th November, 2013 (w.e.f. 7-11-2013)."
5,Amphetamine,SCHEDULE X,"(See rules 23, 61, 75, 97 and 105A)",G.S.R. 360(E),01-07-2024,01-07-2024,848,"Notes.—l.Any stereiosometric form of the substance specified in this Schedule, any salt of the substance and preparation containing such substances are also covered by this Schedule.
2. Preparations containing the above substances are also covered by this Schedule:
Provided, however, preparations containing Meprobamate 1289[***] in combination with other drugs may be exempted by the Licensing Authority specified in clause (b) of rule 21, from the provisions of this Schedule, if satisfactory evidence is adduced that these preparations are not liable to be misused.]",
6,Meprobamate,SCHEDULE X,"(See rules 23, 61, 75, 97 and 105A)",G.S.R. 360(E),01-07-2024,01-07-2024,848,"Notes.—l.Any stereiosometric form of the substance specified in this Schedule, any salt of the substance and preparation containing such substances are also covered by this Schedule.
2. Preparations containing the above substances are also covered by this Schedule:
Provided, however, preparations containing Meprobamate 1289[***] in combination with other drugs may be exempted by the Licensing Authority specified in clause (b) of rule 21, from the provisions of this Schedule, if satisfactory evidence is adduced that these preparations are not liable to be misused.]",
7,Phencyclidine,SCHEDULE X,"(See rules 23, 61, 75, 97 and 105A)",G.S.R. 360(E),01-07-2024,01-07-2024,848,"Notes.—l.Any stereiosometric form of the substance specified in this Schedule, any salt of the substance and preparation containing such substances are also covered by this Schedule.
2. Preparations containing the above substances are also covered by this Schedule:
Provided, however, preparations containing Meprobamate 1289[***] in combination with other drugs may be exempted by the Licensing Authority specified in clause (b) of rule 21, from the provisions of this Schedule, if satisfactory evidence is adduced that these preparations are not liable to be misused.]",
8,Barbital,SCHEDULE X,"(See rules 23, 61, 75, 97 and 105A)",G.S.R. 360(E),01-07-2024,01-07-2024,848,"Notes.—l.Any stereiosometric form of the substance specified in this Schedule, any salt of the substance and preparation containing such substances are also covered by this Schedule.
2. Preparations containing the above substances are also covered by this Schedule:
Provided, however, preparations containing Meprobamate 1289[***] in combination with other drugs may be exempted by the Licensing Authority specified in clause (b) of rule 21, from the provisions of this Schedule, if satisfactory evidence is adduced that these preparations are not liable to be misused.]",
9,Methamphetamine,SCHEDULE X,"(See rules 23, 61, 75, 97 and 105A)",G.S.R. 360(E),01-07-2024,01-07-2024,848,"Notes.—l.Any stereiosometric form of the substance specified in this Schedule, any salt of the substance and preparation containing such substances are also covered by this Schedule.
2. Preparations containing the above substances are also covered by this Schedule:
Provided, however, preparations containing Meprobamate 1289[***] in combination with other drugs may be exempted by the Licensing Authority specified in clause (b) of rule 21, from the provisions of this Schedule, if satisfactory evidence is adduced that these preparations are not liable to be misused.]",
10,Phenometrazine,SCHEDULE X,"(See rules 23, 61, 75, 97 and 105A)",G.S.R. 360(E),01-07-2024,01-07-2024,848,"Notes.—l.Any stereiosometric form of the substance specified in this Schedule, any salt of the substance and preparation containing such substances are also covered by this Schedule.
2. Preparations containing the above substances are also covered by this Schedule:
Provided, however, preparations containing Meprobamate 1289[***] in combination with other drugs may be exempted by the Licensing Authority specified in clause (b) of rule 21, from the provisions of this Schedule, if satisfactory evidence is adduced that these preparations are not liable to be misused.]",
11,Cyclobarbital,SCHEDULE X,"(See rules 23, 61, 75, 97 and 105A)",G.S.R. 360(E),01-07-2024,01-07-2024,848,"Notes.—l.Any stereiosometric form of the substance specified in this Schedule, any salt of the substance and preparation containing such substances are also covered by this Schedule.
2. Preparations containing the above substances are also covered by this Schedule:
Provided, however, preparations containing Meprobamate 1289[***] in combination with other drugs may be exempted by the Licensing Authority specified in clause (b) of rule 21, from the provisions of this Schedule, if satisfactory evidence is adduced that these preparations are not liable to be misused.]",
12,1288[***],SCHEDULE X,"(See rules 23, 61, 75, 97 and 105A)",G.S.R. 360(E),01-07-2024,01-07-2024,848,"Notes.—l.Any stereiosometric form of the substance specified in this Schedule, any salt of the substance and preparation containing such substances are also covered by this Schedule.
2. Preparations containing the above substances are also covered by this Schedule:
Provided, however, preparations containing Meprobamate 1289[***] in combination with other drugs may be exempted by the Licensing Authority specified in clause (b) of rule 21, from the provisions of this Schedule, if satisfactory evidence is adduced that these preparations are not liable to be misused.]","Certain words omitted by G.S.R. 647(E), dated 28th October, 1998 (w.e.f. 28-10-1998)."
13,1289[***],SCHEDULE X,"(See rules 23, 61, 75, 97 and 105A)",G.S.R. 360(E),01-07-2024,01-07-2024,848,"Notes.—l.Any stereiosometric form of the substance specified in this Schedule, any salt of the substance and preparation containing such substances are also covered by this Schedule.
2. Preparations containing the above substances are also covered by this Schedule:
Provided, however, preparations containing Meprobamate 1289[***] in combination with other drugs may be exempted by the Licensing Authority specified in clause (b) of rule 21, from the provisions of this Schedule, if satisfactory evidence is adduced that these preparations are not liable to be misused.]","Certain words omitted by G.S.R. 673(E), dated 27th October, 1993 (w.e.f. 27-10-1993)."
14,Dexamphetamine,SCHEDULE X,"(See rules 23, 61, 75, 97 and 105A)",G.S.R. 360(E),01-07-2024,01-07-2024,848,"Notes.—l.Any stereiosometric form of the substance specified in this Schedule, any salt of the substance and preparation containing such substances are also covered by this Schedule.
2. Preparations containing the above substances are also covered by this Schedule:
Provided, however, preparations containing Meprobamate 1289[***] in combination with other drugs may be exempted by the Licensing Authority specified in clause (b) of rule 21, from the provisions of this Schedule, if satisfactory evidence is adduced that these preparations are not liable to be misused.]",
15,Methylphenidate,SCHEDULE X,"(See rules 23, 61, 75, 97 and 105A)",G.S.R. 360(E),01-07-2024,01-07-2024,848,"Notes.—l.Any stereiosometric form of the substance specified in this Schedule, any salt of the substance and preparation containing such substances are also covered by this Schedule.
2. Preparations containing the above substances are also covered by this Schedule:
Provided, however, preparations containing Meprobamate 1289[***] in combination with other drugs may be exempted by the Licensing Authority specified in clause (b) of rule 21, from the provisions of this Schedule, if satisfactory evidence is adduced that these preparations are not liable to be misused.]",
16,Secobarbital,SCHEDULE X,"(See rules 23, 61, 75, 97 and 105A)",G.S.R. 360(E),01-07-2024,01-07-2024,848,"Notes.—l.Any stereiosometric form of the substance specified in this Schedule, any salt of the substance and preparation containing such substances are also covered by this Schedule.
2. Preparations containing the above substances are also covered by this Schedule:
Provided, however, preparations containing Meprobamate 1289[***] in combination with other drugs may be exempted by the Licensing Authority specified in clause (b) of rule 21, from the provisions of this Schedule, if satisfactory evidence is adduced that these preparations are not liable to be misused.]",
17,Ethclorvynol,SCHEDULE X,"(See rules 23, 61, 75, 97 and 105A)",G.S.R. 360(E),01-07-2024,01-07-2024,848,"Notes.—l.Any stereiosometric form of the substance specified in this Schedule, any salt of the substance and preparation containing such substances are also covered by this Schedule.
2. Preparations containing the above substances are also covered by this Schedule:
Provided, however, preparations containing Meprobamate 1289[***] in combination with other drugs may be exempted by the Licensing Authority specified in clause (b) of rule 21, from the provisions of this Schedule, if satisfactory evidence is adduced that these preparations are not liable to be misused.]",
18,Methylphenobarbital,SCHEDULE X,"(See rules 23, 61, 75, 97 and 105A)",G.S.R. 360(E),01-07-2024,01-07-2024,848,"Notes.—l.Any stereiosometric form of the substance specified in this Schedule, any salt of the substance and preparation containing such substances are also covered by this Schedule.
2. Preparations containing the above substances are also covered by this Schedule:
Provided, however, preparations containing Meprobamate 1289[***] in combination with other drugs may be exempted by the Licensing Authority specified in clause (b) of rule 21, from the provisions of this Schedule, if satisfactory evidence is adduced that these preparations are not liable to be misused.]",
1,REQUIREMENTS AND GUIDELINES FOR PERMISSION TO IMPORT AND/OR MANUFACTURE OF NEW DRUGS FOR SALE OR TO UNDERTAKE CLINICAL TRIALS,SCHEDULE Y,"[See rules 122A, 122B, 122D, 122DA, 122DAA and 122E]",G.S.R. 360(E),01-07-2024,01-07-2024,848-929,,See Drugs & Cosmetic Rules 1945
1,"MEMORANDUM TO THE CENTRAL DRUGS LABORATORY (FORM 1, Form 1A, FORM 2, FORM 2A, FORM 8, FORM 8A, FORM 9, FORM 10, FORM 10A, FORM 11, FORM 11A, FORM 12, FORM 12A, FORM 12AA, CERTIFICATE, FORM 12B, FORM 13, FORM 13A, FORM 14A, FORM 14B, FORM 15, FORM 16, FORM 17, FORM 17A, FORM 18, FORM 18A, FORM 19, FORM 19A, FORM 19AA, FORM 19B, FORM 19C, FORM 20, FORM 20A, FORM 20B, FORM 20BB, FORM 20C, FORM 20D, FORM 20E, FORM 20F, FORM 20G, FORM 21, FORM 21A, FORM 21B, FORM 21BB, FORM 24, FORM 24A, FORM 24B, FORM 24C, FORM 24D, FORM 24E, FORM 24E-1, FORM 24F, FORM 25, FORM 25A, FORM 25B, FORM 25C, FORM 25D, FORM 25E, FORM 25F, FORM 26C, FORM 26D, FORM 26E-I, FORM 26E2-I, FORM 26E2-II, FORM 26 E3, FORM 26G, FORM 26-I, FORM 26J, FORM 27, FORM 27A, FORM 27B, FORM 27C, FORM 27D, FORM 27DA, FORM 27E, FORM 27F, FORM 28, FORM 28A, FORM 28B, FORM 28C, FORM 28D, FORM 28DA, FORM 28E, FORM 28F, FORM 29, FORM 30, FORM 35, FORM 36, FORM 37, FORM 38, FORM 39A, FORM 40, FORM 41, FORM 44, FORM 45, FORM 45A, FORM 46, FORM 46A, FORM 47, FORM 48, FORM 49, FORM 50, FORM 51, ",SCHEDULE A,(See rule 4),G.S.R. 360(E),01-07-2024,01-07-2024,208,,See Drugs & Cosmetic Rules 1945
